"sim_id","paid_2008","reserve_2008","cdr","l_over_be"
1,154961.722748979,212045.239621499,-1617.76237047749,0.00533715558700796
2,149578.056987962,207022.292583731,8788.8504283069,-0.0232177628393377
3,128892.674707444,197588.740057996,38907.7852345594,-0.107787341412893
4,146772.469128493,216297.343284569,2319.38758693828,-0.00954708912980238
5,140392.852172275,199114.573153993,25881.7746737321,-0.0701711177412522
6,147293.313710087,217777.502309897,318.383980015933,-0.00425193485136334
7,152980.583547788,214487.613586646,-2078.99713443447,0.00525097058993416
8,153244.928573118,207087.326387419,5056.94503946271,-0.0115757099473095
9,157971.128425069,213319.514647441,-5901.44307251013,0.0176110912954731
10,146847.00839374,214563.077973683,3979.11363257648,-0.0128423461512525
11,133934.164315523,208406.165989811,23048.8696946666,-0.0675417781254625
12,158894.080512563,218974.924674224,-12479.8051867862,0.0337324944513095
13,147398.516971948,209498.362281601,8492.32074645086,-0.0233861108948967
14,153919.872794223,218333.252834707,-6863.92562892981,0.0171781365837021
15,163519.075523478,223272.071699686,-21401.9472231633,0.0573422915743656
16,147732.324413073,208203.847921232,9453.02766569442,-0.0254042765812153
17,144980.187154899,209083.94128392,11325.0715611806,-0.0317945529617545
18,172110.140027607,221275.141461965,-27996.0814895712,0.0788689101877808
19,138779.988648002,201955.162785477,24654.0485665202,-0.0677675713935272
20,167753.222327671,221986.731915131,-24350.7542428026,0.0677733500060244
21,153570.474545254,214958.578681784,-3139.85322703799,0.00848857564018048
22,152652.545089716,215058.469754449,-2321.81484416471,0.00576139096796768
23,148452.536688688,210113.055079062,6823.60823225015,-0.019266292810497
24,151556.653689242,218942.499344078,-5109.95303331997,0.0119563423667335
25,162287.015627918,216778.078640846,-13675.8942687637,0.0394184445760404
26,152224.339879775,207053.75488374,6111.10523648531,-0.0151799463026002
27,165024.763797402,221755.919724149,-21391.4835215511,0.0593374200835683
28,153603.521518004,210006.574101049,1779.1043809476,-0.00313660969181298
29,139945.257878613,211185.043562734,14258.8985586538,-0.0421587610106801
30,152280.420696245,209399.980986318,3708.79831743747,-0.00886169573159633
31,137102.124613258,201184.3852376,27102.6901491423,-0.0741018723472691
32,169316.065984738,225868.612921259,-29795.4789059966,0.0813784041586009
33,150276.364575379,207159.518089782,7953.3173348385,-0.0207995888968195
34,154690.792003064,220633.653892021,-9935.24589508504,0.024763677476485
35,157938.184581523,220616.859213178,-13165.8437947002,0.0340782144740383
36,153822.106752743,206608.744520845,4958.34872641199,-0.0116193207941718
37,155042.267384217,220360.877063296,-10013.9444475127,0.0262798000423645
38,165126.38310892,212978.033987746,-12715.2170966659,0.0376121159721993
39,155664.678941609,218882.401128194,-9157.88006980304,0.0240226043679746
40,167534.950083631,223189.05143729,-25334.8015209212,0.0709107027597508
41,165428.190597905,217461.533482058,-17500.5240799639,0.0497139494789586
42,138681.024602244,209424.945217194,17283.2301805611,-0.0502722560963599
43,149278.111196354,219503.279281597,-3392.19047795079,0.00754297323232873
44,153066.810609599,219130.786682205,-6808.39729180449,0.0159850222626311
45,157929.723812158,223865.058169916,-16405.581982074,0.0431344374745454
46,154179.237653387,216578.299676844,-5368.3373302308,0.014005369414787
47,135892.335312467,203666.969882838,25829.8948046946,-0.0724569515525699
48,138060.660431462,215478.49371818,11850.0458503577,-0.0369861765372381
49,154556.773527139,220227.161299847,-9394.73482698528,0.0241427353271076
50,147231.921095774,209935.67310483,8221.60579939617,-0.02280892002169
51,153990.824621183,211955.494933383,-557.119554565346,0.00218055708362614
52,141905.669597152,205603.120808876,17880.4095939721,-0.0490828613040943
53,149560.571605671,212906.87404281,2921.7543515198,-0.00890105506146608
54,158935.609621689,214292.574231867,-7838.98385355627,0.0222980513712637
55,158753.946636734,218823.355607549,-12188.1022442825,0.03310722917736
56,134463.746415743,199708.024708001,31217.4288762559,-0.0855906499161518
57,152733.569656453,213190.051615398,-534.421271850762,0.000858272432641729
58,144280.322435457,209060.117281852,12048.7602826913,-0.033210171358627
59,157652.523256391,213496.035884095,-5759.35914048599,0.0169729910181257
60,159078.131022893,211156.262300571,-4845.19332346419,0.0160477499747611
61,173050.534095438,224245.326985987,-31906.6610814246,0.0886361382640369
62,169703.543400512,221929.071702779,-26243.4151032904,0.0734511795671943
63,150442.164506104,213992.550632052,954.484861844161,-0.00363472984642488
64,152358.882993746,222589.169402014,-9558.85239575972,0.0225167890849837
65,150753.514274345,208045.61388864,6590.07183701516,-0.0172714507685414
66,151955.517719631,210583.06403642,2850.61824394873,-0.00734100092165608
67,146853.847644386,208395.166871995,10140.1854836192,-0.0276639621038477
68,147815.360293245,208082.924747395,9490.91495935962,-0.0257112666864105
69,149809.53359609,208403.916471772,7175.74993213831,-0.0192089753872275
70,151831.459245234,211099.798865494,2457.94188927225,-0.0062518335250853
71,156097.878150976,216315.045312833,-7023.72346380883,0.0188723808428158
72,146562.019102109,211271.257120024,7555.9237778667,-0.021891388904143
73,153796.219400861,213408.783958476,-1815.80335933709,0.00581548273106978
74,141070.952247167,202902.275012445,21415.972740388,-0.0588199956244078
75,155501.433897121,213528.619754747,-3640.85365186766,0.0103250867636909
76,126620.829054876,201417.129897148,37351.2410479762,-0.105361598088138
77,152238.992654453,210030.006774665,3120.20057088189,-0.00774655252521714
78,133191.791057896,204369.069046462,27828.3398956418,-0.0789101746053551
79,156065.260852284,213201.797894166,-3877.85874644964,0.0115897097106219
80,140824.181070457,205114.284436583,19450.7344929607,-0.0544963022388682
81,159503.429082478,221535.025544299,-15649.254626777,0.041534945626803
82,182880.559687069,230669.456275047,-48160.8159621159,0.134205832111996
83,148665.643957969,210767.689699626,5955.86634240462,-0.0163359665592053
84,155810.857536086,214814.828927633,-5236.48646371934,0.0136400397756705
85,162012.490102439,219044.521753558,-15667.8118559971,0.0438972932530617
86,147671.484805713,222010.06060567,-4292.34541138262,0.00666613357429289
87,165505.866491943,217311.422351106,-17428.0888430492,0.0490214024772772
88,136830.370919507,211380.654724524,17178.1743559689,-0.0507058343731709
89,164121.812511947,220364.071686072,-19096.6841980187,0.0533664078099466
90,163920.636132816,214703.029262646,-13234.4653954624,0.0387634348990171
91,152706.289329257,211426.518444191,1256.39222655183,-0.0033173912672707
92,158028.135145454,215173.910197291,-7812.84534274595,0.0220812261481183
93,149678.377220291,220615.14811678,-4904.32533707068,0.0103202369734575
94,150945.615345454,212889.369347454,1554.21530709259,-0.00476240944582489
95,140558.066176353,202011.215761606,22819.9180620406,-0.0619733654387752
96,154317.415184086,216399.725045011,-5327.94022909674,0.0144340081358709
97,167782.823467997,224026.097883558,-26419.7213515551,0.0734101985555147
98,150269.270077868,209498.497039947,5621.43288218469,-0.0160376043700594
99,131818.48832054,197841.426020247,35729.2856592138,-0.0990831877191027
100,148664.060500158,210737.512077463,5987.62742237881,-0.0170569846993014
101,158421.312622715,221548.117913305,-14580.2305360198,0.0379963882357512
102,164533.154558857,217820.391123751,-16964.3456826077,0.0485196036120331
103,160975.339640928,221808.032407712,-17394.1720486392,0.0474795635239846
104,163543.695626516,212056.104408995,-10210.6000355108,0.0307951614417391
105,135323.948139667,204305.64029445,25759.6115658823,-0.0729498761903584
106,162397.197126677,220352.482809025,-17360.4799357019,0.0471872376709471
107,150586.498682642,205682.855305885,9119.84601147292,-0.0230053809342136
108,159785.95671691,220516.346389771,-14913.1031066813,0.040814708484628
109,132851.532709254,198977.409090476,33560.2582002696,-0.0929532350443163
110,161678.21174801,209940.214300201,-6229.22604821139,0.0202215695331218
111,153485.196887992,213974.523995132,-2070.52088312356,0.00476352370749729
112,152832.116401365,217321.672321523,-4764.5887228885,0.0111191359040101
113,154907.039239981,212051.274943337,-1569.11418331816,0.00508516666575864
114,143714.663626029,212336.516495101,9338.01987887023,-0.0273714336058591
115,154978.277066166,214586.715278353,-4175.79234451911,0.0111087618897154
116,144792.485393107,202598.776675141,17997.9379317521,-0.0483042579084026
117,167872.461309632,223856.178993325,-26339.440302957,0.0728802045178419
118,160928.28483507,217403.554834486,-12942.6396695559,0.0359707247050062
119,145979.50348432,204787.164733923,14622.5317817569,-0.039556288399864
120,138604.707048664,207291.868496809,19492.6244545265,-0.0556092540123103
121,154463.334860915,210904.601379458,21.2637596270652,0.00175218753980882
122,148712.449558992,207468.816617159,9207.93382384954,-0.0242082754778285
123,146586.639641505,204442.348907726,14360.2114507686,-0.0383671289006379
124,156423.771910982,210123.866791528,-1158.43870250951,0.00473949114447582
125,156247.210655062,213512.096483626,-4370.1071386885,0.0125896226720432
126,170468.783297823,216293.018836981,-21372.6021348035,0.0619225115431924
127,151843.370845222,209501.973486271,4043.85566850723,-0.0105130319682922
128,166056.817934056,221461.045871357,-22128.6638054133,0.0613981797897043
129,159209.354702106,222451.54736468,-16271.7020667857,0.0436550245961521
130,161173.461696285,239415.927898981,-35200.1895952655,0.0900587664589309
131,158842.290658943,217065.357793349,-10518.4484522924,0.0292843003545446
132,150719.258199087,211720.18749014,2949.75431077293,-0.00746136808609073
133,168259.40661482,223189.088017771,-26059.2946325911,0.0724849244715543
134,147455.831308801,210597.721215732,7335.64747546782,-0.0213337243396421
135,149007.739442361,213430.338641387,2951.12191625172,-0.00899738875362774
136,160587.883670562,213831.010827552,-9029.694498114,0.0260515314386643
137,149992.125771494,209720.778255858,5676.2959726479,-0.0151274055124434
138,152659.929797126,206763.144765397,5966.12543747661,-0.0145948754533686
139,160306.132766679,209533.048035492,-4449.98080217093,0.0157472161722965
140,162192.780886155,221267.412454096,-18070.9933402512,0.0493205893941418
141,158833.751121096,212661.413996666,-6105.96511776192,0.0184722238108909
142,155682.483039644,215098.167371775,-5391.45041141968,0.0147320751992478
143,155334.326980245,219673.668635179,-9618.79561542446,0.0246594872109213
144,149740.950798905,212275.933431651,3372.31576944329,-0.0105333568381185
145,156989.134673623,209860.787437608,-1460.72211123101,0.0058814653734082
146,164204.690189336,216924.255800018,-15739.7459893539,0.04523684613009
147,166481.512132057,215673.427113441,-16765.7392454981,0.0488802242152467
148,150997.181877353,210636.176582333,3755.84154031385,-0.00950531280138392
149,159270.114077273,215104.517828656,-8985.43190592848,0.0258661680419524
150,155195.383446608,214670.14191486,-4476.32536146796,0.012991645847004
151,162580.007294529,217477.860831263,-14668.6681257927,0.0414431428874686
152,143865.359654409,200910.730437449,20613.1099081415,-0.0554036858753231
153,155231.919178857,213160.565119692,-3003.28429854912,0.00857577200981275
154,153845.309498372,213056.721162744,-1512.83066111553,0.00483040252753609
155,162378.442248263,218753.33056205,-15742.5728103133,0.0441927797509872
156,151644.373236537,214833.113768263,-1088.28700479964,0.0022963413533919
157,153530.955587777,213975.021054648,-2116.77664242481,0.00481035366204687
158,165310.207911084,225847.67941464,-25768.6873257242,0.0706054101699021
159,175773.245683127,223794.277040589,-34178.3227237166,0.0962093316081579
160,172342.755185476,220592.269913175,-27545.8250986513,0.0786215174556789
161,158151.125413562,213113.737864223,-5875.66327778489,0.0179275280565362
162,157500.927496392,219320.016230175,-11431.7437265677,0.0306893308569225
163,161776.229595301,217938.944548319,-14325.9741436194,0.0406967272148375
164,139573.769524606,204368.43968072,21446.9907946733,-0.059765166270598
165,159096.6311278,215006.331127176,-8713.76225497579,0.0247140677812208
166,141182.532554152,204761.690283921,19444.9771619262,-0.0537165529939455
167,160034.505571439,219072.994591109,-13718.3001625481,0.0372739339599473
168,156354.569186554,212075.596353047,-3040.96553960064,0.0106813224491767
169,151853.958113667,210199.88021374,3335.36167259322,-0.00859418346922503
170,167619.275535414,227833.029735498,-30063.1052709123,0.0811046718189029
171,141305.947022513,199452.625536087,24630.6274413998,-0.0664202885097659
172,148410.62296318,205676.443543697,11302.1334931232,-0.029686065286321
173,156510.610367218,216305.513552557,-7426.92391977523,0.0207445379135535
174,162371.722913602,220418.877378827,-17401.4002924294,0.0475709111481097
175,138410.77098752,201788.441307274,25189.9877052062,-0.0691585360689807
176,158813.802744435,217472.106974133,-10896.7097185682,0.0304110617742759
177,152099.256865923,210331.234732182,2958.70840189478,-0.00700170951273008
178,154749.149957256,211300.046409902,-659.996367158194,0.00188422453233602
179,157093.070233823,209363.125478432,-1066.99571225495,0.0056316058761743
180,136877.28445207,203085.624810416,25426.2907375141,-0.0701805472932516
181,154117.349827049,213551.160328374,-2279.31015542272,0.00675402942832044
182,167157.829917974,213443.029748173,-15211.6596661469,0.0455869388849085
183,154077.946096486,214202.528197966,-2891.27429445129,0.00819390214506365
184,144106.63503091,203143.075011602,18139.4899574881,-0.0487803366851733
185,163122.481414349,214868.210145147,-12601.491559496,0.0366224964997886
186,150963.602681513,209412.876060087,5012.72125840007,-0.0132277201198999
187,148727.862390521,207059.858196165,9601.47941331391,-0.0258618965998246
188,133906.449141082,205719.203516407,25763.5473425118,-0.0728883648103489
189,157506.62251493,217757.971808304,-9875.39432323381,0.0264118039044864
190,148861.565043681,208387.771038617,8139.86391770182,-0.0218316093322488
191,155533.345995608,220677.912365404,-10822.0583610122,0.0277769744480092
192,163857.093287202,217528.95008775,-15996.8433749527,0.0456316015457623
193,165644.237858066,225192.161962961,-25447.1998210278,0.0700185532015802
194,160174.181608194,213288.420717553,-8073.40232574759,0.0246485638657231
195,167899.829013056,218728.576297193,-21239.2053102488,0.0604478774120618
196,142961.26621324,201513.139288748,20914.7944980123,-0.0559774383462301
197,153796.487406521,214980.511229978,-3387.7986364995,0.00932685222310018
198,148045.225013265,211984.154051283,5359.82093545195,-0.0153924181184114
199,183985.163033505,237970.895478322,-56566.8585118276,0.154283071507904
200,169709.648115874,219107.965030399,-23428.4131462727,0.067308739615938
201,150770.578080806,210887.76412461,3730.85779458476,-0.0104542955450425
202,136638.425627924,197767.529800072,30983.2445720041,-0.084398996800333
203,142750.294222435,210213.541393051,12425.3643845139,-0.0359941299546286
204,178549.600883309,226313.767806429,-39474.1686897381,0.110950816496565
205,133656.813763613,200818.12605176,30914.2601846276,-0.0856857671513935
206,151986.550766985,212666.521744153,736.127488862548,-0.00232171616460748
207,155103.237690688,207062.719777275,3223.24253203714,-0.00636359745940402
208,157479.771810891,222508.24673103,-14598.8185419207,0.0383322703892336
209,162913.5276708,228454.465965289,-25978.7936360892,0.0688597496105729
210,157692.644012057,210851.045249559,-3154.48926161585,0.0110619603128537
211,157115.145181629,220367.261653094,-12093.206834723,0.0323016983066777
212,142953.341437064,204907.12798748,17528.7305754559,-0.0480716126307142
213,148254.94547339,209518.360907744,7615.89361886663,-0.0212660355401121
214,146331.512119737,207745.754264504,11311.9336157597,-0.0310501658140351
215,143341.512422827,208389.270209444,13658.4173677286,-0.0383572783798638
216,152048.482827122,218723.018343181,-5382.30117030366,0.012910383534025
217,142511.775958943,206834.39735553,16043.0266855269,-0.0452995352107449
218,146588.153413996,205462.791909471,13338.2546765333,-0.0353114905722707
219,154293.79574853,214930.807274254,-3835.40302278323,0.011382649137615
220,176212.91822787,219767.051431533,-30590.7696594027,0.0872743360258253
221,144026.504974577,210021.302816159,11341.3922092643,-0.0322442918177066
222,146643.738860599,204743.976671862,14001.4844675388,-0.0374261247956948
223,154385.708260344,212341.208213893,-1337.71647423698,0.00378504225503402
224,164161.119160624,220323.86577139,-19095.7849320144,0.0534612704321753
225,146462.515730255,199775.364297503,19151.3199722424,-0.0500848874977667
226,145850.627643275,209168.066644275,10370.50571245,-0.0285462572281217
227,165059.510416339,214994.818120976,-14665.1285373144,0.0432610641492108
228,143658.883990288,205603.382878963,16126.9331307486,-0.0446451796826828
229,148318.946942275,216297.951641452,772.301416273054,-0.004545743731651
230,154442.685956248,221339.384552997,-10392.8705092455,0.0259599514896678
231,143928.342203648,203068.660870295,18392.1969260569,-0.0499789812713469
232,149742.251995949,213207.110889751,2439.83711430029,-0.00782839439783463
233,146117.770208379,206339.556305149,12931.873486472,-0.0347574900921159
234,156915.156241134,209768.991202268,-1294.9474434015,0.00586608233308519
235,156478.436876273,216047.466022208,-7136.70289848116,0.0200146527905715
236,163863.715909713,213776.104941229,-12250.6208509412,0.0360737838813407
237,137170.202025238,201620.156393266,26598.841581496,-0.0734762424179802
238,163907.111494003,216622.860731779,-15140.7722257827,0.042585182849922
239,134091.297706181,210830.615184494,20467.2871093249,-0.0599840708022721
240,144191.195834925,220255.746275918,942.257889157743,-0.00770460813021596
241,144944.030486727,203078.909034946,17366.2604783265,-0.0467989565239381
242,160196.629525781,216264.431967689,-11071.8614934704,0.0308111103742282
243,151824.583933848,205820.262156499,7744.3539096525,-0.0194593763366382
244,149088.626549981,205774.603129375,10525.9703206444,-0.0273152559342886
245,139302.425360924,204268.382523742,21818.392115334,-0.0608033287681036
246,156664.009320075,215626.461712061,-6901.27103213611,0.0191945621517915
247,141403.922236679,215411.033672293,8574.244091028,-0.0272534692568833
248,147518.853286413,207488.15780917,10382.1889044169,-0.0279053388201611
249,141555.269462285,204212.204651671,19621.725886044,-0.0541820737029585
250,148293.886089444,206130.108704918,10965.2052056381,-0.0291844315840541
251,152165.940088743,209875.693708091,3347.56620316557,-0.0090874137841857
252,165013.848836822,215543.384788127,-15168.0336249484,0.0436711970322275
253,137179.629635127,210094.104906143,18115.4654587304,-0.0531290217559825
254,139423.704279375,201041.319924822,24924.175795803,-0.0687270680859624
255,155623.36956331,214309.409477037,-4543.57904034731,0.0130294009241082
256,147931.286190508,206706.614746877,10751.2990626152,-0.0289079034154199
257,159753.190286124,215078.508278453,-9442.49856457609,0.0266117519165258
258,143909.530309118,207521.070588911,13958.5991019714,-0.0387573181519935
259,155707.267139823,219825.862315493,-10143.9294553163,0.0269897743906736
260,140932.903505143,206424.309490219,18031.9870046377,-0.0497115990085836
261,160851.494479374,220370.867102513,-15833.1615818867,0.0429432745511618
262,141477.874194765,207683.708252662,16227.6175525726,-0.0462331425613887
263,138802.600908408,197293.446852309,29293.1522392833,-0.0795965398741642
264,158938.616545536,214734.705625361,-8284.12217089662,0.0240673578734392
265,141725.050882365,201327.674944557,22336.474173078,-0.0602597768402682
266,152504.223975273,205450.617200876,7434.35882385104,-0.0179844993012831
267,176491.244283256,230026.247274458,-41128.2915577138,0.114056423357715
268,154177.960634372,211525.908480803,-314.669115174736,0.0017841150499701
269,155209.603100211,208585.737888051,1593.8590117378,-0.00309478724773684
270,142280.691365119,202695.862087874,20412.6465470063,-0.0558710927569073
271,136505.430047423,201609.498800958,27274.2711516186,-0.075297604660376
272,154241.13593582,218544.937479672,-7396.87341549172,0.0185617087651724
273,153947.188469471,215270.555567199,-3828.54403667024,0.0101028450204767
274,159994.787640447,222885.204470465,-17490.7921109119,0.0466515664067392
275,158937.273342005,219234.718542277,-12782.7918842821,0.0350124281902303
276,163920.20204432,220712.533095282,-19243.5351396029,0.0532658170950128
277,162343.08013098,218661.897824593,-15615.7779555731,0.0444198138429828
278,148641.799130871,209896.651737475,6850.74913165334,-0.0184269895519635
279,161004.06350101,213195.683477813,-8810.54697882227,0.0254501491811062
280,134915.730423289,200699.399099076,29774.070477635,-0.0825340445557135
281,159551.304802391,220934.741454738,-15096.8462571283,0.0405549017467676
282,154614.958433991,214264.849114116,-3490.60754810722,0.00985719491467076
283,165147.282085003,224238.655683719,-23996.7377687215,0.0655515965079231
284,153036.795890081,215356.640374969,-3004.23626504932,0.0075913762900444
285,150343.071206271,208807.269979927,6238.85881380184,-0.0160410435330452
286,163344.751475645,216887.550228561,-14843.1017042058,0.0427955060864839
287,159087.403094083,220771.205550835,-14469.4086449176,0.038882425960258
288,119271.906007201,191043.819906911,55073.4740858885,-0.15339504188217
289,148238.522755385,215555.579409373,1595.09783524211,-0.00655958724141476
290,146833.152683567,222421.591978367,-3865.54466193449,0.00606313939348159
291,155651.870910298,211078.222910901,-1340.89382119902,0.00386721240537632
292,150222.855635472,207847.720739768,7318.6236247599,-0.0194949481045437
293,140669.523842756,211825.8873227,12893.7888345433,-0.0378220246037038
294,151501.869462768,210085.517441597,3801.81309563463,-0.0102476172299021
295,137998.625284148,202210.942541243,25179.6321746095,-0.069632398215125
296,145724.869042921,204810.854703179,14853.4762539004,-0.0402570760079003
297,158543.561298421,212441.748856981,-5596.11015540158,0.0171599919427884
298,153131.63975294,213230.657888463,-973.097641403263,0.00317614005998363
299,170156.162444543,217225.699654392,-21992.6620989355,0.0633741776115758
300,145999.666518409,205659.947130915,13729.5863506764,-0.0377380439728986
301,156198.232501233,220371.435924038,-11180.4684252713,0.0291332715227925
302,135733.872697147,201471.466557852,28183.8607450009,-0.0780407976554581
303,149744.831913441,204950.204437599,10694.1636489602,-0.0271301143742736
304,153816.547580985,208639.513370765,2933.13904825033,-0.00630056484735429
305,161040.878437967,217914.355290455,-13566.0337284216,0.0375751240173991
306,150160.594077715,220433.882127094,-5205.27620480949,0.0117268144350864
307,168274.104920166,229875.863975377,-32760.7688955436,0.0884072663085199
308,155568.617763734,215886.545932836,-6065.96369657031,0.0168977410007917
309,135971.028462713,205639.268374232,23778.9031630547,-0.0670469293256466
310,158718.259638134,221944.559441642,-15273.619079776,0.0400536689491494
311,138487.074545542,204718.530179776,22183.5952746826,-0.0622794077432668
312,146707.861301623,209956.020597797,8725.31810058077,-0.0239454182647483
313,156907.35187071,215549.213453465,-7067.36532417452,0.019737618619212
314,135663.30420948,199248.184761469,30477.7110290513,-0.0837370654654331
315,146466.112540527,201931.771754918,16991.3157045546,-0.0454814714947281
316,154623.707390542,211040.6924215,-275.199812042294,0.0023353979197717
317,135187.259729715,207070.711642183,23131.2286281026,-0.0671393971834624
318,158797.662966445,215036.416521934,-8444.87948837929,0.0251796569771882
319,149864.984910303,218116.392680308,-2592.17759061157,0.00417363517486259
320,152571.2931833,206878.746810441,5939.16000625893,-0.0149825571185191
321,150667.200530197,208920.686362199,5801.31310760428,-0.0156157938841447
322,140400.864101367,201472.452073082,23515.8838255502,-0.0641516333534292
323,159681.988528945,214590.997345256,-8883.78587420139,0.0258601946082317
324,152234.977037155,215564.406644277,-2410.18368143198,0.00571953072509788
325,155936.595970267,211225.1361287,-1772.53209896717,0.00568154906029625
326,152138.75545828,212830.096537348,420.348004371568,-0.000799541483893108
327,165548.700733909,217636.429118682,-17795.9298525913,0.0511274676232646
328,179276.422051869,227790.579186236,-41677.8012381046,0.11613015984486
329,176355.781383215,221800.960900956,-32767.5422841708,0.0932693134611131
330,152366.268214262,211017.738414825,2005.19337091298,-0.00551858916431609
331,152236.38570528,212245.26571096,907.548583759519,-0.00205656680755615
332,149456.74876761,212328.889450082,3603.56178230798,-0.010269431036603
333,139674.814959482,203286.278641384,22428.1063991332,-0.0619302614686353
334,136814.057857915,202783.108363138,25792.0337789468,-0.0720632965250442
335,157325.180062452,215153.25510592,-7089.23516837211,0.0199041161266664
336,145594.846694123,207581.630084636,12212.7232212412,-0.0337208164340589
337,151627.508345241,211350.144470558,2411.54718420084,-0.00596313109434843
338,148155.026637475,212451.448291973,4782.72507055174,-0.0144567973948902
339,137240.405527301,206566.642616026,21582.1518566731,-0.0611657594065251
340,157842.794348599,213118.34786012,-5571.94220871915,0.0162704556731292
341,152267.674949352,219568.841362704,-6447.31631205633,0.0151981640661806
342,138498.750930044,201529.914216441,25360.5348535146,-0.0696649295498038
343,164057.206905029,215893.231292041,-14561.2381970699,0.042081834836608
344,132775.833294162,204954.030752705,27659.3359531328,-0.0786447557766474
345,161477.067442298,225400.872881128,-21488.7403234261,0.0570811260374664
346,148868.835705345,220570.408287263,-4050.04399260849,0.00704470111869021
347,148238.83482689,210581.5151486,6568.85002450988,-0.0187164067852461
348,162209.646750331,223367.625122762,-20188.0718730937,0.0539753152602215
349,147874.01074611,202840.671960458,14674.5172934321,-0.0381913092973176
350,150785.171298679,217581.050195623,-2977.02149430237,0.00661557652899299
351,141950.691381026,206413.257805517,17025.2508134577,-0.0467137483366654
352,153064.015656264,212139.47092368,185.713420055865,-0.000687076292730522
353,160992.709147586,216045.722869542,-11649.2320171288,0.0319745508664636
354,154659.646869862,211263.15553138,-533.602401242068,0.00248755561403154
355,168402.895215592,214643.380458606,-17657.0756741976,0.0519994475473044
356,160229.219284905,221538.208887593,-16378.2281724987,0.0438351098753288
357,148336.46945747,212443.680779238,4609.04976329254,-0.0134048392572989
358,144865.740793392,209718.05355028,10805.4056563274,-0.0302828253222348
359,151042.767691288,210654.572887596,3691.85942111583,-0.00981002005050689
360,157208.159680082,215209.663396425,-7028.62307650648,0.0192514724325553
361,169079.079310565,239668.469343566,-43358.348654131,0.11457064134312
362,150527.538409189,208517.644783112,6344.01680769882,-0.016585042943724
363,150221.979719664,210988.516931158,4178.70334917743,-0.0110873338729287
364,140973.413475667,201041.456633175,23374.3298911582,-0.0631791092925817
365,153565.806993588,213552.480012571,-1729.0870061586,0.00433053237773273
366,141062.395758764,203229.659380069,21097.1448611666,-0.0571953934981767
367,154679.035321256,217830.855388925,-7120.69071018079,0.018532567711436
368,154263.116449092,215275.146673936,-4149.0631230275,0.0112861972521668
369,156665.600868603,210366.96861072,-1643.36947932345,0.00649756827753641
370,162193.479243917,216719.034150453,-13523.3133943703,0.0376829249972086
371,148338.766192537,207023.375510825,10027.0582966382,-0.0265295652523422
372,154448.176139768,209336.913170605,1604.11068962695,-0.00347479575082718
373,162979.328757743,219916.708644156,-17506.8374018995,0.0482273123230336
374,156140.683823661,215629.351097594,-6380.83492125449,0.0176722808964638
375,152225.432677966,209943.789063361,3219.9782586724,-0.00903623542944697
376,153475.313310079,211230.977073834,682.90961608704,-0.000884526990184259
377,155128.649614103,218195.113256035,-7934.56287013838,0.0197521722422772
378,157717.356223899,209022.994302528,-1351.15052642691,0.0054211115796457
379,150071.40489715,217324.005309071,-2006.21020622062,0.00237652687676771
380,159025.324703577,212953.830851681,-6589.95555525849,0.0198513537896807
381,161113.996739682,215887.218865667,-11612.0156053485,0.0337478204134458
382,160708.679350365,220611.008910313,-15930.4882606773,0.0435012323395863
383,178930.574158711,226945.871276016,-40487.2454347271,0.113674026028923
384,166390.673514839,218329.176949931,-19330.6504647696,0.0549983144114162
385,158154.420869297,209955.280435992,-2720.50130528852,0.00957442769486894
386,160204.092698931,214582.730394856,-9397.62309378671,0.0270247597940009
387,154975.042122803,211290.825142493,-876.667265296157,0.00362181141322206
388,150416.347321248,205244.207418823,9728.64525992941,-0.0242734657931545
389,138852.633397703,205750.607614208,20785.9589880894,-0.0583309348905078
390,151187.943556139,208359.705302145,5841.55114171613,-0.0150581830023618
391,156968.061848379,214229.368343197,-5808.23019157647,0.0162392446741445
392,138028.719962131,205849.060751536,21511.4192863325,-0.061321806680023
393,148821.416871763,210533.809905944,6033.97322229284,-0.0174188916886808
394,136355.508369883,202310.178016419,26723.5136136974,-0.0743989142938269
395,152658.468528607,208856.286182965,3874.44528842758,-0.00898689162483633
396,166922.131488615,215169.441169227,-16702.3726578419,0.0484021821622357
397,157077.305968116,222547.356425331,-14235.4623934471,0.0369628212242431
398,146586.669572635,212308.762562841,6493.76786452433,-0.0193058545927319
399,164522.225881762,214068.873640254,-13201.8995220159,0.0383541571191506
400,158576.953957337,214583.409273564,-7771.16323090083,0.0230914522118545
401,162888.629758807,220569.82655506,-18069.2563138666,0.0494846359000729
402,168061.649806247,221838.92974847,-24511.3795547176,0.0692171385651114
403,145176.564803912,203821.680184944,16390.9550111445,-0.0438306735254149
404,163183.834322579,221674.904290275,-19469.5386128541,0.053290391887339
405,140868.461542447,204845.219730779,19675.518726774,-0.0544434869284901
406,167881.848747638,225766.260975844,-28258.9097234819,0.0778779824262429
407,145515.510485775,205390.714635208,14482.9748790169,-0.0387966211974475
408,150278.567484794,209276.892333515,5833.7401816913,-0.0156515360687693
409,173188.734641807,223624.350896785,-31423.8855385919,0.0881554172149947
410,164904.187571264,216405.267161626,-15920.2547328906,0.0456538200428976
411,138286.023867414,204148.43286417,22954.7432684156,-0.0645007321615395
412,169588.400473702,224861.547889483,-29060.7483631852,0.0806000790816881
413,145326.480001043,205705.424934247,14357.2950647104,-0.0389030994654464
414,159626.325985109,223006.378116414,-17243.5041015234,0.046549637272015
415,143189.384711255,199644.728504698,22555.086784047,-0.0601586250790116
416,150288.252524674,211126.23502883,3974.71244649537,-0.0109597779523479
417,162309.146301639,211419.552414383,-8339.49871602218,0.0255199883034365
418,145311.697359868,206155.673119831,13921.8295203001,-0.0378144182731004
419,160511.00068768,213827.775798113,-8949.57648579375,0.0258004170899262
420,128851.5859408,199029.282979767,37508.3310794331,-0.104652018983403
421,159685.846530952,206830.8744595,-1127.52099045215,0.0065202395459679
422,148413.157356085,214943.291728372,2032.75091554323,-0.00754098804860036
423,143287.99633652,211151.036725116,10950.1669383642,-0.0315501493425417
424,167819.139732911,220811.686032084,-23241.6257649944,0.064285612618177
425,146148.978163761,210284.237230239,8955.98460599995,-0.0256692388474087
426,146927.173984602,203884.272383432,14577.7536319659,-0.0388986283471312
427,164956.217406579,216441.7955379,-16008.8129444786,0.046050908205136
428,152820.246647641,209020.510425133,3548.4429272252,-0.00848447187634453
429,166433.502288557,225514.807073902,-26559.109362459,0.0722359245056293
430,138756.875700289,204247.837578084,22384.4867216272,-0.0624201023923566
431,154599.274686679,219294.470420117,-8504.54510679626,0.0220528661745063
432,159741.965766314,217055.715951367,-11408.4817176815,0.0319137914862102
433,172913.203651149,228496.556704529,-36020.5603556774,0.0995064038312552
434,143026.787399613,205854.399348089,16508.0132522976,-0.0451037360252053
435,149211.355809068,210571.83759233,5606.00659860199,-0.0155655659800833
436,167430.632387285,226968.004764221,-29009.437151506,0.0785602728475256
437,147349.299976135,207742.307642314,10297.5923815506,-0.0276363612421098
438,143855.952928464,207925.408980185,13607.8380913501,-0.0373443619947527
439,150699.900932805,211284.089166685,3405.20990051021,-0.00890461624932615
440,153463.308247484,219368.82936549,-7442.93761297403,0.0173581886887432
441,145440.713736879,210335.453381941,9613.03288118,-0.0274323497714475
442,141756.096185756,203552.458471615,20080.6453426292,-0.0551112938843092
443,157462.077380518,216151.40826098,-8224.28564149863,0.0234777381506116
444,147710.942497224,209846.522794004,7831.73470877134,-0.0212837708742443
445,161634.169265157,222408.833666701,-18653.8029318579,0.0491638187378077
446,149235.564466148,212422.618658606,3731.01687524567,-0.0112228961810786
447,169308.945419207,223627.612858948,-27547.3582781554,0.076064543971162
448,151445.302573702,209727.915783196,4215.98164310231,-0.0107303770741802
449,156311.826007193,228083.040479335,-19005.6664865289,0.0477230232165713
450,160459.396450694,221301.412486037,-16371.6089367306,0.0450441393540099
451,136629.460390639,196256.640840657,32503.0987687039,-0.0882616681303604
452,168041.609782378,227079.512440115,-29731.922222493,0.080153773670856
453,155904.536390085,211980.163248809,-2495.4996388944,0.00779682488442942
454,160569.808765902,214762.629649432,-9943.23841533362,0.0300094703747969
455,135940.83466925,200994.610533447,28453.7547973029,-0.0790947623663459
456,147345.234232589,209404.472380902,8639.49338650849,-0.0245201661308061
457,160189.372402778,211602.761901228,-6402.93430400564,0.0202573740362398
458,171771.792903566,223583.043137728,-29965.6360412943,0.0835950852219138
459,156180.012946986,216254.697375225,-7045.51032221073,0.018856877214743
460,157274.677726897,214235.192610405,-6120.67033730209,0.0184022129912322
461,147244.55188092,206800.603016498,11344.0451025823,-0.0308146639416718
462,148124.173705209,213907.681320828,3357.34497396281,-0.0108268753388046
463,149574.224020702,219945.410431463,-4130.43445216538,0.00824180563445709
464,144910.411040455,208341.798773041,12136.9901865047,-0.0337164884720335
465,159828.642196712,212782.00301481,-7221.44521152257,0.02193004045409
466,142623.997149405,213356.243852139,9408.95899845677,-0.0284944790826906
467,169269.45641307,220719.011670144,-24599.2680832134,0.0694013187498627
468,157415.292226685,217145.641101715,-9171.73332839989,0.0250972897408175
469,160287.500982862,221499.342877708,-16397.6438605704,0.0442102238915164
470,159180.241822656,217709.243584771,-11500.2854074274,0.0319093018228871
471,130805.083886422,196828.150665428,37755.9654481501,-0.103675083615278
472,142145.876039434,205850.766892157,17392.5570684083,-0.0484546129622529
473,156301.868221685,216367.295209747,-7279.96343143244,0.019927951782852
474,142966.362423932,204953.204631241,17469.6329448267,-0.0474459896582023
475,167313.595784021,225093.52214422,-27017.9179282414,0.0728236365746011
476,161856.869269113,218524.866128563,-14992.5353976752,0.0418927651860821
477,151910.368954023,210173.175273572,3305.65577240469,-0.00909501715977392
478,146628.095977238,206031.865194094,12729.2388286684,-0.0340313556453276
479,149105.729799002,211081.155334009,5202.31486698898,-0.0152676749562248
480,146093.818874914,206506.925512123,12788.4556129632,-0.0346437026842512
481,147773.739094049,212323.570407329,5291.89049862156,-0.0158967588453866
482,142201.449795416,201530.727806914,21657.02239767,-0.05829980817503
483,146097.097175146,201519.790573963,17772.3122508914,-0.0470669017084472
484,155177.780696455,213359.597639205,-3148.17833565961,0.00934541321665286
485,164103.702694682,230733.407833167,-29447.9105278489,0.0775162268424447
486,140474.119021784,206906.946492572,18008.134485644,-0.0509794832858075
487,142443.264426068,203432.154849853,19513.7807240792,-0.0533128076018878
488,172690.373704661,222754.580191703,-30055.7538963643,0.0839495516779736
489,155021.99445028,213288.673882366,-2921.46833264577,0.00809864737850346
490,166977.932575224,218034.633892163,-19623.366467387,0.0564934633141917
491,155443.468394005,225309.664538793,-15363.9329327981,0.0376543911682133
492,161243.229235693,220814.631719117,-16668.6609548098,0.0452269149612882
493,165493.960268236,222818.055029792,-22922.8152980275,0.0630068856784644
494,165793.561926636,220151.198154726,-20555.5600813619,0.0570956228224269
495,150115.966860718,210665.926260915,4607.30687836657,-0.0127065420851263
496,152002.520761828,209319.8959789,4066.78325927217,-0.0104434829179072
497,147024.263193625,208993.668071808,9371.26873456716,-0.0260813166979458
498,143282.76064924,209266.377662082,12840.0616886783,-0.0369356094376916
499,145912.551005676,205668.028349254,13808.62064507,-0.0370938429992281
500,154144.270542873,216252.587410706,-5007.65795357869,0.0132656687707758
501,161634.526910866,219062.641836615,-15307.9687474809,0.0419786883032225
502,143962.839358082,203121.904996027,18304.4556458905,-0.0489481280156315
503,155696.055564919,212542.448588263,-2849.3041531819,0.00880821104881007
504,155403.456219497,209897.169398425,88.5743820786593,0.00127654129138575
505,167199.832758856,223010.50018117,-24821.1329400256,0.0680014241292455
506,135190.466572653,203047.881587671,27150.8518396764,-0.0753283300346143
507,144515.512864509,204498.845964099,16374.8411713918,-0.0444956417492196
508,153605.014339269,219040.769100575,-7256.58343984367,0.0185782462603659
509,157010.447599242,213357.673756874,-4978.92135611636,0.0146953563393885
510,151261.303068902,211479.523138388,2648.37379271007,-0.00740631726770351
511,162531.36893311,216987.670143091,-14129.8390762011,0.0396985952493437
512,151579.145935412,208260.564448725,5549.48961586267,-0.0143525347474474
513,142349.401865327,210340.73312918,12699.0650054933,-0.0368877530830167
514,149559.634902029,214821.639624522,1007.925473449,-0.0042843720594107
515,147085.081969316,210350.088525661,7954.02950502333,-0.0224101532093321
516,160889.672488871,212295.932070145,-7796.40455901582,0.0232288851437673
517,160516.194684418,209501.600075987,-4628.59476040461,0.0147519913356804
518,149655.92234735,209038.785774871,6694.49187777896,-0.0183218015199579
519,150753.402763112,218195.67863195,-3559.8813950615,0.00738736097015693
520,149752.185126581,217923.511912467,-2286.49703904736,0.00308591596445093
521,150201.93684244,209614.773767295,5572.48939026525,-0.0151950095043035
522,146032.986346261,207547.789694511,11808.4239592277,-0.0318130554655639
523,145082.728041442,205719.490129141,14586.9818294164,-0.0391927707176217
524,167352.722781776,217452.813145758,-19416.3359275343,0.0559884293748353
525,159444.393102328,217803.797609575,-11858.9907119027,0.0326304066613314
526,141102.104428563,206005.290766196,18281.8048052411,-0.0508292449558337
527,148361.08538754,213401.650907607,3626.46370485262,-0.0114294249181016
528,136872.089738732,199065.823736723,29451.2865245454,-0.0799426220096988
529,142541.081172456,206367.501925849,16480.6169016959,-0.0461429719389434
530,161572.938407874,216572.846316442,-12756.5847243155,0.0368049779564229
531,141411.199676341,204120.070278437,19857.9300452219,-0.0543847875877131
532,139437.313515124,203676.286615346,22275.5998695301,-0.0614195350212242
533,167702.311116736,215422.944933609,-17736.0560503452,0.051471646820956
534,154791.274656538,210457.597579711,140.327763750625,0.00118392474427785
535,152500.772228304,209116.997018412,3771.43075328396,-0.00916902932214955
536,156963.702021883,216380.175945061,-7954.677966944,0.0220925536801862
537,156455.242660714,222308.957344835,-13375.0000055495,0.0342856410080491
538,143465.564566867,204159.226486401,17764.4089467323,-0.0483944192058726
539,159290.916841173,216192.270916772,-10093.987757945,0.0289006728270859
540,156341.08374996,208543.815744898,504.300505142251,0.000952285826276767
541,166361.809184243,219678.718568927,-20651.3277531706,0.0587282104615199
542,137194.843456263,209193.396527553,19000.9600161842,-0.0551346310408758
543,144516.693798555,205613.007677519,15259.4985239264,-0.0417526014727868
544,168082.626128187,223239.96731101,-25933.3934391962,0.0718904478047278
545,172418.082774552,223525.126606315,-30554.0093808671,0.0859973216410085
546,152253.015400247,214271.562538015,-1135.37793826172,0.00256542987577344
547,181243.041425016,229171.042580389,-45024.8840054048,0.125880380370077
548,159026.703208809,219227.335277922,-12864.8384867309,0.0355434324890958
549,162542.787271227,218035.059544349,-15188.6468155761,0.0412457299559005
550,162836.048090552,217319.357152609,-14766.2052431604,0.0413194551178259
551,165008.08311889,218711.343269928,-18330.2263888178,0.0517525569866292
552,154548.303252369,212645.80516779,-1804.90842015902,0.00550165167628358
553,138834.002823324,202429.683036153,24125.5141405236,-0.0666044330448598
554,147441.286645205,203086.820020396,14861.0933343993,-0.0388720682781066
555,149019.719650061,209167.390435793,7202.08991414559,-0.0194274001851734
556,153988.081849005,212750.096600328,-1348.97844933294,0.00444929878532571
557,144545.016642942,211158.905690122,9685.27766693634,-0.0287879931569074
558,169547.410173336,221992.882998262,-26151.0931715982,0.0725379144608544
559,145059.356275071,219696.668102598,633.175622330687,-0.00484100353025848
560,167773.932778596,220612.469611821,-22997.2023904168,0.0646443038780187
561,130277.520064086,196932.172012846,38179.5079230677,-0.105059625189052
562,145695.964773815,207905.568285146,11787.6669410393,-0.0324053909025169
563,154675.03790793,223611.735095153,-12897.5730030829,0.032818630737928
564,144882.608974589,207579.458366886,12927.1326585251,-0.0352407548188125
565,147003.499131726,206420.864615902,11964.8362523725,-0.0320306193119951
566,163159.14714466,218812.069728716,-16582.0168733762,0.0464769689719528
567,156273.35715896,214723.662367307,-5607.81952626706,0.0163213588300868
568,153303.307306299,213723.282585482,-1637.38989178126,0.00368725053967986
569,134577.190610942,205707.633446594,25104.3759424645,-0.0714566979168275
570,155687.621278215,214835.640914797,-5134.06219301204,0.0144815583368863
571,150642.614750809,210431.31646156,4315.26878763136,-0.010353501025384
572,165731.206702892,222969.444792328,-23311.4514952197,0.0644755810112926
573,158977.647551119,215950.165661445,-9538.61321256356,0.0260125913003969
574,165816.79728817,222085.166255327,-22512.763543497,0.0631566297082953
575,145126.447822711,206774.372493926,13488.3796833625,-0.0371249031861099
576,128733.83316596,197583.261119082,39072.1057149583,-0.108904034430622
577,150050.904378477,216369.877152831,-1031.58153130795,0.000840805417509999
578,157405.836352221,214808.040062414,-6824.67641463451,0.0196750398416453
579,142432.597893836,208576.299143826,14380.3029623379,-0.0413640130282156
580,143086.565136785,200193.775978344,22108.8588848714,-0.0587982178507831
581,159705.451921123,213508.961978054,-7825.21389917756,0.0221603678981308
582,155185.557745242,213799.48591701,-3595.84366225218,0.00899185227479839
583,147209.61408596,208478.30657186,9701.27934218076,-0.0265314449822742
584,154758.534993238,215522.419891677,-4891.75488491426,0.0131638662512337
585,144951.404701941,201768.393443756,18669.4018543023,-0.049350291393618
586,157702.030913097,219762.049254734,-12074.8801678314,0.0320511564049766
587,149704.038847427,210592.213358293,5092.94779427972,-0.0136460483346312
588,165174.512310324,213575.299389381,-13360.6116997054,0.0398431026992881
589,168649.206704388,226303.869905459,-29563.8766098462,0.0801638590529029
590,157781.062002331,213743.910108121,-6135.77211045212,0.0180545511979186
591,162855.37377264,213619.465710625,-11085.6394832652,0.0335872597671503
592,158639.805679103,212548.379101386,-5798.98478048953,0.0177304580133836
593,170418.855034796,220228.941814689,-25258.5968494852,0.0719457119696872
594,158237.608637545,220265.717679569,-13114.1263171142,0.0350216416368928
595,143505.736296053,210488.786408927,11394.6772950197,-0.0333115823977109
596,160747.019804479,217212.068217466,-12569.8880219451,0.0350026431668316
597,163621.480876965,223487.075273495,-21719.3561504599,0.0587395322082767
598,146307.701074131,205343.961117353,13737.5378085158,-0.0374779698757371
599,162634.043576156,216168.339928298,-13413.1835044543,0.0385933633562928
600,144174.759554402,204983.299723137,16231.140722461,-0.044119812021668
601,157870.53540634,210685.673541481,-3167.00894782116,0.0116779185246955
602,161188.792067185,218752.118961824,-14551.7110290087,0.0400539658623664
603,167068.376493249,219717.289591213,-21396.4660844623,0.0601940377976088
604,159955.787702877,212229.942743765,-6796.53044664167,0.0209021253707782
605,148072.487208824,208484.672776282,8832.04001489392,-0.0237789202088085
606,159153.159017164,217612.780158204,-11376.7391753675,0.0314062583086792
607,148668.903637037,207113.832967335,9606.46339562832,-0.0261888994359563
608,163929.401711452,216180.136670116,-14720.3383815688,0.0424593715103625
609,144855.455911633,200994.75463896,19538.989449407,-0.0519163308890894
610,151905.1533356,209518.206304621,3965.84035977948,-0.00959732348901483
611,146790.033757135,214424.587722315,4174.57852054993,-0.0131956573561915
612,171231.799394162,228267.266256488,-34109.8656506494,0.0935426112322079
613,134418.661385816,206911.18778539,24059.3508287939,-0.0682173892728487
614,141156.213909408,207352.916618005,16880.0694725868,-0.0477147164934271
615,126756.280830632,206152.179010875,32480.7401584935,-0.0941871195951175
616,172802.089293578,223174.402915605,-30587.2922091832,0.0854773410704323
617,148680.660362141,214703.554212897,2004.98542496195,-0.00709526180121877
618,168279.728415132,226828.084459167,-29718.6128742993,0.0819593834314479
619,138996.693738462,211035.670092653,15356.8361688849,-0.0439587670984147
620,164339.780249897,214276.660222939,-13227.2404728362,0.038543328588754
621,170921.491488176,233301.201672349,-38833.4931605243,0.104197678475966
622,141530.560421147,205408.118232606,18450.5213462475,-0.0507999457579824
623,159311.175982684,217137.925415037,-11059.9013977207,0.030250466882779
624,145978.110101987,210549.423539839,8861.66635817342,-0.0251826996053853
625,147610.297679041,209435.629208751,8343.27311220852,-0.0228468934679414
626,157710.986425989,212999.298870792,-5321.08529678127,0.0160671541758433
627,145646.367415301,211630.478100355,8112.35448434396,-0.0245822320715157
628,138387.457334921,205185.184157323,21816.5585077554,-0.0611955461128125
629,153612.407497652,216179.416319728,-4402.62381737988,0.0109525384415579
630,152308.731670671,218071.000893965,-4990.53256463638,0.011152269118254
631,157417.099323681,216685.615553834,-8713.51487751416,0.0235789970778995
632,147849.538301051,206880.484755996,10659.1769429528,-0.0281597263163138
633,149626.928090525,212426.271817978,3336.00009149726,-0.0101156232882834
634,155040.284633727,218852.107740403,-8503.19237412972,0.0215706730701115
635,153811.611600435,209615.798098413,1961.79030115216,-0.00390502281165665
636,136541.518295489,199749.467851119,29098.2138533923,-0.0803358555170922
637,139117.60704961,206878.50239532,19393.0905550703,-0.0548372782053767
638,143844.531753985,210156.89041102,11387.7778349951,-0.0325416110492509
639,153935.755984316,209429.204090083,2024.239925601,-0.00379676329021508
640,149101.976945137,205496.587900757,10790.6351541066,-0.0288642587060687
641,150244.885385264,215825.698724645,-681.384109909122,0.000704110838977854
642,160001.790657325,213020.844491379,-7633.43514870404,0.022941650262044
643,169047.797926482,221078.806951197,-24737.4048776795,0.0701291699435364
644,155933.31269513,212689.24314888,-3233.35584401008,0.0103398651437224
645,142657.35334762,212260.44114851,10471.4055038698,-0.031548078300434
646,156350.541948126,213221.736816382,-4183.0787645079,0.0126366842002382
647,165063.885116209,224303.169290251,-23977.85440646,0.0647955710858695
648,154863.240792653,218420.625457727,-7894.66625037993,0.0200223723194872
649,141555.516670471,203155.730277444,20677.9530520853,-0.0566902798501637
650,148564.740133157,205000.051986089,11824.4078807541,-0.0310350895552445
651,133233.470224325,199504.983905831,32650.7458698442,-0.09033401836427
652,141647.171947485,211001.686052059,12740.3420004564,-0.0376290363577569
653,144787.979267122,208997.817511753,11603.4032211259,-0.0326015314389128
654,172789.94293795,218023.460544274,-25424.2034822241,0.0731527912054128
655,164019.67304628,232990.510955829,-31620.984002109,0.083159566363596
656,138298.737833449,205374.410909715,21716.0512568362,-0.0610327940960948
657,168026.510799667,215705.390066579,-18342.700866246,0.0533657867370064
658,162568.207792667,219188.890341701,-16367.8981343673,0.0459303903270177
659,150805.034255925,210759.520891032,3824.64485304337,-0.0109387235532855
660,148453.370916511,215884.741464494,1051.08761899517,-0.00548279098072368
661,140538.91286781,210631.804546444,14218.4825857464,-0.0417160326101032
662,157063.131411171,215200.458864324,-6874.39027549577,0.019594896642557
663,160568.434023306,228563.247964105,-23742.4819874111,0.0609799852298925
664,152447.884719112,209986.924465385,2954.39081550296,-0.0074528391703399
665,168395.300367708,227167.342256269,-30173.4426239762,0.0823995376433753
666,156802.668031966,214437.533049293,-5851.00108125887,0.0169937678375027
667,146204.020317457,215323.539246745,3861.64043579792,-0.0131322994009836
668,159028.312018984,208004.074753095,-1643.18677207874,0.00735119665233759
669,151928.540232366,213052.63420964,408.025557994901,-0.00191987362369802
670,151120.63647866,205743.659254732,8524.90426660795,-0.0220350694039239
671,150534.936573642,210108.376600637,4745.88682572107,-0.0126544357054166
672,152373.572898382,214549.949978769,-1534.32287715061,0.00364172340117918
673,156978.503453331,231494.355637755,-23083.6590910864,0.0583035151923646
674,140710.009078952,206344.528516306,18334.6624047419,-0.0509124286981654
675,164840.455554091,212468.037231178,-11919.2927852694,0.0358276333552553
676,146047.428582733,209795.41528284,9546.35613442701,-0.0264590607520649
677,159012.857754515,218247.244848006,-11870.9026025204,0.0323153746021246
678,167034.369076436,219433.712658955,-21078.881735391,0.0602729351811144
679,168372.82810291,217007.480088935,-19991.1081918455,0.0573049987427927
680,162734.704313605,220615.311280028,-17960.8155936326,0.0488491146843489
681,138330.688933669,206937.361733877,20121.1493324544,-0.0572936860945476
682,135655.859818808,197195.424771079,32537.9154101137,-0.0885753543620618
683,155186.755530627,224142.623402991,-13940.1789336177,0.0352338430754772
684,165357.951447892,221598.536509426,-21567.2879573177,0.0604440195153996
685,158989.184289367,210653.143918077,-4253.12820744357,0.013995338063701
686,148540.511878908,210643.524178735,6205.16394235712,-0.0171345631525191
687,149864.086826299,211321.674686189,4203.43848751177,-0.0113261394873201
688,157947.393494271,224043.287963458,-16601.4814577289,0.043174074995025
689,148976.288646254,206485.01956798,9927.89178576658,-0.0271641792636472
690,139329.215720436,199396.803012943,26663.1812666206,-0.0721871880557065
691,155104.765469849,211056.911649317,-772.477119165356,0.00342853390897225
692,139534.065693146,204746.328001649,21108.8063052053,-0.059467861537911
693,160297.966273116,215645.595393472,-10554.3616665882,0.0293390491939611
694,164701.568842437,220772.020547313,-20084.3893897505,0.0558907878619369
695,147113.07391473,205007.689982607,13268.4361026627,-0.0359764411476654
696,165433.166490882,220378.893046151,-20422.8595370327,0.0572197694305327
697,167673.856116107,219618.427303256,-21903.083419363,0.0618641699014286
698,156979.967379807,214304.744798762,-5895.51217856893,0.0173053699373476
699,129810.622207932,202614.022912962,32964.5548791065,-0.0928252714767109
700,142511.826198803,206923.324019783,15954.0497814133,-0.0442816487524676
701,165331.707224338,211134.447317258,-11076.9545415966,0.0341089485594478
702,134900.787201933,204878.32941752,25610.0833805476,-0.0725651831759215
703,163012.648393818,231537.331119353,-29160.779513171,0.0752252583290642
704,142722.802892093,206123.912372155,16542.4847357515,-0.0455609902016385
705,162290.113832255,228021.850981697,-24922.7648139515,0.0656304729376423
706,154763.288647877,212512.592675599,-1886.6813234755,0.00596258890730635
707,138454.230654295,202740.240807007,24194.7285386982,-0.0662960259956974
708,140157.09152115,204603.709260606,20628.3992182446,-0.0571490406552542
709,143177.712233845,211136.674486003,11074.813280152,-0.0321649388760812
710,166197.090169235,215350.455169892,-16158.3453391268,0.0467337057094764
711,155032.639004105,213261.617801165,-2905.05680526927,0.00873711987105736
712,151894.709091455,208991.262387039,4503.22852150659,-0.0112916468981499
713,171385.441049163,220524.659448636,-26520.9004977991,0.0755095155087165
714,170023.580840168,227253.53222586,-31887.9130660272,0.0879186353819226
715,154842.851075354,210922.746574504,-376.397649858787,0.00224765877601283
716,145635.265022489,208794.004181536,10959.9307959744,-0.0309024773161146
717,151286.984312713,205765.098844307,8337.11684298026,-0.0207241267438244
718,154757.249722511,211445.396165623,-813.445888133778,0.00391287454504184
719,165418.226293189,225167.671216879,-25196.6975100673,0.0680829053739864
720,159980.946943757,219579.147325991,-14170.8942697481,0.0377541293612412
721,155791.616841359,223077.88550333,-13480.3023446897,0.0337087531476769
722,162104.229627056,217506.965009957,-14221.9946370128,0.0396042485007548
723,148597.182762398,210840.313691122,5951.70354647964,-0.0163693186058925
724,138662.997057349,202425.411256922,24300.7916857286,-0.0663725738985164
725,150288.159908645,211260.768340147,3840.27175120747,-0.0108072255391736
726,140162.771403691,206822.793967215,18403.6346290939,-0.0518410784696748
727,149502.125122444,213347.550360184,2539.52451737243,-0.00858650178129434
728,149298.830535422,203220.159230091,12870.2102344877,-0.0334684176294362
729,155386.917851935,209065.251179448,937.030968616426,-0.000788482186861909
730,151970.228703132,208519.081348482,4899.88994838641,-0.0121470215719498
731,150689.961703253,207440.411594147,7258.82670260017,-0.0179357024683498
732,143542.95004598,208364.620564142,13481.6293898781,-0.0378194097859596
733,146444.509506169,213008.359137459,5936.33135637233,-0.0174825081385123
734,147380.640766862,211226.272220142,6782.28701299621,-0.0193786403767607
735,160783.346817686,216632.061142619,-12026.2079603049,0.0338743442995662
736,154496.130213092,213167.046523526,-2273.9767366178,0.00599682856528589
737,158411.302042277,217142.975308152,-10165.0773504291,0.0283326526390122
738,157508.921472239,213379.217472352,-5498.93894459103,0.0170076996659983
739,152674.834936552,219384.401425436,-6670.03636198782,0.0152860663209312
740,161597.666505304,229748.458382944,-25956.924888248,0.0678015872323719
741,131692.452990932,198415.083318632,35281.6636904364,-0.0970887939903844
742,152996.289937709,208287.416111981,4105.49395030929,-0.0104847107193974
743,146735.108069072,209886.557163672,8767.53476725583,-0.0233627757140783
744,135295.802122178,206858.531684626,23234.8661931968,-0.0673547605629105
745,149192.623839074,205206.638891448,10989.9372694781,-0.0290392997472638
746,161620.205159653,211520.449852591,-7751.45501224423,0.0235995318504875
747,150024.870012928,207226.878392114,8137.45159495738,-0.0216495832105436
748,158772.3530658,212563.530927109,-5946.68399290909,0.0182502126641436
749,148321.218564631,205197.216496169,11870.7649392,-0.0317010020058981
750,146750.274273516,208621.252878138,10017.6728483466,-0.0275209299686264
751,138697.074205823,199794.354079886,26897.7717142908,-0.0734738594219437
752,158331.057389502,229964.921697182,-22906.7790866842,0.0585022064393054
753,139706.032296738,201802.16127604,23881.0064272222,-0.0651693334442942
754,139584.116377706,208156.924165167,17648.1594571274,-0.0498289220657175
755,135565.862941852,199526.283754405,30297.0533037425,-0.0827752395080895
756,152029.513512329,208797.777886999,4561.9086006729,-0.0111015990260419
757,143417.077065427,216096.005756345,5876.11717822769,-0.0208569271346224
758,147314.595603043,205812.470692963,12262.1337039947,-0.0326756036638565
759,156734.563332818,214798.168358948,-6143.53169176582,0.0172451111667461
760,148521.116112902,212073.192826641,4794.89106045716,-0.0141178262586137
761,172378.780699462,217471.421552842,-24461.0022523046,0.0704025874645679
762,160560.175845914,213476.655083516,-8647.63092943007,0.0259327655318282
763,168894.232785559,217221.741834141,-20726.7746197002,0.0599938639355315
764,168961.35595306,225263.839537514,-28835.9954905739,0.079379870714841
765,162699.348377951,215113.509112446,-12423.6574903979,0.0365696919122435
766,154004.100384953,217320.196225187,-5935.09661014023,0.0152710642974413
767,162599.212356678,216801.971968902,-14011.9843255798,0.0394517229717247
768,136016.361747034,202949.673495465,26423.1647575013,-0.0739338268316613
769,147861.167270442,211604.916084222,5923.11664533598,-0.0171129444971728
770,160955.575950131,213968.949240227,-9535.32519035792,0.0278858098677141
771,151214.811284218,220571.192544051,-6396.80382826866,0.0140375643261042
772,153997.131997734,216614.285623388,-5222.21762112185,0.0122719050635569
773,152917.369448878,209654.793226249,2817.03732487222,-0.00665982759352385
774,139546.592542674,207764.324428095,18078.2830292306,-0.051552099799133
775,158647.863567916,218483.611350981,-11742.2749188969,0.0315327415885217
776,141462.531069516,199871.09361827,24055.5753122143,-0.0651115476919522
777,152188.721500324,206198.25011587,7002.22838380665,-0.0174062623311135
778,154104.237801069,210859.009414247,425.952784683846,0.000411094042685077
779,152633.949195311,210219.238576821,2536.01222786825,-0.00619353738891646
780,150028.725633195,212774.268358521,2586.20600828389,-0.00818313408461459
781,163655.794529752,222367.304028428,-20633.8985581797,0.0558960447122473
782,163266.995459349,219708.341031328,-17586.1364906768,0.0494115874902756
783,149593.205765873,206212.8863247,9583.10790942737,-0.0245308231652338
784,151551.025881963,216369.069520671,-2530.89540263399,0.00496393963862187
785,174720.777284595,222169.985812275,-31501.5630968691,0.0897996806742329
786,149674.902052182,212871.85224129,2842.44570652879,-0.0085247192783588
787,145224.779409662,208541.396680153,11623.0239101851,-0.0321115427307929
788,151048.153682546,209814.584227757,4526.46208969777,-0.0115361446953234
789,166055.683916781,217600.564751215,-18267.0486679956,0.0523532261500585
790,152181.414758212,208263.540206354,4944.24503543339,-0.0125376218890434
791,165342.521367196,222143.998473758,-22097.3198409543,0.0610135949712434
792,142735.482606042,209930.019894379,12723.6974995781,-0.0362951368721795
793,139333.716536822,207123.489973222,18931.993489956,-0.0540961612545173
794,161160.110866685,217997.170027718,-13768.0808944025,0.0378831801472727
795,150792.285903911,209277.169726421,5319.74436966801,-0.0135884637823383
796,162125.733531668,220377.619156495,-17114.1526881629,0.0468476545383752
797,140144.00243727,204431.201383729,20813.9961790011,-0.0571564981098227
798,145211.684313223,216389.84545986,3787.67022691685,-0.0133745313890455
799,154471.079922003,210670.923119002,247.196958995017,0.00105923808737155
800,153648.615342974,211182.836386306,557.748270719894,-0.000691200346579224
801,159382.278194482,218182.19649391,-12175.2746883926,0.0339886476263552
802,153413.718783613,220005.548622205,-8030.06740581762,0.0191521246388052
803,153116.559652259,207048.126164449,5224.51418329147,-0.0118202926101737
804,150164.154422665,203398.150791903,11826.8947854317,-0.0304752753391851
805,149137.035393969,207146.991730534,9105.17287549755,-0.0244463339148192
806,144650.951346992,203073.760216018,17664.4884369909,-0.0472669332970345
807,149183.915563519,208589.854136609,7615.4302998723,-0.020819579890212
808,155272.602226806,215381.300684929,-5264.70291173499,0.0140836114018241
809,156441.618766878,214724.403179533,-5776.82194641029,0.0166634966431092
810,139433.956315745,201661.107309423,24294.1363748324,-0.0659990695970695
811,157017.270552463,211613.510816222,-3241.58136868523,0.0104658436559655
812,161296.231326082,225645.931379135,-21552.9627052171,0.0575106408123903
813,136067.143333276,201112.817415278,28209.2392514464,-0.078540548441455
814,163626.911536456,217382.388409032,-15620.0999454877,0.0440481717980416
815,142069.001786536,206532.205601452,16787.9926120124,-0.0473587409474689
816,168030.770211281,217787.733838255,-20429.3040495366,0.0588408333582036
817,142974.21091199,206316.697481934,16098.2916060754,-0.0450848077671017
818,167357.73230351,216848.2515841,-18816.7838876098,0.0539401713777474
819,132356.429841428,196502.463152759,36530.3070058133,-0.10095083884677
820,154554.924178719,209457.484390116,1376.79143116478,-0.00323364495536828
821,160463.471023139,223787.402582638,-18861.6736057771,0.0505887031933807
822,172400.694253226,222992.498878873,-30003.9931320986,0.0846998384642856
823,156064.369241767,210126.238745918,-801.407987685001,0.00382396172386344
824,148173.018730303,209330.12613932,7886.05513037689,-0.0223892497754625
825,161492.603248509,213887.38828009,-9990.79152859893,0.0294053474569095
826,163040.232572855,219928.497183166,-17579.529756021,0.0487371282932287
827,159770.065274142,212021.635294808,-6402.50056894956,0.0195028875567041
828,150677.821053039,211038.832362164,3672.54658479762,-0.0100885245434507
829,136739.812502119,209439.294824298,19210.0926735827,-0.0554118658518753
830,164227.969202159,224317.196109916,-23155.9653120753,0.0622367669057249
831,147500.279990522,212096.952528153,5791.96748132439,-0.0170683815479993
832,154640.7630422,216505.651746243,-5757.21478844312,0.0151217659706574
833,156515.322867478,216091.438415328,-7217.56128280662,0.0195761987655558
834,152652.936908969,212969.534395186,-233.271304154594,0.000526410922687037
835,143131.671139048,207441.923351341,14815.6055096112,-0.0420419946207777
836,153252.24746935,217048.811560087,-4911.85902943619,0.0126428064107331
837,149370.060635616,219062.177624669,-3043.03826028458,0.00469350388316994
838,152033.259873576,212559.494961865,796.445164558885,-0.0015262993734019
839,137228.907602152,199328.174590592,28832.1178072552,-0.0788161463434833
840,156557.966002793,214490.101239151,-5658.86724194366,0.0159977053992943
841,136609.956542084,200607.61303843,28171.6304194859,-0.0770577707166593
842,140981.011798552,204509.46834108,19898.7198603683,-0.0555362452854755
843,153383.513970484,217863.751350193,-5858.06532067648,0.0144767520659528
844,130068.572178725,197982.949758094,37337.6780631812,-0.103273079914837
845,150219.785212647,215147.035400212,22.3793871405069,-0.000934293095654826
846,149097.297823927,208503.75381945,7788.14835662307,-0.0201922585852646
847,164914.635823907,218560.307512264,-18085.7433361716,0.0512126795244565
848,146743.575386248,207406.496860504,11239.1277532474,-0.0302034252260145
849,163815.260449927,214350.829193166,-12776.8896430933,0.0372817600753165
850,166096.522302532,214012.924427646,-14720.2467301777,0.043490760181586
851,153802.682271127,210590.537920829,995.979808044445,-0.00153324210121066
852,157036.105166735,211115.330312994,-2762.23547972884,0.00939768190365985
853,171245.374002171,220731.285393842,-26587.4593960133,0.0755534126163672
854,165987.939085396,219110.001194397,-19708.7402797932,0.055594682138442
855,146650.581609163,208752.639112278,9985.97927855985,-0.027872779762559
856,163117.34343303,225618.510772588,-23346.6542056181,0.063109457019151
857,150631.763257087,216467.657243506,-1710.22050059267,0.00278560747730758
858,148853.948839066,214002.922867387,2532.32829354767,-0.00855635921480445
859,160953.194562132,210532.600055058,-6096.5946171903,0.0198629859746274
860,143507.696204004,202588.962760299,19292.541035697,-0.0517551770537915
861,154442.059533402,210559.962324497,387.178142100514,-8.33850747352171e-05
862,132445.682397856,198921.5259838,34021.991618344,-0.0937877254728828
863,146071.516952749,212946.819510847,6370.86353640392,-0.0193072688222051
864,154017.704204133,210837.615154896,533.880640971765,-0.000824793281006663
865,133264.566760298,202310.913886936,29813.7193527658,-0.0836171712231952
866,163066.295667491,216072.705371533,-13749.8010390244,0.0398893357362078
867,140015.690614047,211930.630712995,13442.8786729575,-0.0397372053086886
868,148860.983812865,204540.411398903,11987.8047882313,-0.0321290697661634
869,154490.154102027,212888.6112814,-1989.56538342673,0.00611349362218709
870,147082.726326959,208589.373134807,9717.10053823405,-0.0266572063091814
871,159131.757951165,222694.416597622,-16436.9745487876,0.0444445154316838
872,145231.623829548,202235.425897935,17922.1502725172,-0.0482373273612908
873,148204.437831105,211514.060868797,5670.70130009751,-0.0158985282702398
874,164488.709223549,221160.172661781,-20259.6818853305,0.0555787839434374
875,164185.991382446,215016.819498912,-13813.610881359,0.0402751683105259
876,162985.478660379,216799.64195141,-14395.9206117888,0.0416164081601246
877,158097.433571609,217823.860247889,-10532.0938194983,0.0295670402304699
878,160243.08661585,219387.087190086,-14240.9738059363,0.0387071925833397
879,158584.372184651,214933.433511828,-8128.60569647938,0.0230767907450274
880,164903.514100076,221477.637169803,-20991.9512698791,0.0581901758739796
881,158852.973573664,220905.513108621,-14369.2866822851,0.0382609480014502
882,147553.914890924,206236.111152871,11599.1739562046,-0.030627924616428
883,140626.882727189,205259.694427396,19502.6228454149,-0.0541519018979327
884,141391.315426402,211193.011436329,12804.8731372689,-0.0382517582034091
885,160782.946402822,213020.029200456,-8413.77560327778,0.0250512353029174
886,156186.978020222,210151.546744226,-949.324764447694,0.00397793698860468
887,154386.049897815,211051.17530246,-48.0252002754132,0.000674463391290435
888,161998.256850702,216060.80306003,-12669.8599107318,0.0361429354693341
889,153199.993757814,212785.281459967,-596.07521778153,0.00201037819922532
890,153457.06344808,210239.612912234,1692.52363968588,-0.0040482820939191
891,156001.281177285,214272.529204198,-4884.61038148304,0.0137791142530471
892,151646.638839616,209036.135337657,4706.42582272674,-0.0127645581190906
893,151076.452802787,205034.133090743,9278.61410647008,-0.0226111188134133
894,139660.988082404,209870.386770043,15857.8251475526,-0.0461697784514023
895,147273.325558737,209509.962864808,8605.91157645453,-0.0239609973850219
896,156494.724340113,216675.823044527,-7781.34738464007,0.0215269001415537
897,155318.886392849,210384.379522259,-314.065915107087,0.00272980004043588
898,155287.376387302,210952.483592809,-850.659980110766,0.00329778537194942
899,156886.37213463,215490.334477106,-6987.50661173608,0.0192574598502806
900,147624.457179366,207253.748308209,10510.9945124256,-0.0275453074838332
901,147299.83156604,213240.490297396,4848.87813656428,-0.0144686602168438
902,133978.431611543,208261.446700633,23149.3216878233,-0.0677448137219538
903,145642.569524148,208524.141752869,11222.4887229837,-0.0312977059200704
904,147896.006674333,202671.401535608,14821.7917900587,-0.0389552569341459
905,162124.761797207,211756.446108197,-8492.00790540403,0.0257220614631525
906,149843.804998535,206948.718678395,8596.67632307002,-0.0222312426594555
907,159181.090737684,216293.582654117,-10085.4733918011,0.028115665913407
908,149572.752606909,209739.762295214,6076.68509787746,-0.0157373085547909
909,150374.270772258,212370.611105349,2644.31812239363,-0.00696215004248311
910,149824.434728167,207358.945599254,8205.81967257947,-0.0214683348664073
911,153436.628372203,212083.622606438,-131.050978641084,0.00114921567660238
912,143677.503550874,206357.20687933,15354.4895697956,-0.0431477926327031
913,164515.379830556,220874.364636495,-20000.5444670509,0.05532212969465
914,146496.25201955,205880.271591668,13012.6763887826,-0.0345589047261668
915,146272.062018195,203974.849016933,15142.2889648717,-0.0403156385028284
916,146192.990230258,208820.122938972,10376.0868307699,-0.0285821641770582
917,136184.310202364,205897.188288573,23307.7015090632,-0.0656314669243692
918,135441.519020108,205691.192750098,24256.488229794,-0.0681732721319829
919,157995.354877267,217899.471551605,-10505.6264288718,0.0290177709433633
920,141453.903385215,205143.358096295,18791.9385184902,-0.0518385472283463
921,159195.243832984,223366.729349445,-17172.773182429,0.0445929738340725
922,164517.000954801,219319.964080645,-18447.765035446,0.0521878635993087
923,148383.174143507,206919.480983298,10086.5448731948,-0.0265745243370978
924,138884.809598352,204257.701555517,22246.6888461314,-0.0621124718584793
925,134856.712340189,202298.64803126,28233.8396285517,-0.0785781550747551
926,165677.807426061,218720.704070845,-19009.3114969057,0.0543000131596342
927,138009.551529429,208605.166878338,18774.481592233,-0.0548393449147526
928,145766.038845916,212800.350692957,6822.81046112679,-0.020426660938787
929,165367.331235791,215254.90261754,-15233.0338533312,0.0441553792269547
930,146400.852286176,205790.265716198,13198.0819976258,-0.0360584443946824
931,169905.933253009,221390.854300394,-25907.5875534036,0.0732032994282627
932,139122.416524512,210413.07519331,15853.7082821782,-0.0472109898576539
933,161406.400868151,220221.11434011,-16238.3152082606,0.0452456161315027
934,138187.857614343,205573.904584092,21627.4378015656,-0.0604430278772283
935,164173.359581069,216778.630337816,-15562.7899188849,0.0451730069471236
936,169576.564557034,217307.854539627,-21495.2190966604,0.0619611501259011
937,151701.735265314,214624.476709768,-937.011975081754,0.0015984803763007
938,141570.650980302,206153.332458866,17665.2165608318,-0.0493964513141025
939,148545.552214136,208705.332228564,8138.31555729976,-0.0217681878025511
940,144859.134303042,204982.997788104,15547.0679088538,-0.0417814907451054
941,153966.426964486,215373.820123828,-3951.04708831408,0.0099943018918134
942,153501.671079274,216724.651390912,-4837.12247018592,0.0113333874797166
943,160593.422363102,225166.756348242,-20370.9787113438,0.0540137588757867
944,149115.710349325,229482.396152906,-13208.9065022308,0.0297253318059153
945,145123.581452508,220195.444280943,70.1742665490601,-0.00499348691978645
946,142039.984591117,214439.5668662,8909.64854268247,-0.028021807379822
947,143342.98074034,207091.654748591,14954.5645110689,-0.0412536322864272
948,152437.811441672,209870.526381702,3080.86217662628,-0.00818262141903421
949,143858.460416724,212545.832680496,8984.90690278012,-0.027040090127447
950,153475.294436239,209712.407493734,2201.49807002681,-0.00524077384882344
951,150448.841618244,205569.88607848,9370.47230327659,-0.0242111423799959
952,170830.177787042,227440.614850847,-32881.592637889,0.0903779677354746
953,153876.28879388,216938.363623705,-5425.4524175846,0.0136588509952556
954,153632.905347717,211506.540094797,249.754557486332,0.000169895710877441
955,145615.438758879,211401.946303684,8371.81493743759,-0.0238216083804012
956,146898.348699835,202539.592390605,15951.2589095596,-0.0425431897822242
957,149016.287550227,214497.113800186,1875.79864958703,-0.00676329650865789
958,167270.518988868,214474.92374935,-16356.2427382179,0.0478659576098119
959,151326.958522845,208462.391201584,5599.85027557175,-0.0140406296947813
960,148818.906624094,211283.41040652,5286.882969386,-0.0146112624812024
961,166768.08765695,215244.066218805,-16622.9538757552,0.048195445241726
962,153060.322285902,214522.522954765,-2193.64524066745,0.00546954256742266
963,168315.66751487,217330.828361336,-20257.2958762053,0.0586245293795092
964,134869.633588977,202349.658150048,28169.908260975,-0.0782820818930008
965,167229.250529973,218582.800642548,-20422.8511725209,0.0585892354884721
966,149282.680203601,207282.896901318,8823.62289508112,-0.0236216646625153
967,143299.859063203,207601.945774396,14487.3951624012,-0.0402497234235281
968,167378.517996682,220701.34246932,-22690.6604660015,0.0631775497276784
969,142741.34471157,200644.287042098,22003.5682463318,-0.0594853385728462
970,153938.953024016,216363.059357649,-4912.81238166412,0.012421455358478
971,155634.224354162,208997.164923349,757.810722489085,-0.000129139523149416
972,154201.270408369,211184.532167846,3.39742378535448,0.000323841365068198
973,146558.24597624,214651.700833631,4179.25319012889,-0.0139018266424989
974,147893.430714143,213355.958608735,4139.81067712227,-0.0128950962852846
975,162825.273862459,216719.189977557,-14155.263840016,0.0403982134884841
976,168040.263452973,220705.514518458,-23356.5779714313,0.0659100514959577
977,162416.92004908,224001.186513541,-21028.9065626218,0.0558879685804433
978,136893.128346652,204138.540897514,24357.5307558337,-0.0678104334298048
979,141542.2380037,204000.153480084,19846.8085162158,-0.0547881096942042
980,151041.820790362,210016.207258036,4331.17195160169,-0.0113667729283252
981,144070.108789599,201904.221644984,19414.8695654176,-0.0523393364746301
982,152725.469802625,205900.174232196,6763.555965179,-0.0166933129884463
983,155758.857535527,207691.142317793,1939.20014667971,-0.00242386402480216
984,151694.533769494,210973.098984436,2721.56724607083,-0.00754924571034717
985,140259.792554294,215246.588998139,9882.81844756729,-0.0314373869294526
986,142016.283478148,200454.303895709,22918.6126261435,-0.0618021171242736
987,140603.096622765,211300.347441858,13485.7559353767,-0.039980064177394
988,168714.370736667,222218.864409249,-25544.0351459153,0.0707688008005369
989,159502.228781044,213756.287895482,-7869.31667652604,0.022469192607216
990,148048.816816015,219633.146339521,-2292.76315553626,0.00254220607767857
991,166862.867971863,218703.860030589,-20177.5280024517,0.057221380133111
992,157891.273051774,221134.270024221,-13636.3430759955,0.0367434056429876
993,165719.66808666,220362.021627026,-20692.4897136865,0.0580803435124094
994,145742.950700066,204008.97451049,15637.2747894439,-0.0418173396488403
995,143747.925356849,202720.295390398,18920.9792527531,-0.050949524562122
996,140731.858860025,200846.555744232,23810.7853957432,-0.064565885531615
997,149938.513772574,206869.673187831,8581.01303959539,-0.0222643993044391
998,167081.36543443,220030.153129184,-21722.3185636143,0.0612295565608406
999,172237.534242472,218581.970356409,-25430.3045988812,0.0727915158757049
1000,148639.828695577,213108.039101489,3641.33220293425,-0.0114154639004572
1001,162667.074716366,221908.250246296,-19186.1249626617,0.0531531593075323
1002,142722.329921548,213669.972826289,8996.8972521624,-0.0280223619579198
1003,142448.810148088,219051.230751007,3889.1591009057,-0.0159255661461709
1004,149564.234662813,217740.825578547,-1915.86024136021,0.00191863660990511
1005,157759.204536667,210465.639638144,-2835.64417481137,0.0100007319438492
1006,171321.556059095,223069.443945277,-29001.800004372,0.0813648162115387
1007,174495.390637612,234203.19334861,-43309.3839862222,0.11693629539407
1008,165935.178489974,215442.955469395,-15988.9339593691,0.0458922856086711
1009,160567.123668666,221033.29923925,-16211.2229079159,0.0431295005759292
1010,145607.682351913,220313.051913821,-531.534265733499,-0.00276930570627387
1011,154015.569986056,212160.566507424,-786.936493480054,0.00277853541003621
1012,150416.513836511,213752.023481949,1220.66268153983,-0.00386238976087385
1013,136443.632429334,201526.000797578,27419.5667730884,-0.0762598234507938
1014,142210.327193766,206566.004633133,16612.8681731009,-0.0461189173636004
1015,162186.202710453,215168.549256321,-11965.5519667733,0.0347255321554346
1016,172882.224359013,220989.477854202,-28482.502213215,0.080550197437133
1017,168459.30227144,224376.443342581,-27446.5456140205,0.0763186516648667
1018,148863.738085908,206500.243091929,10025.2188221625,-0.026846377962523
1019,139412.550270069,206725.334532442,19251.3151974885,-0.0544113993227957
1020,160115.519679544,212057.020564211,-6783.34024375508,0.0200684933894815
1021,158103.989032799,215833.580962732,-8548.3699955318,0.0237001127982219
1022,152838.100956261,207460.613503416,5090.48554032308,-0.0125419233276294
1023,158378.94681347,213798.476703864,-6788.22351733426,0.019969582347237
1024,164059.769657893,223754.913428713,-22425.4830866062,0.0605502187748382
1025,169526.587976015,218845.460442312,-22982.8484183264,0.0651577868856532
1026,155775.991722755,211763.823815318,-2150.6155380733,0.00704282791494782
1027,132704.012204084,199177.92693792,33507.2608579955,-0.0925745448178241
1028,169726.534701905,219487.558150873,-23824.8928527777,0.0673786117487232
1029,144157.999159145,210130.896586067,11100.3042547873,-0.0309624765586075
1030,165372.351569115,221084.826387383,-21067.9779564979,0.0586297395775438
1031,152882.027689393,211495.093723842,1012.07858676498,-0.00136751428278428
1032,142914.914577683,206185.964095147,16288.3213271698,-0.0452939513615499
1033,156876.839632811,217136.336787498,-8623.9764203091,0.0243042287591116
1034,149455.796406056,215804.565511739,128.83808220498,-0.00244788569235181
1035,155100.336552289,211155.72938569,-866.865937978495,0.00381046130154763
1036,165806.19899743,226774.147199142,-27191.1461965723,0.0729190599971113
1037,135958.313180153,203982.789967254,25448.0968525927,-0.0710738676952297
1038,144123.799050406,203384.222573625,17881.178375969,-0.0484969538818084
1039,147113.406286012,203649.645954309,14626.1477596789,-0.0379854974324475
1040,143387.782245095,209065.268937984,12936.1488169205,-0.0360770655127372
1041,144350.747003135,205887.12518062,15151.3278162451,-0.0415329495522845
1042,150220.446178285,210044.698430804,5124.05539091094,-0.013234640650246
1043,147463.461210113,211732.414329293,6193.32446059334,-0.0179735754236513
1044,149868.685090724,207081.305953965,8439.20895531151,-0.0223164985492386
1045,160773.369575189,213861.89894829,-9246.06852347864,0.0275596395668248
1046,149654.374732978,209038.536414574,6696.28885244858,-0.0186521607435732
1047,170593.820940989,218728.862969492,-23933.483910481,0.0689127118472513
1048,153854.795494876,211607.522954903,-73.1184497792856,0.00056384340267297
1049,154541.789889883,209180.892499643,1666.51761047397,-0.00315132939885807
1050,149364.446211677,205809.132546692,10215.6212416315,-0.0260374413464524
1051,142324.705899467,204792.674286272,18271.8198142605,-0.0506402953108873
1052,141096.284545514,204620.042558022,19672.8728964638,-0.054234496970944
1053,149322.348425072,205118.580635363,10948.2709395654,-0.0288363282957274
1054,169762.086079183,223828.996914116,-28201.8829932984,0.0783871087449372
1055,161603.974849472,216952.784772547,-13167.5596220194,0.0374547919669328
1056,154598.124877209,211338.962605197,-547.887482406513,0.00317230272478844
1057,140372.5583557,203405.77090111,21610.8707431898,-0.059331300315375
1058,155827.350308483,212409.439957672,-2847.5902661549,0.0083920751638891
1059,148947.623958759,209865.646501881,6575.92953935981,-0.0182842481746302
1060,163616.373887666,217606.096659845,-15833.2705475114,0.0448664554674252
1061,146387.699483989,212650.277610211,6351.2229058005,-0.0189832792508565
1062,146991.958281815,208660.828118254,9736.41359993169,-0.0269048420777643
1063,171596.508723523,220080.32763395,-26287.6363574728,0.0754241476388191
1064,160161.355435641,217348.523924148,-12120.6793597884,0.0331237215171525
1065,156020.107789594,210980.482499657,-1611.39028925146,0.00606633300964239
1066,153639.433859179,226010.956976185,-14261.1908353632,0.0345175510232783
1067,148550.419650379,209457.112490629,7381.66785899206,-0.0199063250209861
1068,153235.01071873,210715.358127836,1438.83115343464,-0.00381893011870453
1069,155546.690079109,212380.216899653,-2537.70697876211,0.00782122533753738
1070,144471.458362435,200506.029369341,20411.7122682243,-0.0546314262590267
1071,142432.85870325,210060.49386268,12895.8474340705,-0.0374563503816381
1072,146864.642195108,213946.369002398,4578.18880249333,-0.0144744098680815
1073,144662.318744058,207376.321373351,13350.559882591,-0.03658258270013
1074,159507.494230941,213765.267643598,-7883.56187453901,0.023226956725804
1075,137830.292107575,202552.247145232,25006.660747193,-0.0684981493356413
1076,150571.027837689,219131.322587439,-4313.15042512829,0.00862423679458924
1077,174235.967544001,229525.856417127,-38372.6239611281,0.106436162423832
1078,149306.186058048,209809.993990184,6273.01995176845,-0.0170537144230968
1079,142922.452755201,209958.885345003,12507.8618997953,-0.0356847579688148
1080,135690.263086564,205320.256118119,24378.6807953176,-0.0698278119056478
1081,156960.077582804,212896.638941203,-4467.51652400708,0.0137585238682632
1082,155780.206282228,213099.641533059,-3490.64781528729,0.0109688168712848
1083,146791.052567184,204321.104940284,14277.0424925318,-0.0383516773245642
1084,157919.907939048,227726.925749286,-20257.6336883334,0.051648835356467
1085,158275.674945687,215126.136934787,-8012.61188047321,0.0231007637407038
1086,171872.203767684,218458.873591445,-24941.8773591293,0.0703210693964402
1087,152195.058213207,211580.735530256,1613.40625653748,-0.0043513480201576
1088,154915.726826334,225717.722118958,-15244.2489452918,0.0377993007837515
1089,157148.080984079,219678.310641469,-11437.1916255475,0.030712772344315
1090,152505.333643918,211270.506545839,1613.35981024284,-0.00445664643751612
1091,154213.921876009,213310.733418673,-2135.45529468259,0.00714465643343764
1092,152048.649805846,216309.473403928,-2968.92320977378,0.00638219091080035
1093,152271.129213524,209555.231606289,3562.8391801868,-0.00862225252887965
1094,170666.434663879,222198.473876654,-27475.7085405328,0.0773745212417262
1095,145011.65312564,208165.482292091,12212.0645822688,-0.0343327195856118
1096,160122.714194988,221184.10817133,-15917.6223663188,0.0442030619191715
1097,161591.366771924,217533.41119501,-13735.5779669341,0.0393997564585671
1098,161920.032211753,214178.353341509,-10709.1855532616,0.0307797377902025
1099,153576.252604977,209333.966500396,2478.98089462693,-0.00565994243430384
1100,149316.752576652,213844.510330241,2227.93709310709,-0.00717953092373152
1101,158979.106387008,211989.898569992,-5579.80495700025,0.0173753673193311
1102,140611.615481632,208107.436334528,16670.1481838395,-0.0472247452222871
1103,148755.257767812,209353.857316738,7280.08491544926,-0.019665465960539
1104,161768.114477372,229305.91621995,-25684.8306973217,0.0672269059295489
1105,159466.238846917,227424.114261208,-21501.1531081246,0.0559906613771154
1106,153158.002936746,214965.323900141,-2734.12683688605,0.00717024499113117
1107,174432.532147672,235457.813090386,-44501.1452380586,0.120800236594861
1108,164055.635590598,215012.398014836,-13678.8336054339,0.0399817011996554
1109,158957.652866215,215130.381464194,-8698.83433040895,0.0250278052636903
1110,161232.254758154,221445.847043851,-17288.9018020057,0.0461395640544783
1111,154010.303147636,204154.679094249,7224.21775811509,-0.0172553027599446
1112,138948.315878269,200414.516346022,26026.3677757084,-0.0714727493333376
1113,167399.230509143,214988.723143439,-16998.753652582,0.0495705301116175
1114,152237.926060255,213019.174464958,132.099474786839,-0.00073861619285402
1115,156621.564003545,213694.39382481,-4926.75782835484,0.0151133618171509
1116,145239.940234869,204054.496342741,16094.7634223899,-0.0431821094087809
1117,152532.339562324,207304.972084309,5551.88835336681,-0.0134592570237107
1118,152094.823519286,225769.340449057,-12474.9639683437,0.0296563030650116
1119,174595.549675853,224856.40357694,-34062.7532527927,0.0957346106000842
1120,147569.861122879,210618.802299462,7200.5365776589,-0.0201475392785671
1121,164980.101217226,225751.703927502,-25342.6051447273,0.0675475629940885
1122,156146.889061729,210025.890321917,-783.579383646371,0.00394331027168837
1123,149273.422165462,212851.536242871,3264.24159166723,-0.00867135905580907
1124,148852.598454871,211376.266164096,5160.33538103278,-0.0142123525121952
1125,154098.561450049,207500.261208165,3790.37734178564,-0.00904442542961044
1126,166109.968028279,222070.164130347,-22790.9321586264,0.062689771181722
1127,162161.217673025,215895.963324458,-12667.9809974831,0.036483020698998
1128,149521.885760319,207222.842134756,8644.47210492502,-0.0231446725086683
1129,157544.770023683,220714.662573673,-12870.2325973563,0.0344118205661937
1130,150420.158231143,208219.37317972,6749.66858913738,-0.0173054188879253
1131,155369.936598331,218480.93264801,-8461.66924634081,0.0225248809355914
1132,170667.759387807,219600.076010508,-24878.6353983151,0.0705948673649202
1133,153446.75342979,210286.331363596,1656.11520661373,-0.00354221810615571
1134,155082.166638167,214438.419089169,-4131.38572733558,0.0114337458015054
1135,144692.810423103,205157.426320195,15538.9632567018,-0.0425218390340452
1136,162810.367537034,218251.469622252,-15672.637159286,0.0446130745872242
1137,154033.663534303,217187.087613108,-5831.55114741047,0.015212369402105
1138,141862.035783265,217073.56467084,6453.59954589448,-0.0230406427784465
1139,159833.508614868,213698.536038029,-8142.84465289762,0.0245776288033265
1140,148700.151764431,213379.157105334,3309.89113023569,-0.0104948447758
1141,143524.511873296,210840.086288686,11024.6018380179,-0.0322873760402173
1142,161080.154494295,210613.875411495,-6304.8299057894,0.020293398923396
1143,146275.049992996,199841.754135854,19272.3958711502,-0.0504857660954526
1144,171025.080346731,227483.104691161,-33118.9850378917,0.091026046399185
1145,168329.223869752,225643.175441266,-28583.1993110179,0.0783628924708117
1146,163777.356981605,220145.052529491,-18533.2095110961,0.0514942407075707
1147,157323.312494752,208709.456260485,-643.568755237095,0.00438378054931624
1148,151038.509233551,206898.791240938,7451.89952551125,-0.0193436604253391
1149,160533.923198628,221690.700968921,-16835.4241675486,0.0458414109949705
1150,147920.983520811,211927.00396093,5541.21251825901,-0.0150770979816296
1151,142110.606787598,207459.625208623,15818.9680037784,-0.0443741856713777
1152,156085.239791277,209766.804331155,-462.844122431765,0.00348174619386048
1153,161278.474708769,219535.094738349,-15424.369447118,0.0426136914835691
1154,146898.491690869,202837.96419992,15652.7441092104,-0.0410834913778381
1155,169493.829041874,222978.783100096,-27083.4121419701,0.0758433156106485
1156,141448.698106313,207051.703214552,16888.7986791343,-0.0477697786729074
1157,159948.488303708,220832.597055679,-15391.8853593873,0.0413116183885992
1158,149859.43846139,214567.650924842,962.11061376828,-0.00413901184889553
1159,160144.444662701,212680.417010581,-7435.66167328227,0.0221208047631457
1160,137246.143576978,200474.326588913,27668.7298341088,-0.0768977802714314
1161,156997.273097978,212081.444748925,-3689.51784690242,0.0114753686696745
1162,159370.380056565,212757.967975385,-6739.1480319504,0.0201080343835108
1163,145371.62478271,209569.39663732,10448.17857997,-0.0292414404902237
1164,133221.107643927,200043.101980257,32124.9903758165,-0.0890972199924891
1165,145910.937747533,215265.564489066,4212.6977634012,-0.0152731440868945
1166,161083.454235689,220785.310012112,-16479.5642478006,0.0453836572094646
1167,129487.037791494,199147.368832234,36754.7933762728,-0.103040987199818
1168,144050.918315077,202831.055464316,18507.2262206071,-0.0498049943915736
1169,153697.527780345,211847.336781934,-155.664562278951,0.00120648646799826
1170,154192.195629147,213788.12166575,-2591.11729489645,0.00783174182175632
1171,157135.663238688,216233.391087403,-7979.85432609037,0.022301955034471
1172,152404.123702369,209560.308543479,3424.76775415271,-0.00886042129525167
1173,163257.867586361,214889.458184929,-12758.1257712897,0.0375006074334565
1174,159015.498725505,216522.351393338,-10148.6501188429,0.0281888169655637
1175,149843.797307854,215896.42424822,-351.021556073509,-0.00100933588304508
1176,154871.324546022,213312.804206309,-2794.92875233118,0.00797640400585364
1177,148331.643154539,208981.980828704,8075.57601675688,-0.0215572935599986
1178,147124.316360448,212187.984503815,6076.89913573733,-0.0176758945345204
1179,150777.877342315,208461.056001575,6150.26665611035,-0.0158851369353331
1180,149995.193712201,205979.379058231,9414.62722956733,-0.0237561637657485
1181,135306.223438702,200913.972244322,29169.0043169752,-0.0806617517380134
1182,159850.903083998,211936.943492125,-6398.64657612325,0.019489550167505
1183,147704.864122634,210318.732603266,7365.60327410098,-0.0198461348767251
1184,145843.023292323,204766.037070212,14780.1396374642,-0.0398831546371441
1185,152478.756456111,211556.225401756,1354.21814213297,-0.00301535032007092
1186,157447.160280453,208512.454704733,-570.414985185897,0.0048569173704135
1187,167589.687024866,223097.300018435,-25297.7870433006,0.0699055314301976
1188,163339.08091854,219936.729164779,-17886.6100833191,0.0499436086240938
1189,142593.428453563,206880.423695717,15915.3478507203,-0.0447141543995357
1190,155929.121371714,212976.889808475,-3516.81118018879,0.0108810980666163
1191,134077.047436155,194611.207510912,36700.9450529339,-0.0998269719636143
1192,149970.984818088,208972.590313449,6445.62486846297,-0.0167981758753452
1193,151981.91006404,213530.219676102,-122.929740141903,-0.000400874661663651
1194,162141.078926446,220859.318196973,-17611.1971234191,0.0488106094390561
1195,155872.647453889,218149.213708845,-8632.66116273362,0.0233325649237692
1196,153834.095890465,216484.407522212,-4929.30341267795,0.0132342639476526
1197,151729.448711304,214506.576740626,-846.825451929355,0.00189124158323517
1198,156885.802512918,222819.599848979,-14316.2023618963,0.036943258494119
1199,137473.848329396,197017.359931474,30897.9917391294,-0.0838896059124106
1200,150716.395153736,216687.941104362,-2015.13625809789,0.00424106666831125
1201,151083.288196949,203760.428307648,10545.4834954033,-0.0265115613098413
1202,161329.834723428,220809.216002468,-16749.8507258962,0.046142786134036
1203,146905.33843288,220964.802445062,-2480.94087794231,0.00267550066353522
1204,147628.356425548,209305.652625394,8455.19094905868,-0.0233605275273212
1205,140011.953492537,205147.244562955,20230.0019445084,-0.0561171352459158
1206,158311.046573067,210589.672624293,-3511.51919735956,0.0114525955867076
1207,145506.885378516,206099.68702503,13782.6275964535,-0.0379909337050554
1208,143667.48506012,205537.526667508,16184.1882723719,-0.0453348234665361
1209,161465.093368187,213187.523046242,-9263.41641442868,0.027513330667261
1210,146268.345728647,213404.004524064,5716.84974728868,-0.0181693333845918
1211,147268.593274937,205545.474516569,12575.1322084948,-0.0338030092618091
1212,157552.621693059,213512.425382948,-5675.8470760067,0.0165467977075631
1213,156962.19888094,213710.226943282,-5283.22582422197,0.0155993182294871
1214,160747.74001643,213734.046601564,-9092.58661799488,0.026429121581268
1215,141440.500057659,203873.786986323,20074.9129560174,-0.0551136450798952
1216,171821.499843572,218475.363488697,-24907.6633322694,0.0718771989261613
1217,176416.445635567,237191.135569774,-48218.3812053415,0.130565738544852
1218,145120.193662527,221914.470370233,-1645.46403275983,-0.00130946311390225
1219,141520.05156612,207985.851266183,15883.2971676971,-0.04393339136326
1220,146909.739174851,207629.739852906,10849.7209722438,-0.0295452662649119
1221,154882.110519739,210628.164872571,-121.0753923101,0.00180475982227683
1222,145656.360787536,210241.849406516,9490.98980594793,-0.0271242040176892
1223,133511.016302795,207735.031694294,24143.1520029109,-0.0695266076645355
1224,161470.314714285,223989.590480141,-20070.7051944253,0.0520930861433326
1225,161083.05030501,217144.132769251,-12837.9830742613,0.0360722517036787
1226,155492.260457904,213668.256860109,-3771.31731801259,0.0113967164921011
1227,152860.252184841,211465.003371893,1063.94444326573,-0.00249933362514485
1228,146240.094419661,210911.05975333,8238.04582700948,-0.0233187238853045
1229,160091.737351993,212759.289853343,-7461.8272053352,0.0222287585081396
1230,163202.122411648,221168.271758479,-18981.1941701275,0.0518892363235512
1231,145198.567914731,203136.704415053,17053.9276702154,-0.0459324339261572
1232,146995.997581427,204683.146060376,13710.0563581968,-0.0362561371375069
1233,157767.447461249,226660.23930355,-19038.4867647988,0.0488375531735155
1234,161518.684573425,225931.001849897,-22060.4864233219,0.0583657684865607
1235,163774.46465752,214907.262084467,-13292.5267419872,0.0388530192856999
1236,158360.533042504,212051.697551761,-5023.03059426567,0.0153023594320144
1237,149667.745786254,207421.109515384,8300.34469836258,-0.0221059406572998
1238,130144.523404097,198591.450785884,36653.2258100185,-0.102269055379597
1239,158964.933120337,217685.332054667,-11261.065175004,0.0318280686021484
1240,150749.634006695,206480.347985413,8159.2180078915,-0.0207048411319461
1241,147717.958953544,206741.872773873,10929.3682725828,-0.0293883329462425
1242,135118.376815736,201786.032795542,28484.7903887226,-0.0796376282564998
1243,168028.32653909,215919.100190565,-18558.2267296555,0.0538269863578395
1244,144374.522055142,209245.946245337,11768.7316995215,-0.0335790279179446
1245,158178.35229388,215381.555436021,-8170.70772990078,0.0227478099517565
1246,153526.894289706,214497.437715001,-2635.1320047066,0.00786791291468591
1247,158948.059190698,211827.827180867,-5386.68637156475,0.016782876938413
1248,138467.403279983,198824.604978593,28097.1917414243,-0.0764141068666116
1249,159561.154161958,207276.67050337,-1448.62466532813,0.00735541072063134
1250,150642.634158523,217517.107316897,-2770.54147542006,0.00641353548114532
1251,150440.364509884,215948.643265367,-999.807775251102,7.96050554300004e-05
1252,162142.600735062,213257.370196153,-10010.7709312146,0.0289374273086553
1253,152949.433866865,211478.284880298,961.481252837752,-0.00184678919066986
1254,161724.222146583,212390.254582609,-8725.27672919206,0.0267155403459267
1255,151964.625453563,208858.727275664,4565.84727077349,-0.0112816025615759
1256,160688.64187993,227041.352146013,-22340.7940259426,0.0588759477640034
1257,151861.428900925,208116.772076677,5410.9990223982,-0.01353833657627
1258,137510.309742438,204061.443118353,23817.447139209,-0.0659237757510827
1259,141536.924296496,211710.083564588,12142.1921389162,-0.0357461549536756
1260,161628.480790518,216172.628702131,-12411.9094926487,0.0345070826895649
1261,150540.697561359,210252.36940489,4596.13303375116,-0.0122094760653842
1262,141153.440726308,210058.079750113,14177.6795235793,-0.0414889933495881
1263,167609.085834075,214720.07367876,-16939.9595128346,0.0505588117848913
1264,151674.026808721,207601.900977936,6113.27221334295,-0.0149812833536029
1265,154484.623102952,208915.745451976,1988.83144507138,-0.00405337133896532
1266,136354.39452413,201563.872215605,27470.9332602647,-0.0756505642343422
1267,151219.665841917,214737.175989438,-567.641831354704,0.000657792325035352
1268,150493.184144516,207647.321876704,7248.69397877977,-0.0191661839934231
1269,149722.093470477,209275.083402813,6392.02312670945,-0.0175191489635999
1270,139659.351195272,202653.467539298,23076.3812654297,-0.063354211294181
1271,154117.346551044,215847.462634424,-4575.60918546788,0.0121173654627689
1272,132649.717032172,198031.059743035,34708.4232247934,-0.0960524270724264
1273,139669.328801755,202686.850635558,23033.0205626869,-0.0635707459263136
1274,163454.173418119,217103.951932119,-15168.9253502376,0.0430349394111467
1275,157913.126814551,207731.526039719,-255.452854270232,0.00337169787213435
1276,155997.048407214,209977.494254545,-585.342661759059,0.00385690095727671
1277,146767.010997319,210585.063729826,8037.1252728551,-0.0225859436465829
1278,162394.343398024,213146.507534486,-10151.6509325103,0.0305182495826376
1279,146136.053858602,204598.944077283,14654.2020641144,-0.0388813239928436
1280,161533.533528154,219300.615297263,-15444.9488254178,0.0423214444365528
1281,152476.46181037,206548.617528439,6364.12066119135,-0.0156871675848359
1282,142851.039251675,201840.981949152,20697.1787991734,-0.0553341482124706
1283,147525.899478506,213340.746955546,4522.55356594821,-0.013837153432987
1284,152231.981810595,215129.102761799,-1971.88457239396,0.00486791113551664
1285,135888.180907573,198397.852550514,31103.1665419129,-0.0855230378846479
1286,138567.424976608,199428.834352066,27392.9406713262,-0.0745328197028221
1287,150260.778526044,210306.99554712,4821.42592683557,-0.0132413243617721
1288,165490.404273089,213480.697880052,-13581.9021531417,0.0403758469174066
1289,182486.557721174,229083.791027264,-46181.1487484385,0.129572276277945
1290,168848.386540656,224532.001969032,-27991.1885096889,0.0778664650518168
1291,162798.49864817,216550.190482473,-13959.4891306427,0.0390383212745416
1292,158056.673437404,216933.583930205,-9601.05736760848,0.0263264698859443
1293,151234.321915187,211431.330498443,2723.54758636997,-0.00720302513553471
1294,152455.258593745,219130.745508572,-6196.80410231772,0.0143517413088154
1295,157331.026946391,209584.807469466,-1526.63441585732,0.00648787023907737
1296,136904.962608384,204610.936979263,23873.3004123533,-0.0664652396739032
1297,142511.342159187,205123.482540549,17754.3753002636,-0.0484872809311619
1298,152559.755948509,219349.641240194,-6520.19718870294,0.015352344060406
1299,150333.519486911,216871.196239502,-1815.5157264134,0.00320015133335866
1300,160132.191719778,216046.170864378,-10789.1625841555,0.0305645965892294
1301,172110.359099325,224444.401794016,-31165.5608933407,0.0868834816701384
1302,157740.76572971,214752.492422288,-7104.05815199803,0.0207520217967401
1303,153604.401081436,213614.39383206,-1829.594913496,0.00630347736418036
1304,163305.720273937,220685.30238434,-18601.8226582771,0.0506870635656308
1305,164211.77978817,215126.230008245,-13948.8097964149,0.0402075340179443
1306,133781.627239442,197165.747951118,34441.8248094402,-0.0944945003002553
1307,152037.153663063,207766.893146435,5585.15319050185,-0.0134211733277032
1308,148726.664110749,210192.22283697,6470.31305228051,-0.0178501898467938
1309,156221.654592969,213807.693023403,-4640.14761637244,0.0137804446080851
1310,152612.5784569,210673.762445772,2102.85909732821,-0.00475282106542813
1311,164437.765234133,220737.594524231,-19786.1597583637,0.0555217531399699
1312,176372.440944104,228309.104339683,-39292.3452837861,0.109624941449496
1313,137429.138050123,198857.289856898,29102.7720929783,-0.0794530859522049
1314,148381.116371992,202991.875158667,14016.2084693406,-0.0369141175967697
1315,124341.883117028,195778.562881968,45268.7540010035,-0.125865159392625
1316,158852.101555581,220145.136481313,-13608.0380368939,0.0364664023727615
1317,149988.150189747,209116.230671727,6284.81913852581,-0.0171908465790421
1318,171899.29050922,222255.331523285,-28765.4220325057,0.0812567056224279
1319,159414.065395636,213727.765405453,-7752.6308010887,0.0231367120776037
1320,157466.838261219,213222.385105631,-5300.02336685086,0.0165300955075164
1321,158362.62423013,225944.524459143,-18917.9486892734,0.0485537742431381
1322,147231.984343275,213557.53054435,4599.68511237495,-0.0136631535766471
1323,158156.476294299,213716.952020656,-6484.2283149545,0.0196224318602004
1324,132021.832272878,197454.0342071,35913.3335200216,-0.0993876625361014
1325,153989.613997912,208224.046312956,3175.53968913236,-0.00665599007943577
1326,123920.678246,197185.446458388,44283.0752956119,-0.124248376840361
1327,149064.167813692,211349.635711962,4975.39647434541,-0.0138736336757014
1328,153588.779386353,206699.984687097,5100.4359265496,-0.0115391233069053
1329,168754.68563834,218576.436419755,-21941.922058095,0.0626813936257384
1330,159423.970415116,212197.186913933,-6231.95732904848,0.0191508777822737
1331,138885.664574785,203248.182454629,23255.3529705859,-0.0643106675054534
1332,161724.064829255,221735.230404603,-18070.0952338583,0.0490664451591766
1333,162742.679850894,227373.417373591,-24726.8972244849,0.0647150331131712
1334,177781.219675864,225703.13253359,-38095.1522094537,0.106751832140908
1335,163089.532056898,220215.074855778,-17915.4069126763,0.049600701825727
1336,147176.023300689,203693.050274571,14520.1264247402,-0.0382311483076733
1337,153887.848641052,215069.379594499,-3568.02823555126,0.00878151933961389
1338,156297.819271573,212632.276456029,-3540.89572760242,0.0101087977712004
1339,155225.392154656,217342.680656282,-7178.87281093752,0.0185075534552247
1340,135659.153640711,202360.823978399,27369.2223808903,-0.0757726141104381
1341,144584.938337545,204544.501053099,16259.7606093569,-0.0437440745422755
1342,150049.569009684,207165.028748358,8174.60224195855,-0.0211850682451499
1343,167482.456840101,224391.72187252,-26484.9787126206,0.072402215557148
1344,146086.109968545,221086.334906553,-1783.2448750984,-2.34081098734876e-05
1345,145416.474866864,209100.051861257,10872.6732718794,-0.0311100306453056
1346,154561.731995384,211143.409958978,-315.941954362381,0.00231819967808983
1347,153037.077729022,214965.731986304,-2613.60971532617,0.006530392550352
1348,168910.828841265,218866.81606831,-22388.4449095753,0.0634333668790296
1349,151852.195514408,207307.17858094,6229.82590465195,-0.0156594014203877
1350,148976.633612633,215635.211139522,777.355247845699,-0.00370224127643852
1351,134154.29041383,198963.907536474,32271.0020496965,-0.0897842521833843
1352,151127.497452717,209588.020317476,4673.68222980754,-0.0119165409137684
1353,154636.735601493,209031.048471139,1721.41592736874,-0.0034955272757965
1354,147505.802459918,208325.99716804,9557.40037204255,-0.0263843880802313
1355,179288.646983435,226185.545295869,-40084.9922793037,0.11283603274407
1356,148847.404435168,209429.705501022,7112.09006381046,-0.0194894129186886
1357,155673.021450429,217591.660911596,-7875.48236202484,0.0221297169806824
1358,164183.276128366,217706.618843486,-16500.6949718518,0.0462853316697417
1359,149131.982972819,208144.203297595,8113.01372958574,-0.0212220394158606
1360,157225.178785295,216605.041284849,-8441.02007014438,0.0228560855513507
1361,149488.813781897,203308.625745573,12591.7604725297,-0.0334871900949179
1362,145574.614931084,207313.62072719,12500.9643417261,-0.0338307787638592
1363,157257.806851521,220808.524005447,-12677.1308569685,0.0327529767646084
1364,156993.92090978,215044.352738568,-6649.07364834798,0.0187916627683294
1365,143004.835088857,200851.113782533,21533.2511286103,-0.0581665707868039
1366,150653.210018033,204256.02475195,10479.9652300162,-0.025991052466855
1367,161848.174503639,220668.423285756,-17127.3977893944,0.0470792249617685
1368,152749.766650108,210766.084263859,1873.34908603394,-0.00479718579875654
1369,137768.152887473,201917.365520599,25703.6815919281,-0.0707241311806825
1370,156641.126861379,212616.210900905,-3868.13776228431,0.0114391679591302
1371,142700.233515328,202649.076771137,20039.8897135351,-0.0536047607388034
1372,154746.954427832,208891.637531897,1750.60804027092,-0.00264622311928124
1373,167697.986467969,223797.031270093,-26105.8177380621,0.0718029682224314
1374,156568.829724062,218139.766942472,-9319.39666653314,0.0252487949964465
1375,173352.088782933,222534.629180747,-30497.5179636797,0.0867615497193781
1376,151092.430481457,210644.701010183,3652.06850835978,-0.00863500500613353
1377,159001.26278413,215782.841704339,-9394.90448846825,0.0267147598057709
1378,147911.75928172,213558.969936776,3918.47078150342,-0.0131903815431078
1379,140428.075540038,201231.767072885,23729.3573870775,-0.0646801921907973
1380,155463.637246443,217527.65619931,-7602.09344575315,0.0206253014304064
1381,144583.081656947,209549.705391445,11256.4129516077,-0.0315053181099475
1382,161238.025733859,217355.068495954,-13203.8942298129,0.0368058912094073
1383,143904.415919557,206837.282214414,14647.5018660292,-0.040581347810026
1384,146000.896569197,208899.345890542,10488.9575402606,-0.0294257949201725
1385,144912.325826107,206289.638937098,14187.2352367951,-0.0385152435806089
1386,154955.704609154,216618.15924951,-6184.66385866486,0.0164439446409401
1387,137234.123710935,207359.997983235,20795.0783058296,-0.0598672339390592
1388,136301.290309999,202744.942307947,26342.9673820543,-0.0732262389841142
1389,159078.623650819,207041.355681716,-730.779332534352,0.00509473600332543
1390,144261.192833596,206641.606688002,14486.4004784024,-0.03934952546381
1391,161679.01453349,214670.571746203,-10960.3862796936,0.0307097053473628
1392,149484.867167245,215848.298014036,56.0348187188501,-0.00161456215857306
1393,163522.091921466,215312.192128255,-13445.0840497211,0.0395984361984752
1394,142258.017437529,201164.702522935,21966.4800395368,-0.0591294672291722
1395,152526.597070492,212908.5735303,-45.970600791683,0.000371933618104982
1396,152015.002288108,212395.250989671,978.94672222127,-0.00200535047717058
1397,151034.268417867,213454.053020565,900.878561568563,-0.00244710569720281
1398,166582.185151297,214541.405059459,-15734.3902107558,0.0462588715104529
1399,162491.326617035,210458.097060624,-7560.22367765958,0.0248447520685108
1400,147159.219894892,203035.038833927,15194.9412711808,-0.0404239153105448
1401,157951.989581495,211950.34246049,-4513.13204198546,0.0143328668085096
1402,146277.49220823,208686.394471835,10425.3133199353,-0.0291944000622788
1403,138963.16005549,204652.711692879,21773.3282516312,-0.060842721399984
1404,143292.225536715,205625.173218438,16471.8012448468,-0.045912548635985
1405,174425.382489798,219806.00284072,-28842.1853305177,0.0820121443108936
1406,151422.619670181,206571.690225303,7394.89010451606,-0.0194798379341305
1407,150419.563994653,209663.066134195,5306.56987115153,-0.0144556630572956
1408,151456.202637366,213640.225194237,292.77216839738,-0.000769648801131575
1409,155197.592323981,206156.657708176,4034.94996784313,-0.00864482022281109
1410,144882.664681891,204134.062294604,16372.4730235047,-0.0441885861324701
1411,160896.901571213,216899.862328627,-12407.5638998396,0.0355306936413831
1412,157144.751407354,210423.215393522,-2178.76680087595,0.00789004323481337
1413,151637.015641535,214978.265558404,-1226.0811999389,0.0032008091138179
1414,134720.866422317,202854.458094487,27813.8754831966,-0.0776963325828448
1415,158097.961378351,215470.972403516,-8179.7337818676,0.0223884186530063
1416,165694.240369231,222136.11385335,-22441.1542225808,0.0621818424194805
1417,154851.879671809,212277.125698274,-1739.80537008314,0.00524452224890487
1418,192380.749156297,242904.359453391,-69895.9086096875,0.191974434954795
1419,145915.119771804,207900.896680153,11573.1835480427,-0.031820737500283
1420,148642.393541857,203521.029729683,13225.7767284599,-0.0349082292375642
1421,145570.586735066,211895.510342033,7923.10292290116,-0.0230910031051181
1422,150190.488118666,208254.073096039,6944.63878529501,-0.0185722433324296
1423,145266.01099967,212144.47174118,7978.71725915,-0.024274431698045
1424,162239.092405787,213934.411487585,-10784.3038933721,0.0320271572006933
1425,149276.283974728,218806.028745622,-2693.11272034969,0.00373336028133171
1426,152120.193837172,208659.296314512,4609.70984831598,-0.0121030201970334
1427,139615.924428124,203632.871216531,22140.4043553452,-0.0618032764506974
1428,150094.683627396,207244.058696516,8050.45767608774,-0.0213296540500069
1429,153522.693639423,209899.604643034,1966.90171754244,-0.00410395167661533
1430,140396.129472954,204900.282145036,20092.7883820098,-0.0558955527429324
1431,149440.802566356,207860.788527088,8087.6089065561,-0.0215641463239188
1432,159628.633230804,210920.173109996,-5159.60634080035,0.0164472195456336
1433,139862.069507852,203383.009015643,22144.1214765056,-0.0612824489712538
1434,155758.562796883,210548.143106112,-917.505902995297,0.00448113900624617
1435,153566.291885059,209194.380709464,2628.5274054773,-0.0068532517526294
1436,151756.600391732,209105.196546539,4527.40306172904,-0.0111910627435635
1437,153466.527087028,213501.43036628,-1578.75745330733,0.00419492658528052
1438,151727.893074599,211425.927241442,2235.3796839586,-0.00621557881975971
1439,150759.495427895,214532.181915365,97.5226567397476,-0.000977259199177943
1440,148605.966681055,211652.588971629,5130.64434731565,-0.0144506057043326
1441,172122.697276643,225332.362325376,-32065.8596020189,0.089569453174125
1442,137282.578432868,204753.755006939,23352.8665601924,-0.0651313759199947
1443,138837.365167255,207745.077335096,18806.7574976489,-0.0544212041814219
1444,161276.443714443,218720.418826067,-14607.6625405097,0.0405460463414437
1445,160817.762925893,213710.273637461,-9138.83656335442,0.0270789951017503
1446,144180.443228287,210595.173729171,10613.5830425419,-0.0309403030978217
1447,159107.416985165,214234.458024325,-7952.6750094904,0.022527461963545
1448,160604.092756087,224284.326719876,-19499.2194759632,0.0515759297439472
1449,143903.165506778,201394.381226251,20091.6532669706,-0.0538961613566681
1450,150112.194564253,209575.885676545,5701.119759202,-0.0154691108508495
1451,150629.191088483,210971.020606261,3788.98830525618,-0.010794827338195
1452,157040.8056206,214507.767127966,-6159.37274856603,0.0165417142877485
1453,139060.904599188,202104.650394807,24223.6450060043,-0.0667285526411922
1454,150358.779916854,205940.678782041,9089.74130110483,-0.0227380205401391
1455,171216.474543777,229131.817263172,-34959.0918069491,0.0945265679905805
1456,146749.097329874,206694.000474614,11946.1021955114,-0.0317499666620258
1457,132337.82201787,198058.96513438,34992.4128477503,-0.0965620480805577
1458,143718.651899582,215548.292646987,6122.25545343029,-0.0209300448425589
1459,147737.333860197,217418.573704233,233.292435570387,-0.00404577089626821
1460,140535.590931231,196951.002379465,27902.6066893038,-0.075314360317512
1461,169162.477073926,233598.615803589,-37371.8928775153,0.0994118072022791
1462,150928.70058055,210600.43445198,3860.06496747088,-0.0100298543823583
1463,170543.25998815,221356.880925468,-26510.9409136179,0.0747012482073291
1464,141238.667302354,204562.995226881,19587.5374707649,-0.0543640315028638
1465,173482.506631563,226685.335434203,-34778.6420657661,0.0963025954869946
1466,156633.149721194,210217.447332136,-1461.39705333026,0.00524438818152049
1467,168838.335631216,219286.822652357,-22735.9582835733,0.0648658654230315
1468,148415.744952094,205346.343966105,11627.1110818015,-0.0305088804716788
1469,155859.273317432,213393.999260688,-3864.07257811952,0.0115329203664216
1470,159692.407052744,213010.312970033,-7313.52002277726,0.0214047930762864
1471,137766.195366897,203794.189296551,23828.8153365513,-0.0666126016003389
1472,153717.113007967,216647.380602797,-4975.29361076327,0.0127556919589429
1473,175276.154427897,231588.473339425,-41475.4277673215,0.112788448399435
1474,135846.284381618,198553.122236974,30989.793381408,-0.0850514252504349
1475,152493.87159405,216504.652853925,-3609.3244479741,0.00967642489004845
1476,162329.604333427,214752.622577201,-11693.0269106277,0.0348859984118327
1477,149426.371535513,207978.214877866,7984.61358662107,-0.0211257684905644
1478,172613.449484568,220289.506331071,-27513.7558156389,0.0786226653347774
1479,160320.385158676,213456.251095165,-8387.43625384144,0.0250638448190556
1480,146438.487155561,212984.745537792,5965.96730664646,-0.0174821534857718
1481,163800.434197902,217875.780590767,-16287.0147886684,0.0453940581071209
1482,162418.673269262,219476.587375853,-16506.0606451154,0.0451637022687344
1483,165218.781617999,218001.436066037,-17831.0176840359,0.0505299752985185
1484,161378.469454876,225060.767935919,-21050.037390795,0.0549405321059389
1485,165415.496902458,219924.210870125,-19950.5077725832,0.0556736074977808
1486,162891.262297039,213588.236964103,-11090.2992611417,0.0333919350494856
1487,164599.73102907,229278.137685652,-28488.6687147213,0.0752294441387114
1488,163170.102135649,226485.422748031,-24266.3248836803,0.0649882031335887
1489,149699.778506225,213393.379300901,2296.04219287419,-0.00712310117717772
1490,143004.34860208,206442.206132746,15942.6452651737,-0.043768583796525
1491,147185.18421055,210493.308078678,7710.707710772,-0.0223895768288442
1492,141886.437796688,206198.492233168,17304.2699701439,-0.0485115922426375
1493,146864.398854197,206377.022109047,12147.779036756,-0.0324165704518155
1494,137270.202743363,205273.428237222,22845.5690194152,-0.0641457946814631
1495,159308.110146814,219023.062410087,-12941.972556901,0.0352269696369609
1496,147874.886104501,213132.234494746,4382.07940075308,-0.0122475328158162
1497,134219.767290789,200424.266753245,30745.1659559656,-0.0855757834943617
1498,145734.800250491,207059.979813477,12594.4199360323,-0.0351108503742334
1499,160619.946310084,221202.941243635,-16433.6875537198,0.0445910524685723
1500,157962.617211278,213147.508621144,-5720.92583242181,0.0172303355516634
1501,160678.152851368,222118.513746251,-17407.4665976191,0.0473487517247929
1502,144180.792004132,203332.79257795,17875.6154179186,-0.0485821828246769
1503,156599.773422643,206709.172627437,2080.25394992059,-0.00328414788296054
1504,159079.030842197,214096.939467825,-7786.77031002141,0.0220203391703384
1505,163563.109764178,218417.400162776,-16591.3099269543,0.0465665342293477
1506,161801.505644283,215350.624924827,-11762.9305691101,0.0344804484241116
1507,163668.904732252,217166.833527619,-15446.5382598706,0.0438824059637482
1508,144017.181824368,205836.487884567,15535.530291065,-0.0426952735806459
1509,159709.348398103,221015.570956361,-15335.7193544635,0.0404677260341406
1510,174532.171186566,232145.589567266,-41288.5607538318,0.111753242892593
1511,152326.251082069,207253.216169912,5809.73274801881,-0.0140175837945565
1512,159399.471934224,213157.216018999,-7167.48795322358,0.0207813632503669
1513,147782.349107611,210755.629093502,6851.22179888695,-0.0188338901352173
1514,151732.942539477,210556.960017608,3099.29744291451,-0.00809783857731496
1515,152633.588662427,207154.525694268,5601.08564330445,-0.0140884937324588
1516,140115.179548357,199910.301054946,25363.7193966967,-0.0686721409820421
1517,151693.847813138,212386.640156198,1308.71203066449,-0.00345451786797494
1518,154867.055621384,220437.872836477,-9915.72845786123,0.0246501391925201
1519,167121.88614182,217300.170529205,-19032.8566710249,0.0545223945323579
1520,166503.881259608,217795.270632572,-18909.9518921797,0.0536786529039077
1521,177199.690552087,230000.063630559,-41810.5541826459,0.114808387993217
1522,163659.710305912,214668.251217665,-12938.7615235767,0.0376525293124001
1523,159162.039095857,222616.507133219,-16389.3462290761,0.043918503822788
1524,152420.711695783,211519.822319592,1448.66598462552,-0.00419839594038899
1525,139197.318078546,206431.187648184,19760.6942732707,-0.0554980381442271
1526,150712.979364697,217090.875712533,-2414.65507722989,0.00467265784582189
1527,154001.275645056,214031.271915724,-2643.34756077972,0.00689803836894287
1528,156455.736750112,214929.634707845,-5996.17145795637,0.0179476618591275
1529,152279.153181975,206611.409222959,6498.63759506593,-0.0158777853345538
1530,141018.084814856,208797.580028715,15573.5351564296,-0.0452597158143326
1531,154530.247498275,216720.537285467,-5861.58478374151,0.015213689661367
1532,159802.327460794,214443.429357581,-8856.55681837542,0.0258713848443416
1533,155755.307098895,216672.518008857,-7038.62510775228,0.0188854015045145
1534,155402.071908994,211932.50982488,-1945.38173387328,0.00636092870665603
1535,161549.899696471,218140.972163508,-14301.6718599788,0.0396141791170757
1536,148729.327911916,208370.293757374,8289.57833070977,-0.0227030167894898
1537,152532.267431018,224467.619744878,-11610.6871758969,0.0273220735358387
1538,161257.863403698,215841.584313497,-11710.2477171956,0.0333801820225229
1539,167679.074878852,222926.155774129,-25216.0306529814,0.069142917012269
1540,153507.355389093,213399.622517565,-1517.77790665854,0.00359140381642302
1541,143591.024165176,205485.752296855,16312.4235379681,-0.0444703757461513
1542,141412.402542898,204430.205121397,19546.5923357057,-0.0539725527408257
1543,148183.457567392,213383.533804922,3822.20862768538,-0.0118697684563643
1544,149606.359807703,207622.598734157,8160.24145814014,-0.0209645486600817
1545,133742.71322697,194861.45204363,36785.0347293998,-0.100598109930055
1546,144888.691289287,204971.14498733,15529.3637233828,-0.0419234279582454
1547,147950.899987039,214396.54769275,3041.75232021173,-0.0101132785892292
1548,141247.8761507,204207.185575562,19934.138273738,-0.0549493301454707
1549,144611.413933601,208493.74074539,12284.0453210086,-0.0353541799569934
1550,145759.989649511,212047.876096056,7581.33425443299,-0.0219999953955021
1551,164558.929805985,221230.274138858,-20400.0039448438,0.0567486074369004
1552,150430.730894915,210617.667914061,4340.80119102396,-0.0119812303749083
1553,146890.673449835,210627.033016794,7871.49353337131,-0.0224577452368669
1554,155916.777847553,215635.85276988,-6163.43061743357,0.0168708248254334
1555,160652.087900842,217960.021253728,-13222.9091545705,0.0369525780668144
1556,181106.750696041,228738.149165044,-44455.699861085,0.123819367323333
1557,137657.055379812,205109.805966234,22622.338653954,-0.0636872976776379
1558,161461.866471117,209393.350310189,-5466.01678130607,0.0186614686197041
1559,175427.764091222,229621.239423474,-39659.8035146956,0.110305929454301
1560,151355.897362937,218116.478817657,-4083.17618059466,0.00963615337726902
1561,146626.478334792,204733.194669692,14029.5269955169,-0.0379898911187572
1562,140699.2625179,204392.801277161,20297.1362049393,-0.0561030143546518
1563,145676.804720587,213272.02973257,6440.36554684251,-0.019611137808079
1564,158793.373875722,220220.162220927,-13624.3360966488,0.0370342364792627
1565,134578.608626124,212404.966273627,18405.6251002494,-0.0546266987259818
1566,160590.764740909,211188.624625279,-6390.18936618778,0.0203759683450492
1567,162698.474067365,234723.810863059,-32033.0849304232,0.0826751683376894
1568,158260.46822635,214142.788386352,-7014.0566127018,0.0197018147556205
1569,151982.451290383,206786.207405001,6620.54130461597,-0.0163287198882445
1570,150108.884654077,208331.720069363,6948.59527656081,-0.0179983900243288
1571,162659.804941059,219994.285775234,-17264.890716293,0.048319199621327
1572,157320.408451554,218521.962024805,-10453.1704763591,0.0280020431701853
1573,171871.070686846,220200.179706041,-26682.0503928867,0.0762178086041137
1574,166762.45354553,218368.23841542,-19741.4919609499,0.0562628547472028
1575,157204.490826414,213711.117570657,-5526.40839707054,0.0160189170226083
1576,167297.253561988,221680.889971763,-23588.9435337508,0.0667364047417929
1577,157718.792120582,216417.280831874,-8746.87295245664,0.0244694106824239
1578,154287.439359006,214615.248864435,-3513.48822344135,0.00972929050548205
1579,149284.920708655,215344.686586739,759.592704605835,-0.00400567783745867
1580,166979.288879142,244316.579922603,-45906.6688017451,0.118257048274764
1581,144121.313273258,205132.305175814,16135.5815509286,-0.0443089604476566
1582,156681.88155843,217194.67192687,-8487.35348529986,0.0242127221761606
1583,178452.207785253,226771.698921439,-39834.7067066926,0.11250648226953
1584,168867.596642426,223642.459299458,-27120.8559418842,0.0748584599314932
1585,149903.951111843,211291.200589773,4194.04829838441,-0.013001363460855
1586,128609.455833014,195507.853184121,41271.8909828653,-0.11452258638849
1587,144439.512041382,210595.641465822,10354.0464927956,-0.0306937207990475
1588,155637.137522192,211274.5646246,-1522.50214679184,0.00567468807539586
1589,152141.168986018,207249.505018566,5998.52599541529,-0.0153925622977123
1590,163863.600123641,218024.21591009,-16498.6160337309,0.0469463446470925
1591,148574.514932096,209246.267576265,7568.41749163857,-0.020005893402731
1592,131141.471771214,195847.046095391,38400.6821333948,-0.106042831939935
1593,146957.570717556,208044.330643858,10387.2986385854,-0.028450866243224
1594,149487.179242732,209139.571818841,6762.44893842685,-0.0185915250763108
1595,161633.616161552,215936.715989641,-12181.132151193,0.035406655458118
1596,148934.058555878,211978.514849786,4476.62659433595,-0.0132949181506682
1597,176423.406320601,223698.198406473,-34732.4047270739,0.0998612782226458
1598,154313.9357831,212866.160874696,-1790.89665779588,0.00472720674600328
1599,151845.154705708,215006.453646663,-1462.40835237171,0.00373479746159297
1600,140915.559824534,206297.949435835,18175.6907396319,-0.0510078445032861
1601,136429.72871447,207703.344206862,21256.1270786679,-0.0611842618885931
1602,149293.84358926,210909.275004818,5186.08140592271,-0.0142436885678441
1603,146363.928618387,207046.519471904,11978.7519097088,-0.0330468124299956
1604,146616.998259529,206860.595431774,11911.6063086973,-0.0329316627992524
1605,160908.877148596,218723.836719647,-14243.513868243,0.0393589317112608
1606,170015.93034568,218139.624437254,-22766.3547829342,0.0654143252712295
1607,176455.585510937,219270.357641878,-30336.7431528159,0.0865065875006755
1608,154105.213818421,213927.245469749,-2643.2592881702,0.0067892827021255
1609,148209.104723578,209531.897062943,7648.19821347826,-0.0212514610891978
1610,146387.023397715,212951.729047666,6050.44755461969,-0.0185957302786798
1611,146702.459350624,204333.231764024,14353.5088853518,-0.0387412609756115
1612,156221.809005626,210048.206682819,-880.815688444709,0.00467188509480163
1613,142530.534318391,203029.373803669,19829.2918779402,-0.0540704985604449
1614,140789.369100131,205375.999110413,19223.831789456,-0.0543126582705326
1615,140563.73294861,203491.92443824,21333.5426131501,-0.0584713673002447
1616,151446.648140293,207586.077938646,6356.4739210608,-0.0157018632677832
1617,160926.889113084,226253.682292523,-21791.3714056073,0.0568490709717009
1618,148447.044880149,212928.249423432,4013.90569641936,-0.0117593151738624
1619,150292.788547819,223828.889964792,-8732.47851261077,0.0197983114228653
1620,152338.683725471,217242.154337544,-4191.63806301513,0.0100654137117374
1621,142549.277588827,204031.574590821,18808.3478203515,-0.0511310397304038
1622,159562.599641702,221750.396807822,-15923.7964495237,0.0427307433843004
1623,167731.840193847,223061.401796418,-25404.0419902648,0.07087000547689
1624,139951.88447532,213914.320299041,11522.9952256388,-0.0363187583149869
1625,136678.035497889,205829.485820826,22881.6786812855,-0.0643568240225421
1626,159393.56723491,211552.023912587,-5556.39114749746,0.0169983561327073
1627,145098.777907301,214162.082680673,6128.33941202582,-0.0194078784551958
1628,156163.784783696,211966.811031742,-2741.39581543748,0.00821020557749371
1629,133986.860383504,200439.311031202,30963.0285852937,-0.0861225321275758
1630,152715.833815311,210403.347874697,2270.01830999175,-0.00630161557098466
1631,157037.874911906,216633.783713315,-8282.45862522069,0.0223122620754424
1632,152318.052874233,212835.587990545,235.559135221411,-0.00112663263170683
1633,151466.213085678,209248.329608522,4674.6573058003,-0.0115531380239192
1634,158224.161940045,213130.903081728,-5965.86502177321,0.0176249822508278
1635,136702.834824526,204097.493619045,24588.8715564293,-0.0688181844045613
1636,139428.65912391,202686.610458255,23273.9304178348,-0.0635852056448509
1637,152366.815100592,213352.781760827,-330.39686141914,0.000530563321073408
1638,157821.21718095,228072.01688969,-20504.0340706404,0.0517228967076456
1639,153689.406055766,215059.10030639,-3359.30636215577,0.00949961220930684
1640,149795.123860128,206380.99098607,9213.08515380241,-0.0236856604588175
1641,154172.310073682,217058.647957196,-5841.75803087774,0.0154383186671363
1642,142372.017081689,201695.849298714,21321.3336195967,-0.0572366561276922
1643,160699.012303838,213973.971166815,-9283.7834706534,0.0273139484215995
1644,169496.847535846,222683.227290108,-26790.8748259543,0.0752333675611362
1645,140069.46592089,211200.588652612,14119.1454264977,-0.0413638099590007
1646,160379.017240857,222205.603473819,-17195.4207146768,0.0459579805755957
1647,171193.4938645,220429.170542063,-26233.4644065623,0.0750024798278118
1648,162785.374099535,218127.555589111,-15523.7296886457,0.0432790125920591
1649,152294.920080659,210169.061430814,2925.21848852636,-0.00742691636814729
1650,162011.457926065,216803.509708796,-13425.7676348604,0.0376228216171361
1651,154033.670203215,215358.601320576,-4003.07152379089,0.0104724371750653
1652,156630.586493423,215644.201438585,-6885.5879320078,0.0184455031994806
1653,158351.876966006,209781.469740327,-2744.14670633234,0.00991799722001423
1654,154594.721891397,221901.450484657,-11106.9723760542,0.0280302758350574
1655,142399.386925024,206620.253088466,16369.5599865103,-0.0456729615246151
1656,173464.431354966,232346.669400385,-40421.9007553508,0.11084719205941
1657,167238.594365616,234501.11024771,-36350.5046133258,0.0957890740589408
1658,137996.600444702,199818.406960758,27574.19259454,-0.0747915472569758
1659,154375.157016082,218951.14089787,-7937.09791395202,0.0192529202914269
1660,163685.731271748,218393.307088248,-16689.8383599955,0.0477171612501315
1661,165585.46386831,215556.433447478,-15752.6973157881,0.0457669695124951
1662,156703.279795121,213429.56146949,-4743.6412646111,0.0134856978826692
1663,143220.437130594,212898.008564692,9270.75430471433,-0.0276793958120109
1664,153205.729256438,211553.741217437,629.729526125302,-0.00148233358935464
1665,157348.402745229,214631.932772025,-6591.13551725325,0.0188389099591695
1666,157720.816822076,210288.07894376,-2619.69576583651,0.0103162494364823
1667,148379.632571902,209738.780515126,7270.78691297263,-0.0198253753267278
1668,156574.147662825,215481.301411974,-6666.24907479895,0.0189236413085698
1669,157798.36642771,225042.777635438,-17451.944063148,0.0453590561388339
1670,158070.691446999,215111.122066418,-7792.6135134169,0.0217149450641005
1671,154904.251615399,207927.760263823,2557.18812077795,-0.00466263180264705
1672,152051.265039259,211752.858667272,1585.07629346964,-0.00465749901526144
1673,152930.758466188,210576.800322801,1881.64121101063,-0.00453539149465521
1674,130592.898079122,200875.200238861,33921.1016820173,-0.0953179071608868
1675,154046.150507387,215539.239933206,-4196.19044059206,0.0107962098339372
1676,146604.08133884,209610.725677337,9174.39298382326,-0.0259252884948953
1677,139124.959365467,202740.615232467,23523.6254020654,-0.0647576497657915
1678,161695.502036466,219873.441837763,-16179.7438742282,0.04359272954957
1679,165615.24634666,212555.048629765,-12781.0949764244,0.0389109236280791
1680,162250.481288862,210969.910243411,-7831.19153227261,0.0250325781840073
1681,147629.29376731,207272.084263827,10487.8219688638,-0.0285601948362304
1682,156345.787152134,218153.702963091,-9110.29011522519,0.0237164116606809
1683,182286.90599741,224751.94102198,-41649.64701939,0.117916519397146
1684,150652.254224449,209414.746348502,5322.19942704885,-0.0143024592492088
1685,145534.680504987,209538.234074105,10316.2854209085,-0.0291054427542571
1686,159341.160795879,211248.73672458,-5200.69752045895,0.0163946244306912
1687,164986.009092381,220497.750026132,-20094.5591185127,0.0556568446841566
1688,149129.75919657,221341.356796806,-5081.91599337588,0.010928282764779
1689,162642.047126533,212904.81238196,-10157.6595084926,0.0306477359244921
1690,150219.069839954,209418.985381874,5751.1447781715,-0.0156856047501969
1691,136056.407022263,203830.07035923,25502.7226185065,-0.0710670183222796
1692,156279.97269634,213934.513545301,-4825.28624164109,0.0145270672603028
1693,156395.273785527,216365.429361602,-7371.50314712815,0.0199327203770426
1694,136399.303710933,202527.924166733,26461.9721223346,-0.0738911797151166
1695,167651.228033742,219982.777665085,-22244.8056988273,0.0630133915820129
1696,144802.206517395,206727.39998106,13859.5935015452,-0.037867022430478
1697,136736.279093893,206241.52710629,22411.3937998167,-0.0639659307977983
1698,172077.587401362,217770.387034005,-24458.7744353666,0.0703366300781312
1699,152555.497855194,214439.15629597,-1605.45415116422,0.00457553949492959
1700,145942.27569617,205690.6728994,13756.2514044295,-0.0365284277197585
1701,160355.501825526,219387.683104691,-14353.9849302165,0.0396004914812068
1702,161791.002605448,215744.900474987,-12146.7030804349,0.035331813990708
1703,148200.480576102,216607.316557257,581.402866641525,-0.00481524918427718
1704,161582.016608544,218006.868402886,-14199.6850114307,0.0398761340771372
1705,139905.948430112,203203.54912503,22279.7024448579,-0.0612841644832753
1706,135515.726162485,198015.258891178,31858.2149463368,-0.0872405385130092
1707,163333.659652812,218021.246457419,-15965.7061102305,0.0449106112773581
1708,151433.322299229,209762.977499135,4192.90020163561,-0.0105300396510188
1709,149077.707272533,204921.17688741,11390.3158400574,-0.0302483023303678
1710,162121.734583328,213780.217676953,-10512.7522602808,0.0317348211906727
1711,150017.006843065,214201.032764626,1171.16039230849,-0.00485898240416354
1712,165081.918929174,216931.768618298,-16624.4875474722,0.0482296827937586
1713,147066.894013426,206200.261955355,12122.0440312198,-0.0323176796415884
1714,140352.514347988,202755.662252863,22281.0233991489,-0.0610806674118535
1715,132065.470033484,200395.622202384,32928.1077641328,-0.0912865893207415
1716,155251.995921217,215862.287037133,-5725.08295835013,0.0150676853615336
1717,152021.1443876,208610.082820333,4757.97279206681,-0.0116954788437702
1718,164524.31021549,215047.377751162,-14182.4879666519,0.041109449836145
1719,146544.839181443,210867.062270683,7977.29854787415,-0.0231740790816965
1720,158311.370808491,218927.777696775,-11849.9485052658,0.0311479240990465
1721,145629.180666062,207831.366367367,11928.6529665711,-0.0330033624076186
1722,172204.091199438,222790.450419102,-29605.3416185399,0.0834041719714652
1723,175756.749406526,228588.256775634,-38955.8061821602,0.107951385439614
1724,150610.056678737,210301.012442126,4478.13087913662,-0.0116524589646111
1725,169711.683731098,221814.873406792,-26137.35713789,0.0725055024629318
1726,144318.905584705,205723.04131038,15347.2531049151,-0.0416604565541023
1727,157131.342453775,214276.627065723,-6018.76951949747,0.0165577037481558
1728,152456.71768671,212324.294688222,608.187625067716,-0.00125820943638245
1729,155269.107836313,209153.25944732,966.832716367499,-0.000120049991669492
1730,155990.464327199,212251.475277153,-2852.73960435117,0.00921449120555021
1731,155822.540320826,208774.234462425,792.425216748437,6.69645772267062e-05
1732,149213.616512988,208673.21923651,7502.3642505029,-0.0199525501252513
1733,140042.381620465,203454.252305479,21892.566074056,-0.0598693267956484
1734,152604.742848674,220177.736098698,-7393.27894737234,0.0168028880706607
1735,149780.0491812,210595.77562026,5013.37519853987,-0.0133998134353967
1736,145315.158402345,206923.954945854,13150.0866518005,-0.0358075712335125
1737,158314.217944475,215431.142013951,-8356.15995842591,0.0238666155428661
1738,163338.975277659,211688.885228758,-9638.66050641733,0.029324154076962
1739,159563.154994795,217319.895280044,-11493.8502748389,0.0319513558063471
1740,147600.864862039,208892.345153871,8895.98998409003,-0.0246657217463847
1741,143212.579308765,206420.473273014,15756.1474182208,-0.0433148106816064
1742,150105.328207043,211651.884070343,3631.98772261402,-0.0113126668132254
1743,146975.02095614,209296.903346271,9117.27569758956,-0.0249896293732534
1744,159442.69392412,226941.328937808,-20994.8228619283,0.0534504008842154
1745,164853.119617171,213363.31667363,-12827.236290802,0.0375199488823734
1746,138103.306049725,198694.656892775,28591.2370575001,-0.0780880532446386
1747,157432.123043062,211211.707034371,-3254.63007743226,0.0109700910118772
1748,144553.501079452,204995.293450024,15840.4054705245,-0.0427549523325309
1749,135241.568569595,198322.176204364,31825.4552260411,-0.0868959012205172
1750,143841.224810471,210948.977409103,10598.9977804256,-0.0306118063873598
1751,129054.761268832,197103.915160391,39230.5235707772,-0.108726143707622
1752,155371.998905231,220810.003521284,-10792.8024265146,0.0270117573364978
1753,162275.642104389,214365.728220931,-11252.1703253199,0.0326373189043785
1754,145992.928026619,210200.857026425,9195.41494695551,-0.0261943753371599
1755,152121.318463108,212416.8358448,851.045692092099,-0.00195059757543704
1756,137660.577435586,221800.763108283,5927.85945613094,-0.0238072329551788
1757,159257.221477231,217713.45864187,-11581.4801191014,0.0316007220183894
1758,125947.718978057,201619.439694573,37822.0413273696,-0.106855929130186
1759,154202.445304831,213095.674407699,-1908.91971252981,0.00703907771297596
1760,157000.011414442,214372.332274479,-5983.14368892071,0.0176156575171705
1761,158864.504663745,220370.584044354,-13845.8887080988,0.0372974309693659
1762,157320.097341961,218819.196344351,-10750.0936863123,0.0289999572871313
1763,138963.388949483,210165.405071802,16260.4059787146,-0.0468308493248751
1764,149955.312123451,208202.018736001,7231.86914054828,-0.0184045155343994
1765,157247.917869762,211976.897727086,-3835.61559684743,0.012127129187014
1766,149364.502770441,212081.276375735,3943.42085382337,-0.0107868892786013
1767,143477.935467425,216130.406841694,5780.85769088095,-0.0193391316769248
1768,151355.4275454,213480.044729522,553.727725078119,-0.00145174770065209
1769,151472.170862345,210399.558198455,3517.47093920043,-0.00944197627617657
1770,144437.479286335,215085.178984958,5866.54172870639,-0.0185584763447483
1771,147001.411562391,215308.900050736,3078.88838687335,-0.0115378870908738
1772,160165.877780008,215188.533860781,-9965.21164078935,0.029141770884406
1773,137260.451333139,209009.086730173,19119.6619366877,-0.0557834792970783
1774,154191.052474089,214785.295959063,-3587.14843315119,0.00926677794638561
1775,144044.802303274,204593.067982231,16751.3297144946,-0.0453923674647331
1776,147244.292887768,208014.64281343,10130.264298802,-0.027639223191623
1777,164967.45694965,220522.655246594,-20100.9121962448,0.0556362687626387
1778,153478.336285575,215741.815241406,-3830.95152698091,0.00943454206397151
1779,146694.189510505,208585.906797249,10109.1036922461,-0.0279121351627035
1780,158256.945208404,215956.816135843,-8824.56134424743,0.0246994143642118
1781,151618.768702607,217100.642291295,-3330.21099390223,0.00813405623712272
1782,150934.326115586,210830.746541614,3624.1273428002,-0.0102692033682654
1783,142094.106076729,205245.950091437,18049.143831834,-0.0491575517865736
1784,157774.850394428,208550.786466397,-936.436860825692,0.00581366468067623
1785,133881.687008334,202529.785583265,28977.727408402,-0.0816250212037728
1786,161567.231882147,214617.772350183,-10795.8042323297,0.0315893337253824
1787,162503.869736995,216893.692229576,-14008.3619665708,0.0401609908646858
1788,137208.831815312,204924.619612277,23255.7485724115,-0.0658031828683997
1789,167285.807336997,214689.685799849,-16586.2931368453,0.0479374421054547
1790,158242.38968644,218264.466534203,-11117.6562206434,0.0297654665830674
1791,155737.295592524,217485.190333762,-7833.28592628631,0.0205906765717812
1792,160546.737996535,233918.875347209,-29076.4133437439,0.07358898913338
1793,163714.612285545,218180.702834772,-16506.1151203177,0.0468305438010158
1794,149929.277968645,208449.930913519,7009.99111783627,-0.0176901887435049
1795,151146.0717465,212465.98087058,1777.14738291985,-0.00559715738451062
1796,160298.96939887,221865.653826408,-16775.4232252783,0.0448827909510269
1797,175599.989329328,220343.657293293,-30554.4466226206,0.087096544664013
1798,159935.313404009,214636.126977339,-9182.24038134742,0.0264173363259554
1799,148075.812280057,212970.75198101,4342.63573893305,-0.0131244798290472
1800,154189.975780287,212801.517441562,-1602.2932218489,0.00437816056780001
1801,168491.540765363,220394.023101201,-23496.3638665636,0.0664909790800406
1802,152679.455605376,208486.106847933,4223.6375466914,-0.0101050910614372
1803,164913.119301649,224952.399188357,-24476.3184900062,0.0670761371436415
1804,144256.257257842,208222.200008972,12910.7427331855,-0.0362874380018701
1805,135586.325247536,200091.353566381,29711.5211860831,-0.0815606726793841
1806,147048.324138976,211890.982088151,6449.8937728735,-0.0189029260013065
1807,152791.256368725,216045.329043898,-3447.38541262253,0.00865171534688328
1808,151630.372229963,233949.037014629,-20190.2092445918,0.0481626338916148
1809,146763.367647485,202104.553774603,16521.2785779113,-0.0438908947267124
1810,154446.99186951,207288.189234517,3654.01889597217,-0.00788369563446742
1811,144996.249928859,201512.202205029,18880.7478661115,-0.050208459081631
1812,142628.559554268,205348.3051039,17412.3353418313,-0.0486332640211045
1813,147853.173392182,209529.255508466,8006.7710993521,-0.0224903750942877
1814,185168.963282849,236958.487812029,-56738.2510948782,0.155687979799253
1815,162258.693639215,213991.59166013,-10861.0852993446,0.0322338011410042
1816,165086.341674399,219244.156841182,-18941.2985155815,0.0530086507722834
1817,158082.08157467,225071.377508848,-17764.2590835184,0.0459874497726856
1818,168321.228414015,220488.553515134,-23420.5819291488,0.0651727198961859
1819,166483.606351957,218790.866626043,-19885.2729780004,0.0562624973732456
1820,144064.874446577,210264.187111442,11060.1384419809,-0.0319940421975197
1821,170058.707542743,223141.063714132,-27810.5712568749,0.077797902218146
1822,169884.792659101,219939.633602506,-24435.2262616078,0.0699279859738007
1823,149714.184846878,204073.721835039,11601.2933180829,-0.0298831944926502
1824,143450.434111646,204252.05655219,17686.7093361641,-0.0486300710955461
1825,153490.266405079,206240.395393843,5658.53820107825,-0.0131886401823687
1826,164174.909595546,215237.61648055,-14023.3260760961,0.0401992723230698
1827,176468.182832343,222757.081102942,-33836.0639352846,0.0953993140801846
1828,153291.765310093,214415.995991942,-2318.56130203523,0.00587570942414799
1829,147434.701986925,211646.66782906,6307.83018401492,-0.0184890786803793
1830,140174.432558659,208998.241207324,16216.5262340168,-0.0469078082579909
1831,157603.399563618,209716.578467339,-1930.77803095739,0.00757805593280133
1832,154299.847131731,216037.872831738,-4948.51996346941,0.0120282044084027
1833,145328.811213336,202633.66332711,17426.7254595538,-0.0473546615754941
1834,163285.227160487,213324.446125299,-11220.4732857861,0.0334489788087585
1835,154106.282814536,209175.315047238,2107.60213822545,-0.00498437270886152
1836,158588.013118524,222268.389822414,-15467.2029409381,0.0404597484876489
1837,150014.409220235,212624.674089131,2750.11669063405,-0.00839557776575841
1838,153615.472226075,207480.757753209,4292.97002071614,-0.00911727003039778
1839,159193.675864792,211928.717436721,-5733.19330151373,0.0176137395994402
1840,160659.94456263,216235.168865082,-11505.9134277125,0.0325360742124187
1841,164197.519061683,216079.692861146,-14888.0119228294,0.0428925552177393
1842,149565.611688977,213180.074211814,2643.51409920858,-0.00905952664908098
1843,161090.711648767,216616.250410847,-12317.7620596135,0.0344000566587704
1844,161867.381702133,208582.583388811,-5060.76509094407,0.0173089355943282
1845,168731.820022092,218353.301710662,-21695.9217327547,0.0620817913355411
1846,145120.377906001,210394.97451492,9873.84757907892,-0.0284935579028006
1847,161495.627475141,220906.752109483,-17013.179584623,0.0460293091292771
1848,143956.576236467,211567.749972257,9864.87379127624,-0.0292245210150942
1849,149258.233334322,205383.582115728,10747.38454995,-0.0281041998037246
1850,156428.580644105,208766.498920893,194.120435001852,0.00101792033799984
1851,150095.395273398,215906.20568012,-612.40095351846,-0.000720568500888039
1852,157448.389497085,211574.161507092,-3633.35100417765,0.011465075636445
1853,150048.17057002,220153.06023438,-4812.03080440086,0.00971420741407605
1854,157138.349841032,216140.117083849,-7889.26692488068,0.0217712273875745
1855,157595.607039332,220004.105658382,-12210.5126977136,0.0317151646923958
1856,148181.74819078,213124.6397019,4082.81210731965,-0.0128331891422158
1857,162175.178727173,219102.315597111,-15888.2943242848,0.044820246311119
1858,155470.098815654,216400.870291068,-6481.76910672162,0.0175818630962625
1859,143792.781994557,206791.062919705,14805.3550857381,-0.0408765842359963
1860,159320.901693323,219539.849374953,-13471.5510682765,0.0368947284475932
1861,151519.524247136,208918.269567155,4951.40618570911,-0.0123072927703538
1862,155704.640887681,213242.284759965,-3557.72564764525,0.0105307953834176
1863,155638.03855713,206218.452592486,3532.70885038405,-0.00735938557869902
1864,155398.185084053,212532.281379416,-2541.26646346861,0.00729684998553694
1865,160001.171859121,215650.588338257,-10262.5601973785,0.029964379383688
1866,141336.755105892,201882.390231923,22170.0546621853,-0.0607047683835302
1867,139355.835411101,201378.550702134,24654.8138867648,-0.0674078750875688
1868,164973.342063855,219782.722043945,-19366.8641078002,0.0534308819010384
1869,162697.686893908,215231.060677661,-12539.5475715691,0.0360517758828146
1870,141798.45482773,205434.315412299,18156.4297599708,-0.0503399107468371
1871,138019.61508576,204613.38097749,22756.2039367498,-0.0632439665539565
1872,139138.418388053,207695.81599367,18554.9656182773,-0.0524376617588791
1873,147176.198846543,206858.323812792,11354.6773406655,-0.0307299653142192
1874,150766.849425415,211305.763388832,3316.58718575322,-0.0101108491905983
1875,150417.105055843,224630.408303725,-9658.31335956807,0.0215657456606464
1876,144171.545657685,204995.626584496,16222.0277578196,-0.0442499156596328
1877,174432.326298646,235132.134134429,-44175.2604330748,0.118796380354343
1878,152577.977837708,216327.134268099,-3515.91210580774,0.00865823546457023
1879,147947.346393688,211804.403283744,5637.45032256824,-0.0167591303359167
1880,167023.684826909,230069.014179562,-31703.4990064718,0.0847525670485137
1881,139643.586464345,207222.536096906,18523.0774387487,-0.0524643856808307
1882,130609.316690243,197702.27484083,37077.6084689274,-0.102783234413987
1883,147574.692054039,208412.982328834,9401.52561712713,-0.0259885545231882
1884,151702.698346027,208468.379235672,5218.12241830048,-0.0134926835228833
1885,185748.590872984,239453.192211903,-59812.583084888,0.163792694984992
1886,164394.825748342,221685.437703915,-20691.0634522567,0.0562515093474633
1887,157500.773673023,229863.589041061,-21975.1627140846,0.0562699872219858
1888,175059.891461289,217925.470061233,-27596.1615225218,0.080095893080775
1889,160287.575266025,218834.857556441,-13733.2328224653,0.037935020179922
1890,156443.018032361,217453.924676419,-8507.74270878063,0.0226933438682062
1891,178416.316566812,237150.520248226,-50177.6368150382,0.136005205902211
1892,172219.125992387,221035.703868264,-27865.6298606512,0.0786449309332821
1893,137350.128606118,203724.364349876,24314.7070440058,-0.0680803829785439
1894,140110.359749709,202931.536408985,22347.3038413061,-0.0617431770741904
1895,143120.892706192,205537.74716595,16730.5601278584,-0.0457670109074801
1896,158987.033575208,212093.704482438,-5691.53805764654,0.017870690678314
1897,151850.682062142,208574.215569091,4964.30236876715,-0.0126474247692842
1898,154416.376711761,215242.935899598,-4270.1126113591,0.0105542535571318
1899,148550.772193242,212884.54589187,3953.88191488851,-0.0122414145711998
1900,168238.964313861,220460.862274446,-23310.6265883067,0.0664128194812291
1901,147410.050517235,207390.245171641,10588.9043111248,-0.0285227937642262
1902,152794.428437699,221140.094896325,-8545.32333402388,0.0209527825130308
1903,155714.860422611,208770.532751081,903.80682630837,-0.000856232023864655
1904,132614.764245192,198576.483467627,34197.9522871816,-0.0944453717843483
1905,133253.14292351,204197.974850346,27938.0822261439,-0.07908368934292
1906,144994.780355719,201990.784342706,18403.6353015747,-0.0490611785209978
1907,160729.406460912,212255.267419792,-7595.47388070356,0.0238285661307722
1908,160525.266779834,211886.349149482,-7022.41592931654,0.0223740184217385
1909,144900.637568141,209389.836681082,11098.7257507765,-0.0312859777479145
1910,167715.291412744,216484.555626377,-18810.6470391214,0.0547774663696235
1911,152964.509766942,209868.35002356,2556.34020949801,-0.00551023079229268
1912,170309.897718046,215343.722014419,-20264.4197324654,0.0590859217920834
1913,148477.232798549,209251.4541791,7660.51302235114,-0.0212419211312627
1914,148746.333419397,225972.232935513,-9329.3663549099,0.0197093463810172
1915,144371.190299524,207510.516713523,13507.4929869527,-0.0381412071546025
1916,139342.174388751,208101.890632229,17945.1349790192,-0.0510040856015159
1917,165815.011860016,214596.018918429,-15021.8307784449,0.0440018877700978
1918,144565.684640809,207535.905130312,13287.6102288787,-0.0368545791329359
1919,170256.284527964,217920.850051412,-22787.9345793768,0.065868592534186
1920,150462.237569036,212860.027912264,2066.9345187,-0.00611872869735614
1921,147423.158980327,211591.72698392,6374.31403575261,-0.0180031697944776
1922,153784.067223446,216442.457296698,-4837.32452014426,0.0118428637506852
1923,141813.13729705,203401.214494907,20174.8482080426,-0.0551016465402626
1924,132698.119398173,205058.166738113,27632.9138637138,-0.0775252596207354
1925,150481.601402102,214384.840950382,522.757647515973,-0.00268136263186281
1926,162951.310868199,218394.584208352,-15956.6950765512,0.0444987699300992
1927,152938.438298803,212650.927959918,-200.166258721089,0.000616636159640925
1928,149841.724250444,211912.273060502,3635.20268905401,-0.0103095884685574
1929,143609.48801045,206698.65534105,15081.0566485002,-0.041786521309259
1930,145161.911614011,210316.703364704,9910.58502128482,-0.0281191489747352
1931,144747.523995207,212608.136718575,8033.53928621841,-0.0238426300552783
1932,162426.580601302,229807.460627377,-26844.8412286795,0.069634544387068
1933,155427.768091863,212760.253351861,-2798.82144372474,0.00846994804091885
1934,153178.967902352,208765.336354096,3444.89574355207,-0.00834691277804889
1935,147932.886922349,212185.668547689,5270.64452996169,-0.0149618479254672
1936,156897.078328923,215045.238070581,-6553.11639950442,0.0187896184365696
1937,165878.498491096,220508.515284595,-20997.8137756909,0.0584079424151928
1938,138270.176723034,202444.791195205,24674.2320817608,-0.0680742224761605
1939,149134.217766951,217539.916650315,-1284.93441726535,0.000868357159636434
1940,151745.97937668,211310.526358521,2332.69426479901,-0.00606491395232856
1941,153294.283049926,211077.722347747,1017.19460232713,-0.00241279186086975
1942,147246.623689359,212899.869854078,5242.70645656303,-0.015614571652675
1943,159082.713798054,213016.820979843,-6710.33477789682,0.0201142419169701
1944,138238.57991957,201156.466821532,25994.1532588973,-0.0711058116729078
1945,143532.467823197,204457.895939598,17398.8362372048,-0.0467206187899961
1946,150255.555851484,210145.338054241,4988.30609427491,-0.0136768149834746
1947,169038.244311945,216014.217906126,-19663.2622180705,0.0567895857502899
1948,158234.751633136,215366.434964285,-8211.98659742047,0.0231352788816531
1949,174192.554572646,217529.922129855,-26333.2767025002,0.0764607127279078
1950,160483.695582623,215880.707222584,-10975.2028052072,0.0312113665862316
1951,145838.683516428,207598.513637817,11952.0028457548,-0.0327882428271644
1952,148565.743263952,215682.630332609,1140.82640343887,-0.00580890769605756
1953,165500.734250972,213412.340102249,-13523.874353221,0.0408761471600202
1954,136624.931110781,206676.611016518,22087.6578727015,-0.0628743678851913
1955,156940.213288692,216198.27851235,-7749.29180104198,0.0215604359887327
1956,154441.365493752,224140.537966794,-13192.7034605457,0.0331880781923837
1957,150061.863967461,211819.969505879,3507.36652665987,-0.00994575056228656
1958,159011.523134317,215359.324083259,-8981.64721757587,0.0251087965527187
1959,145249.744998067,203675.284608879,16464.1703930541,-0.0444117556736266
1960,146799.908716312,208729.399076104,9859.89220758405,-0.0275667010348858
1961,149042.205928348,210080.980078543,6266.01399310835,-0.0175066339338919
1962,146781.929444708,207923.564325055,10683.7062302369,-0.0287866478843911
1963,153035.305801355,215594.259520134,-3240.36532148882,0.00801235469925378
1964,149661.953216522,208655.954378372,7071.29240510613,-0.0187779709041657
1965,154533.878732765,216851.564201141,-5996.24293390597,0.0159227847219853
1966,140018.173191317,201537.555934184,23833.4708744994,-0.0653397538478636
1967,140386.597976208,202293.964434895,22708.6375888974,-0.062221854503973
1968,145635.245055442,203567.174073564,16186.7808709945,-0.0434950420782473
1969,143997.487674773,204601.221079105,16790.4912461221,-0.0459722021026269
1970,148631.962221725,207471.588598707,9285.6491795677,-0.0239865473837436
1971,160194.950559798,218184.578268521,-12990.3288283189,0.0365428334410467
1972,152465.962777388,212374.071843334,549.165379278129,-0.0015756793116199
1973,140469.122541588,205668.37284173,19251.7046166818,-0.0533781785360445
1974,147120.337257777,207770.874463601,10497.9882786224,-0.029747599349967
1975,141785.159350651,214416.134935076,9187.90571427258,-0.028338531930776
1976,142878.827641329,204802.824111001,17707.54824767,-0.0479787978286782
1977,155094.014481133,209765.947835683,529.237683183339,0.000234940557812484
1978,163620.776050519,216445.849543752,-14677.4255942705,0.0423270401355791
1979,173988.79494052,221161.75216144,-29761.3471019599,0.0841470425649002
1980,135634.20533223,205058.076659312,24696.918008458,-0.0695001383501072
1981,152039.659127659,214114.192044336,-764.651171994803,0.0010718581401609
1982,126380.312332236,207523.614342154,31485.2733256105,-0.0917675320797389
1983,147154.344820395,206062.877303036,12171.9778765692,-0.0322129444764462
1984,157537.615947573,212606.153521379,-4754.56946895155,0.0133466899859239
1985,155300.568853922,213591.423791111,-3502.79264503293,0.00971607853079714
1986,158600.824784155,210135.838356295,-3347.46314045065,0.0117683014549101
1987,148318.776196099,207284.570173566,9785.85363033536,-0.0264366045061843
1988,155211.426544373,212014.583638669,-1836.81018304179,0.00578373306487216
1989,153320.804901147,214861.697850409,-2793.30275155598,0.00753382223920916
1990,145890.164868355,204595.837646359,14903.1974852859,-0.0392722139407684
1991,172249.838387768,221007.55060336,-27868.1889911277,0.0796745709649712
1992,157663.429272433,216312.642072734,-8586.87134516693,0.0243631465609112
1993,151977.594665845,208128.57469001,5283.03064414451,-0.013279455666072
1994,152859.579505317,217226.671954867,-4697.05146018387,0.0122479448618009
1995,144542.822716933,213615.969550884,7230.40773218294,-0.0222415358284746
1996,173176.790577695,219715.271789148,-27502.8623668433,0.0783065854832646
1997,141864.534651275,206696.720011325,16827.9453374008,-0.0461291364842219
1998,148581.691937585,206678.271291704,10129.2367707112,-0.0265283420231577
1999,147034.561086224,219947.627719347,-1592.98880557081,0.000244040548277738
2000,176135.179309566,221835.758390755,-32581.7377003215,0.0929974119378091
2001,144814.66600449,214178.640521798,6395.8934737129,-0.02036396219442
2002,165504.495711923,214004.072088767,-14119.3678006891,0.0416796787073707
2003,147455.623030639,211334.226641708,6599.35032765212,-0.018374194360017
2004,159575.231933788,214381.540444874,-8567.57237866201,0.024629545158754
2005,168805.137798305,217454.523165856,-20870.4609641611,0.0598173410415436
2006,142580.719805822,207766.706508952,15041.7736852255,-0.0416882037327342
2007,164209.462818248,225049.179970895,-23869.4427891431,0.0641970071919317
2008,149721.180252502,219765.542795659,-4097.52304816089,0.00764313101780341
2009,153357.694229237,210148.569434688,1882.9363360749,-0.00487752677760717
2010,156135.667251124,215380.920860362,-6127.38811148651,0.016717805653723
2011,170204.145242565,218875.679372117,-23690.6246146813,0.0682162258720526
2012,157414.904514887,210755.993349928,-2781.69786481507,0.00940856787368517
2013,148172.125398146,212736.882812838,4480.19178901572,-0.013435088664105
2014,151854.345857106,212314.43126346,1220.42287943402,-0.00310237698128545
2015,158805.545541651,216602.410233131,-10018.7557747819,0.0263458052189254
2016,151769.691071573,214800.324884211,-1180.81595578376,0.0025998277132111
2017,142028.774487988,202039.642347436,21320.7831645759,-0.0575326083589935
2018,145534.857916653,210139.990604507,9714.3514788397,-0.0271433240763173
2019,151780.39960729,215900.312742554,-2291.51234984357,0.00540319131945011
2020,145969.436520863,209702.726626621,9717.03685251594,-0.0270666332751468
2021,152597.45087805,210074.712673615,2717.0364483351,-0.0070518010078175
2022,157506.555467692,210745.133796999,-2862.48926469072,0.00901061496232995
2023,152682.294410807,212616.746136356,90.1594528371352,-3.54457811132901e-05
2024,159268.528610354,218737.010427251,-12616.3390376042,0.0347084023408221
2025,167718.491657211,221321.424337977,-23650.7159951876,0.065977165376224
2026,166118.06420322,219533.227493563,-20262.0916967831,0.0568359142826731
2027,149065.394808283,209952.363739496,6371.44145222084,-0.0180189455852153
2028,158985.526619621,212304.280782333,-5900.60740195407,0.0176004325699055
2029,142127.501794268,202201.122178305,21060.5760274274,-0.0561006454250311
2030,162252.401602101,221901.960467375,-18765.1620694756,0.050598063789113
2031,141550.692460216,203082.557002923,20755.9505368606,-0.0565771605057703
2032,146159.455025761,202315.603193907,16914.1417803312,-0.0448670565772073
2033,162733.827969529,218183.5261987,-15528.1541682292,0.0438188497257117
2034,161123.380051405,216802.145960199,-12536.3260116033,0.0359234009687645
2035,152996.817587171,209290.604015037,3101.77839779254,-0.00707093593846433
2036,169497.801716779,221453.970745819,-25562.5724625982,0.0727861447495314
2037,154495.824344639,208471.360900638,2422.01475472271,-0.00491011499108139
2038,138440.672859157,201987.02370043,24961.5034404131,-0.0688504389132965
2039,155503.329206454,212578.835438023,-2692.96464447671,0.00826922935149779
2040,151046.517147074,210694.432234116,3648.25061880937,-0.00921400691179178
2041,156732.751205762,218826.873487165,-10170.4246929272,0.027654007779855
2042,143125.550878182,206737.790770244,15525.858351574,-0.0436393288221973
2043,164553.238107079,228048.935729443,-27212.9738365217,0.0725315442943605
2044,145192.389817253,210900.146287525,9296.66389522224,-0.0269502024923419
2045,158704.373376455,218428.288096283,-11743.4614727388,0.0320724351502586
2046,169487.733786027,222000.948090044,-26099.4818760703,0.0733873080118726
2047,145933.131294867,208021.629115917,11434.4395892165,-0.0315445030474054
2048,147581.16418386,208918.714808017,8889.32100812311,-0.0247197929582747
2049,139769.987432004,204984.266673918,20634.9458940781,-0.0572846601046085
2050,156381.730325935,219549.210958494,-10541.741284429,0.0267791754381923
2051,166403.859764516,231259.821419402,-32274.4811839173,0.0864410166927197
2052,158641.362813872,216117.24328239,-9369.40609626187,0.026297114334985
2053,159110.429446152,213750.608614612,-7471.83806076407,0.0220860089571259
2054,153385.106728904,216771.91807526,-4767.82480416336,0.0119654162233551
2055,140673.768715404,205300.326797349,19415.1044872477,-0.0534278511085807
2056,163178.799013295,219531.658658331,-17321.2576716265,0.0473978136983349
2057,168269.617286056,211032.636700843,-13913.0539868988,0.0425046155980534
2058,149639.4875926,206023.310026324,9726.40238107613,-0.0259407843212799
2059,153600.347257733,213420.690087594,-1631.83734532673,0.00364064187291945
2060,175842.378945669,221905.477964496,-32358.6569101645,0.0920683983517602
2061,158875.870740622,215888.282702076,-9374.95344269817,0.026230744063959
2062,143123.881501182,203456.593100754,18808.7253980642,-0.0513758993622198
2063,159138.997531867,210625.767089628,-4375.56462149421,0.013776560450798
2064,174541.037174189,226243.222084755,-35395.0592589444,0.0991213211042806
2065,148297.129374926,204349.146599593,12742.9240254813,-0.0331391746629096
2066,145305.192030277,206484.565872824,13599.4420968983,-0.0369934681322756
2067,141929.581117322,207585.567911252,15874.0509714258,-0.0449933421046783
2068,155241.12220123,217826.2373822,-7678.15958342928,0.0196115849424085
2069,139903.512610109,206211.815525982,19273.8718639088,-0.0543036259934767
2070,141494.449718741,206208.583288463,17686.1669927951,-0.0493110676801375
2071,156691.035035681,214679.463676463,-5981.2987121435,0.0164073190462957
2072,152254.613638005,208468.404668846,4666.18169314915,-0.0115820296068436
2073,146408.911855744,207809.626044282,11170.6620999742,-0.0303765610192667
2074,147191.98869914,216996.341818369,1200.86948249175,-0.00642680546212156
2075,164447.728173206,221460.868584946,-20519.3967581523,0.0567634836202696
2076,146652.379712889,209647.760672643,9089.05961446773,-0.0250594607519636
2077,149540.888076795,209672.464151151,6175.84777205344,-0.0158701665747258
2078,136068.797704812,197722.407718461,31597.9945767273,-0.0856326910316552
2079,165160.371202408,220677.172674199,-20448.3438766071,0.0569941876600237
2080,143244.809069961,203879.271055481,18265.119874558,-0.0495232946925779
2081,161420.68054007,219862.986128694,-15894.4666687638,0.044186453303495
2082,169195.924497043,220321.189552167,-24127.9140492096,0.0675423048682437
2083,156748.054846229,213748.081081367,-5106.93592759635,0.0147169054253129
2084,132919.582202022,200006.935706798,32462.6820911804,-0.0901237705422805
2085,166201.387512839,226195.273136486,-27007.4606493253,0.0733535843313834
2086,148065.419474915,207319.624095392,10004.1564296933,-0.0273235686045786
2087,144319.962339391,208630.351076288,12438.8865843205,-0.0341228449444562
2088,150205.903911259,215142.483265066,40.8128236748162,-0.00201781079495699
2089,171778.051219409,221047.611523383,-27436.462742792,0.0775717817271855
2090,144306.004328328,214408.596897206,6674.59877446602,-0.0215787702326932
2091,140598.188527211,199060.963994919,25730.0474778697,-0.0694040780082409
2092,146725.290005042,204840.96098997,13822.9490049875,-0.0372339233378331
2093,154820.948831054,211754.614621217,-1186.36345227045,0.00377587479218209
2094,163489.544272354,231497.462352105,-29597.8066244585,0.0782127044115817
2095,143450.026465251,211719.326384812,10219.8471499364,-0.0304437718854439
2096,156217.709220379,216861.780800854,-7690.29002123309,0.0209353312687137
2097,155248.505520701,206768.727595717,3371.96688358212,-0.00644132738218162
2098,145595.496746666,209663.868692148,10129.8345611861,-0.0278567298063419
2099,171815.061107469,226657.406492638,-33083.2676001079,0.0915448129528019
2100,139476.892365382,198948.106782645,26964.2008519732,-0.0729442233264282
2101,143197.058447045,213893.453149664,8298.68840329192,-0.0259161687082041
2102,169387.344242385,225755.976662055,-29754.12090444,0.0818191037760329
2103,159577.397418947,218067.367696483,-12255.5651154302,0.0333211780246342
2104,155739.200715494,209087.124904074,562.874380432011,0.000316746640616653
2105,150830.438710131,209076.225810978,5482.53547889064,-0.0141189416207764
2106,144150.47414637,203838.727133316,17399.9987203148,-0.0466849125476277
2107,170431.451272264,223655.781224376,-28698.0324966399,0.0795760262850784
2108,155904.341740877,212875.350167189,-3390.49190806621,0.0106286257704483
2109,167415.407731144,230626.592827795,-32652.8005589392,0.087427499144915
2110,152616.063548438,211006.070796809,1767.06565475342,-0.00337219429645006
2111,149073.307550397,211745.31978019,4570.57266941358,-0.0119257235237168
2112,169215.337520929,239434.515110042,-43260.6526309702,0.113619668270787
2113,154652.847074001,211571.12503449,-834.772108491103,0.00376940946048637
2114,157530.2043943,213052.629077593,-5193.63347189355,0.0155668156254682
2115,142107.290681084,204558.255016104,18723.6543028117,-0.0509387577345945
2116,167132.067004922,214132.460733472,-15875.3277383949,0.0465325837068033
2117,165026.534386698,223310.955953461,-22948.2903401586,0.0619138456401708
2118,158995.644608673,218300.375334655,-11906.8199433281,0.0326651574641708
2119,150189.001181449,207563.517854333,7636.68096421735,-0.0198704921263434
2120,153918.275907525,212194.519508686,-723.595416210766,0.00326242681020323
2121,152099.193314378,210307.683291905,2982.32339371694,-0.00723220981858822
2122,167700.385445534,215324.884661828,-17636.0701073622,0.0514391383823247
2123,135816.511144654,201989.33525112,27583.3536042259,-0.0771293435687454
2124,143947.824450976,215834.073980498,5607.30156852555,-0.0188447432682463
2125,150890.460652233,208349.135918455,6149.60342931148,-0.0162548829748704
2126,150710.409320574,214146.858080917,531.932598509302,-0.00200527707907369
2127,148170.766900983,210780.963359465,6437.46973955276,-0.0187164277759543
2128,162045.53574835,220868.691500753,-17525.0272491031,0.0475633255693629
2129,156215.26976736,213986.398053427,-4812.46782078658,0.0143555654327626
2130,159692.105507712,213141.351324269,-7444.25683198095,0.0215839081841684
2131,152029.172024276,217114.796824447,-3754.76884872309,0.00873034397939884
2132,127544.496169991,192083.93332546,45760.7705045496,-0.125784719743504
2133,139932.252523126,205641.948472646,19814.9990042287,-0.0560611987253647
2134,136877.403588144,207256.856335475,21254.9400763816,-0.0611408364323004
2135,154771.084735123,213833.57837285,-3215.46310797293,0.00940171598891567
2136,147218.670901871,208125.124134831,10045.4049632985,-0.0271855219345049
2137,163118.446809125,214081.635198355,-11810.8820074805,0.0346118018782992
2138,135442.208044278,200776.118090785,29170.8738649366,-0.0806931281389164
2139,149357.055327723,206920.959960602,9111.18471167464,-0.0241574359514435
2140,160467.064984564,213998.818829103,-9076.68381366681,0.0259170731641568
2141,149872.344585397,212597.407589154,2919.44782544888,-0.00903144169114726
2142,156282.264645967,209426.948762814,-320.01340878132,0.00306673594335499
2143,157682.80502456,213607.088573464,-5900.69359802484,0.0165296477768074
2144,164385.913993187,221713.401857405,-20710.1158505917,0.0565675660215277
2145,156012.268672012,213298.781008587,-3921.8496805983,0.0113145971941586
2146,149968.763225016,211955.374051888,3465.06272309652,-0.0103521739580194
2147,161297.512318507,215333.057506758,-11241.3698252646,0.0319976154215797
2148,137139.065253044,203881.430436246,24368.7043107101,-0.0676036234265527
2149,152214.254155017,215415.359791988,-2240.41394700506,0.0045939220033256
2150,147827.038590207,208265.165074165,9296.99633562815,-0.0256076631944926
2151,142166.730268492,204076.044341869,19146.4253896389,-0.0531537776686239
2152,138781.274974166,206538.982302667,20068.9427231671,-0.0571794729027672
2153,151232.272507641,222786.859956393,-8629.93246403435,0.0200419009697012
2154,136905.67487426,201619.966961329,26863.5581644108,-0.0743769914372446
2155,141468.611302896,207680.558921676,16240.0297754285,-0.045020655797147
2156,150217.658962335,210173.09958102,4998.44145664567,-0.0135662430420901
2157,143934.917971885,210390.236770765,11064.04525735,-0.0321304663442507
2158,156128.805893526,222251.724556164,-12991.3304496908,0.0336371659706234
2159,155582.805837894,211621.482513165,-1815.08835105883,0.00620975952774823
2160,151515.102584303,210040.352280781,3833.74513491645,-0.00843281650392453
2161,157068.029971071,213563.667683072,-5242.4976541432,0.0150855108931885
2162,135970.924019872,201060.784220217,28357.4917599118,-0.0792910878056214
2163,165198.071770558,211487.333701569,-11296.2054721265,0.0339717920874879
2164,160699.666996657,222927.704105543,-18238.1711022001,0.049168935633317
2165,157820.669055859,214724.031777093,-7155.50083295221,0.0204561088113419
2166,137957.121693733,199211.972676298,28220.1056299684,-0.0767171796088304
2167,155183.067807365,219179.021390369,-8972.88919773337,0.0230215855394124
2168,165338.852601628,216819.263506435,-16768.9161080625,0.0484246263313394
2169,167389.240921456,215428.378627455,-17428.4195489109,0.051367298074604
2170,153769.71841787,211889.534816627,-270.053234497027,0.00104667847828534
2171,149630.215014936,208078.25957646,7680.72540860437,-0.0209921446385957
2172,154302.79117632,217616.062929044,-6529.65410536312,0.0174462661471775
2173,150666.484639932,215181.195807615,-458.480447547568,-0.000128746745281417
2174,147524.556084227,202706.630734865,15158.0131809079,-0.0396685220547752
2175,144026.285858874,204007.230494942,17355.6836461834,-0.0476051793747162
2176,158066.506606482,215659.988613708,-8337.29522018984,0.0237848372350359
2177,155138.53425457,212820.300364629,-2569.63461919856,0.00786043692412917
2178,147063.302183734,224538.118563736,-6212.22074746975,0.0112028401658286
2179,158389.225109362,218298.699606176,-11298.7247155373,0.0308524646469653
2180,161498.056716474,229288.646504619,-25397.5032210935,0.0663391717863863
2181,166911.199302938,226207.631198283,-27729.6305012208,0.0750376781197618
2182,155566.872727443,217356.082815159,-7533.75554260233,0.0199636185929556
2183,148280.494106163,210857.622714878,6251.08317895827,-0.0171020151975745
2184,158370.604823751,211243.686503029,-4225.09132678056,0.0130896154219697
2185,144764.893174339,206337.375381108,14286.9314445534,-0.0389359671682658
2186,136942.719529928,203326.592528752,25119.8879413192,-0.0694564227772612
2187,142731.495237692,205424.830482016,17232.8742802926,-0.0478830687464603
2188,165688.952685675,220901.303551756,-21201.0562374305,0.0597676420335651
2189,155352.508547729,206609.004353815,3427.68709845579,-0.0071595451593991
2190,163560.918330948,212534.785235141,-10706.5035660891,0.031923692408099
2191,153742.793961408,218578.89604668,-6932.4900080887,0.0179062990814385
2192,152006.346315998,209689.710911139,3693.14277286298,-0.00953635585492257
2193,150959.404302104,211200.300332722,3229.4953651739,-0.00892855999097428
2194,147462.684316259,212653.022585589,5273.49309815199,-0.0155127554392096
2195,152418.550650088,216707.178597985,-3736.52924807247,0.00921288771863841
2196,162617.853191468,232120.739106971,-29349.392298439,0.0761787201068895
2197,146576.436529382,210483.216390008,8329.5470806103,-0.0230623129303144
2198,149096.403644955,207330.096398978,8962.69995606731,-0.0239255717648022
2199,155891.090657595,211664.73008372,-2166.62074131536,0.00700591727755244
2200,156952.315518833,219560.733182534,-11123.8487013666,0.0285300332260386
2201,163597.898533695,221667.341171468,-19876.0397051632,0.0550301635506084
2202,140809.171410405,202426.222115365,22153.8064742304,-0.0614248984814073
2203,138955.649439381,205151.334027984,21282.2165326349,-0.0596362876172805
2204,148040.906107643,216120.219763559,1228.07412879769,-0.00641547352356091
2205,150419.756127907,209644.685072193,5324.75879989984,-0.0145815334050179
2206,164232.439464257,218349.219202452,-17192.4586667092,0.0485228356923834
2207,151370.950468757,219300.005047031,-5281.75551578769,0.0112297673220068
2208,150408.48666526,210054.44146181,4926.27187293017,-0.0131842605182745
2209,164669.017367597,214754.163165716,-14033.9805333138,0.0409369897257136
2210,147727.697618866,217632.526486939,28.9758941956097,-0.0032012367290529
2211,149371.276980687,212806.352952803,3211.57006650983,-0.00965138752204459
2212,149935.860241786,208367.222068157,7086.11769005726,-0.0184905059532109
2213,163559.6853575,225994.950883479,-24165.4362409787,0.0651270019900702
2214,144330.63880716,211970.307214622,9088.25397821737,-0.0271571518810448
2215,160211.138688823,214751.521932518,-9573.46062134142,0.0283702471910918
2216,158761.864853103,217721.119323909,-11093.7841770116,0.0309378297325233
2217,150739.092153128,207049.38688957,7600.72095730173,-0.0198959107634869
2218,146997.45287207,207745.605000362,10646.1421275685,-0.0287862402622913
2219,134808.606641115,201821.513507767,28759.0798511186,-0.0808786650037046
2220,151542.323215628,210874.561603654,2972.3151807182,-0.00753750226760798
2221,145226.887806258,208092.589804872,12069.7223888703,-0.0334829573709869
2222,146071.084403336,208850.868348482,10467.2472481815,-0.0288570736512696
2223,153503.700882657,216919.032879306,-5033.53376196261,0.013214366879826
2224,152819.09906625,216604.650400173,-4034.54946642247,0.0103758149811142
2225,159397.369256162,216515.245854685,-10523.4151108472,0.0289549333361213
2226,142144.264866557,201945.432741328,21299.5023921145,-0.0577239991636935
2227,167628.290528777,221597.047654825,-23836.1381836017,0.0667023164615542
2228,166236.796699858,221197.282612598,-22044.8793124557,0.0610079921275019
2229,165220.024497335,219321.459815376,-19152.2843127107,0.0535316403582387
2230,172644.209142853,243289.841109865,-50544.8502527179,0.133126046900894
2231,137912.202331543,207818.155348378,19658.8423200797,-0.0561913767521276
2232,135545.856370344,205669.797953804,24173.545675852,-0.0681580821514276
2233,153052.498056366,210115.15883548,2221.54310815403,-0.00512391593778826
2234,150225.024205162,207850.566669493,7313.60912534461,-0.0186656166760537
2235,144640.684665353,212557.208034467,8191.30730018055,-0.0246261129697556
2236,142892.088381554,203019.747172243,19477.3644462029,-0.0530720425844016
2237,152040.18599615,220706.972458629,-7357.95845477859,0.0176655756123109
2238,155143.414743169,209844.056778144,401.728478687757,0.000775469941603703
2239,147672.556966762,218327.866554649,-611.22352141171,-0.001652298513122
2240,144057.507010951,202304.080487468,19027.6125015814,-0.051876530599595
2241,166059.427018799,221764.145502926,-22434.3725217248,0.0614841283042006
2242,151226.06320588,210196.198936604,3966.93785751628,-0.0100415613296282
2243,166958.440559321,213807.199017903,-15376.4395772238,0.0454640757126701
2244,138497.7400619,205270.712750728,21620.7471873718,-0.0607988979136015
2245,153962.221986225,208636.094102915,2790.8839108604,-0.00630113792517903
2246,148560.815419842,211421.005206106,5407.37937405211,-0.0166520846423432
2247,155735.791510854,214520.843478499,-4867.43498935382,0.0140331116463986
2248,148405.043641312,211044.707969933,5939.44838875491,-0.016465790290521
2249,149774.907024775,212949.024233195,2665.26874202973,-0.00770482186031232
2250,155578.717662154,217998.417097378,-8187.93475953134,0.0211229730702322
2251,152293.582591318,207636.284790454,5459.3326182288,-0.0131083289930821
2252,147691.51813811,213935.5651959,3762.11666598934,-0.0119246029560877
2253,160732.225801225,222796.358004827,-18139.383806052,0.0486970393031129
2254,146481.824791538,203782.099438115,15125.2757703467,-0.0401195433314449
2255,192553.062653644,238206.920058738,-65370.7827123819,0.182346849260887
2256,155977.404495072,208466.174418557,945.621086371131,-0.000435974547414623
2257,148473.151742524,216675.169698965,240.878558510682,-0.00236047905999438
2258,146033.037919189,205818.009672216,13538.1524085948,-0.0368298848587243
2259,145277.035901357,207987.315193249,12124.848905394,-0.0332239079442907
2260,168628.25184184,224529.443046332,-27768.4948881729,0.0760981795019802
2261,158800.877621492,216113.51560605,-9525.19322754251,0.0263097123755216
2262,149369.27943324,216232.46693818,-212.546371420205,-0.00236677559163534
2263,141652.823115775,207935.133187845,15801.2436963805,-0.0446950535065656
2264,152586.768656762,211991.311849448,811.119493789796,-0.00153032618130896
2265,163798.406562626,226760.458620725,-25169.6651833519,0.0675070727183644
2266,172532.405084218,226609.945065592,-33753.1501498093,0.0932783706141987
2267,162841.163813495,220826.106660613,-18278.070474108,0.050299606971502
2268,153636.593617219,221197.371221687,-9444.76483890583,0.0239021709730566
2269,131867.690600403,200014.092373035,33507.4170265612,-0.09393031808047
2270,152210.82900328,221107.307606246,-7928.93660952558,0.0183466619267484
2271,155267.209407345,208171.524601338,1950.46599131724,-0.0034527331793675
2272,133420.540064791,198071.695946363,33896.9639888459,-0.0933573208267552
2273,144817.717921366,207407.996358053,13163.4857205811,-0.035866738372909
2274,153455.55881896,216608.181842427,-4674.54066138744,0.0123220017855289
2275,161809.592138291,202848.217472208,731.390389501001,0.00140326849908262
2276,146335.92787525,208222.826302518,10830.4458222319,-0.0300528499332231
2277,170842.569113727,229213.017264865,-34666.3863785921,0.0944914932838271
2278,137174.469482205,203327.725150513,24887.0053672822,-0.0683575362432581
2279,171995.981343424,229121.023007387,-35727.8043508106,0.0968940445597726
2280,136148.55458946,201129.464337431,28111.1810731087,-0.0775623888737723
2281,160237.022221784,222164.559278828,-17012.3815006124,0.0454195411477027
2282,165392.51641736,224955.495985547,-24958.8124029069,0.0680838562797839
2283,155337.401248628,219632.832051237,-9581.03329986549,0.0247127298754271
2284,160752.360125458,220557.090208203,-15920.2503336612,0.0428271224197721
2285,147740.780213649,209082.821762178,8565.59802417323,-0.0233742576889918
2286,153035.714030679,215100.430365077,-2746.94439575687,0.00706277939592834
2287,135491.799366386,201948.722339255,27948.6782943599,-0.0773937669695441
2288,149635.828076887,210940.537712341,4812.83421077213,-0.0135153466493064
2289,176698.28661382,221373.060940871,-32682.1475546912,0.0926915599944904
2290,136813.89225982,201364.348109706,27210.9596304739,-0.0749321730361778
2291,148564.243959969,214042.223169187,2782.73287084396,-0.00925379311867885
2292,158844.350785582,214638.381238753,-8093.53202433494,0.0237621757666433
2293,156904.631810828,211751.308871879,-3266.74068270746,0.0104125380636538
2294,142319.818286001,201789.325606749,21280.0561072498,-0.0573238098734638
2295,162917.55170195,231007.212641792,-28535.5643437424,0.0744973134068777
2296,138100.347176314,203308.641302736,23980.2115209507,-0.0661877312807235
2297,180370.576805142,223867.259290091,-38848.636095233,0.110079042041275
2298,153132.566253673,211694.148889759,562.484856567637,-0.000350506568929975
2299,146810.815217292,205169.693335218,13408.6914474903,-0.0362752142731045
2300,156805.31059047,211824.310963028,-3240.42155349796,0.0103721132634807
2301,153205.0386261,209553.355812627,2630.80556127353,-0.00549003456329554
2302,157778.859321012,212975.919479356,-5365.57880036772,0.0168490204403035
2303,143111.094728299,211591.797627475,10686.3076442255,-0.0313269996122124
2304,148228.535952608,225271.95479624,-8111.29074884759,0.0171153708222489
2305,143587.674001849,204725.885775822,17075.640222329,-0.046242043972729
2306,165045.470375816,216615.947544317,-16272.2179201326,0.046144898888832
2307,139918.534126464,201653.682522638,23816.9833508977,-0.0650898925740497
2308,149940.111918172,212827.918599157,2621.16948267078,-0.00878594792357533
2309,155421.638957104,211589.677348443,-1622.11630554654,0.00619202862702694
2310,152628.149705288,215686.399567068,-2925.3492723559,0.00667442974868628
2311,153811.451450625,211907.228085669,-329.479536293307,0.00162777999408096
2312,140600.954557371,213945.495015072,10842.750427557,-0.0341528881395283
2313,163563.903855118,217400.304287901,-15575.0081430182,0.0434219049561559
2314,159421.959807595,220854.955949599,-14887.7157571933,0.0404843629653911
2315,158304.32248049,218088.27833947,-11003.4008199603,0.0293840623303951
2316,166547.994589131,224511.843389707,-25670.6379788382,0.0707849274187329
2317,163907.535582801,226405.086817104,-24923.4223999052,0.0674619965539305
2318,146939.888672905,211581.57147416,6867.73985293537,-0.0201337440395016
2319,171352.444878344,237201.33736338,-43164.5822417244,0.115273159269704
2320,152258.231878514,210694.152664639,2436.8154568469,-0.00637307699730877
2321,157878.166506594,217845.992899649,-10334.959406243,0.0286468603194255
2322,159963.274734732,217923.637558185,-12497.7122929165,0.0336544826403696
2323,159214.26465653,212598.735924227,-6423.8005807568,0.0190214284523173
2324,161743.508087188,217834.104471136,-14188.4125583237,0.0401734918442567
2325,134346.19710801,195923.466395151,35119.5364968388,-0.0956929995360591
2326,142119.604960212,202754.845615237,20514.7494245513,-0.0555122496383888
2327,149321.134664413,210660.40282015,5407.66251543717,-0.0150275340688407
2328,151204.180661377,202931.559831946,11253.4595066771,-0.028111439559105
2329,137399.890847671,207602.370845497,20386.9383068323,-0.0583193176153007
2330,157331.853038565,210583.359702213,-2526.01274077833,0.00869459296391453
2331,146677.621329749,206288.619427948,12422.9592423029,-0.034122448340473
2332,152626.821054492,210094.016562229,2668.36238327919,-0.00623971939461327
2333,150100.320857505,207811.094778076,7477.78436441947,-0.0193553891248736
2334,145517.798478172,210010.583476392,9860.81804543606,-0.0272552682511866
2335,145958.860631663,207477.335049177,11953.0043191601,-0.0323270528484652
2336,148942.25459518,211267.147070389,5179.79833443084,-0.014375231357921
2337,155343.461206096,214888.550697457,-4842.81190355221,0.0142803737132106
2338,140255.675875049,207464.85453591,17668.6695890409,-0.0495970106188482
2339,175302.84301022,239371.619433395,-49285.2624436158,0.131175644794803
2340,159568.336314013,211779.573070773,-5958.70938478602,0.018456231851975
2341,159174.455404101,211751.410956045,-5536.66636014584,0.0171093856925366
2342,149375.456781479,220912.18865783,-4898.44543930911,0.00953854256257202
2343,143158.085762219,205324.103826235,16907.0104115462,-0.046446696023532
2344,146027.805819717,204773.756831122,14587.6373491615,-0.0393340850904672
2345,154941.124013506,215081.521032028,-4633.44504553446,0.0125852983097649
2346,144690.687601791,207220.620489014,13477.8919091958,-0.0378530125406467
2347,151284.158897183,209746.163862929,4358.8772398883,-0.0121296780086462
2348,148758.320508198,206812.845078867,9818.03441293543,-0.0261233443988594
2349,148407.602115736,212179.509471279,4802.08841298573,-0.0133227106092317
2350,150470.22774617,209462.199354179,5456.77289965097,-0.0141175141153369
2351,155007.119249437,214070.619741955,-3688.53899139276,0.0101868229153192
2352,127686.879318193,198402.290315303,39300.0303665038,-0.109652776826015
2353,146737.901749025,210574.067465319,8077.23078565602,-0.0235932328009074
2354,155654.641041598,216455.797654254,-6721.23869585211,0.0177900108040319
2355,141042.072238278,206169.374371839,18177.7533898823,-0.0509163359474687
2356,170301.711953063,226870.889368585,-31783.4013216479,0.0862742898647235
2357,157432.805832036,218186.341505865,-10229.9473379009,0.0277325399287089
2358,154517.529749674,207425.576680352,3446.09356997331,-0.00662566881956184
2359,155271.266331819,214067.35831517,-3949.42464698915,0.0105259158386869
2360,149724.12666936,217708.302280466,-2043.22894982615,0.00340036537928784
2361,139161.965844509,203715.243286636,22511.9908688553,-0.0624563152834956
2362,161883.394151888,220343.877573891,-16838.0717257792,0.0459560001469124
2363,163127.728223831,219107.561273191,-16846.0894970223,0.0476538450715877
2364,148033.221827442,210507.707423495,6848.27074906213,-0.0187963053989311
2365,150708.407116233,211279.693835855,3401.09904791164,-0.00903153970361178
2366,152254.703717149,215408.034853532,-2273.53857068106,0.00443560685881441
2367,153322.986142648,213261.253364204,-1195.03950685222,0.0036226202739692
2368,164533.616474458,222459.859337475,-21604.2758119327,0.0597633558096515
2369,174163.2041112,224145.557235919,-32919.5613471191,0.0921244415612502
2370,156631.9067151,213540.769543854,-4783.47625895432,0.0146082401300904
2371,137632.702224503,199655.237537559,28101.2602379383,-0.0774236679608708
2372,152936.815021448,210832.568576419,1619.8164021332,-0.00375602478673621
2373,149767.876871645,220312.210283452,-4690.88715509727,0.0100380951868505
2374,155818.911711546,208597.821382921,972.466905533161,-0.000941854319860994
2375,158672.550121568,222179.879167901,-15463.2292894688,0.0409908321425253
2376,149733.021102399,216945.928837303,-1289.74993970233,0.000966668937850152
2377,150429.147528305,212285.006468673,2675.046003022,-0.00838588007297313
2378,153018.635926017,204480.096084624,7890.46798935923,-0.0187188415761242
2379,133024.423434558,198774.679026571,33590.0975388707,-0.092897864174435
2380,142160.677405877,205551.527735367,17676.9948587564,-0.0485775497686651
2381,139899.588819592,200711.132899515,24778.4782808932,-0.0676748421482338
2382,148172.804040397,205007.182623662,12209.213335941,-0.0325683234381081
2383,167682.823757647,219863.376835238,-22157.0005928854,0.0632569760551672
2384,148392.688937056,213447.851223741,3548.65983920335,-0.0109614384639318
2385,171384.451412068,219705.896148047,-25701.1475601147,0.0731616414663367
2386,152071.739298515,210204.621926966,3112.83877451887,-0.0080965874454647
2387,156645.510699501,221175.127674484,-12431.438373985,0.0322791464577901
2388,154936.446743509,215399.854339087,-4947.10108259611,0.0128506938787147
2389,148124.223699115,205981.177345156,11283.7989557289,-0.0298951493653907
2390,148138.562791257,206880.865419184,10369.7717895589,-0.0282347442706934
2391,147762.061280464,213128.179866732,4498.95885280444,-0.0140556828461624
2392,152874.26748167,205179.216406546,7335.71611178439,-0.0178559127586997
2393,151025.483876337,207963.739343231,6399.97678043233,-0.015402596392118
2394,141071.216144612,209418.891296203,14899.0925591847,-0.0429514502875594
2395,147020.090371108,209811.142229465,8557.96739942714,-0.0240483581218412
2396,156615.670028831,212384.940322737,-3611.41035156784,0.0110176205863413
2397,143845.380386157,208176.405582918,13367.4140309243,-0.037231443068622
2398,160337.451763031,216819.720042782,-11767.9718058131,0.033401845956851
2399,165138.393616057,226637.431730743,-26386.6253468004,0.0716887812970985
2400,158164.307014046,215919.63343201,-8694.7404460563,0.0245044861132292
2401,139077.808639278,207361.730982215,18949.6603785069,-0.0538611572859904
2402,134600.640716595,200372.398591241,30416.1606921638,-0.0845566048906504
2403,151545.409094963,212114.515768659,1729.27513637836,-0.00471845418432659
2404,148386.334241439,209794.069505912,7208.7962526491,-0.0196689556368147
2405,169009.012870834,218076.792153616,-21696.6050244503,0.0623695843575821
2406,167654.92708667,219155.456113348,-21421.1832000189,0.0615129682559127
2407,160968.255059698,214278.580421151,-9857.63548084866,0.0286581614610361
2408,149477.495845358,218277.837199604,-2366.13304496219,0.00411096166380417
2409,161548.523776937,229231.645750218,-25390.9695271549,0.0665605631100532
2410,174405.139160495,223783.62562886,-32799.5647893556,0.0919375368779393
2411,155452.058165043,218868.949342808,-8931.80750785116,0.0232985853642651
2412,140033.833980067,201139.869449264,24215.4965706691,-0.0664900600546772
2413,149638.795009745,211557.421105087,4192.98388516798,-0.0121279904120115
2414,144746.760590024,205397.303901208,15245.1355087681,-0.042202459966273
2415,157948.627162346,213575.367798627,-6134.79496097274,0.0177796072626303
2416,145766.497624319,206470.714082204,13151.9882934765,-0.0354086413129168
2417,155149.382104699,223550.821389876,-13311.003494575,0.0329620171196015
2418,159236.283391006,217703.409101517,-11550.4924925236,0.0310468930318846
2419,170792.422660865,221182.365821334,-26585.5884821984,0.0747220124690718
2420,158286.040972089,217304.929363527,-10201.7703356161,0.0283746286367944
2421,139858.889803303,217188.471667395,8341.83852930175,-0.0284802640538429
2422,159505.148315527,218947.345655808,-13063.2939713354,0.0356152022421302
2423,141683.079015971,207678.108924983,16028.0120590456,-0.0448595988397259
2424,125120.764149941,195627.431789991,44641.0040600679,-0.12437820008234
2425,142549.20923134,211724.588958601,11115.4018100588,-0.032566689817808
2426,150683.002817605,213470.865286298,1235.33189609705,-0.00424935924808639
2427,157653.207203847,211365.691490247,-3629.69869409362,0.0121822572618714
2428,141769.028477129,210625.609019925,12994.5625029466,-0.0377376825498069
2429,159270.754118628,217986.320980678,-11867.8750993061,0.0329748719837996
2430,152473.967879983,213137.576789439,-222.344669421494,-7.95401503304658e-05
2431,134369.001181008,199734.925881445,31285.2729375467,-0.0859794713007114
2432,150012.109730353,209099.231656801,6277.85861284583,-0.0174711430958253
2433,143187.676732194,201914.060889513,20287.4623782931,-0.0548817178704271
2434,151848.016791119,208720.359347079,4820.82386180229,-0.0117236610654491
2435,154217.52885634,212991.21757899,-1819.54643533012,0.0060909477766107
2436,148395.441815203,217894.033871299,-900.275686502107,-0.000277945339799295
2437,159898.96546436,215522.972160655,-10032.7376250146,0.0286794550924044
2438,143311.419685312,215207.131668336,6870.64864635171,-0.0228718820068973
2439,180821.075649921,226664.802312957,-42096.6779628782,0.118193189836956
2440,147541.892253821,207330.070421963,10517.2373242155,-0.0280403436834118
2441,165226.456461604,217874.722988508,-17711.9794501126,0.0497185312867032
2442,138726.757303394,202455.465131816,24206.9775647903,-0.067021927625262
2443,172756.052486782,227573.620220244,-34940.4727070266,0.09603245967777
2444,155776.525924088,209361.448735743,251.225340168749,0.00070193149699995
2445,148945.650966096,205535.170713792,10908.3783201125,-0.0280193515796683
2446,131225.476823453,195669.938181615,38493.7849949326,-0.106241418771211
2447,158408.579079685,216809.519946315,-9828.89902599965,0.0267838011092441
2448,154719.16000516,211462.548025378,-792.508030537458,0.00282343694692988
2449,163338.832666942,218828.83136152,-16778.4640284624,0.0474455288395472
2450,165402.740093311,221965.21286922,-21978.7529625306,0.0607615100003958
2451,144472.527574008,208056.653374399,12860.0190515933,-0.0359429020253121
2452,146980.425489037,214941.253596376,3467.52091458725,-0.0118460509493147
2453,149708.027418831,210993.95324314,4687.21933802887,-0.0129300304471916
2454,152362.924672949,210862.09228416,2164.18304289173,-0.00517671149273543
2455,151572.946202055,215783.587342452,-1967.33354450768,0.0036021299908413
2456,161268.002791574,219929.139790488,-15807.9425820624,0.0429965716432054
2457,174940.029326405,231201.10921531,-40751.9385417159,0.111690648441155
2458,160466.59563702,214855.834686285,-9933.23032330559,0.0283681747987692
2459,171188.140939106,230784.984185861,-36583.9251249661,0.0998813813579519
2460,148641.162501535,220073.607514742,-3325.57001627755,0.00554846157007461
2461,153237.187698019,212436.204991896,-284.192689915129,0.0011671038600273
2462,141152.741958834,201875.883485722,22360.5745554438,-0.0609010557619876
2463,149796.326192559,206361.976061147,9230.8977462941,-0.0244521070713168
2464,154521.187259112,209966.634677259,901.378063628741,-0.00133469721765198
2465,160851.506744209,210040.065681159,-5502.37242536742,0.0175536906280436
2466,151891.613584573,209702.451501241,3795.13491418603,-0.00945725971002768
2467,163242.948060899,212380.040600573,-10233.7886614726,0.0309196598627284
2468,162095.423893133,217118.914953084,-13825.138846217,0.0389440300164624
2469,171299.952440818,226439.344781429,-32350.0972222472,0.0895869460536578
2470,138227.201551036,211173.303835053,15988.6946139112,-0.046773789762984
2471,151207.218883352,207485.196929908,6696.78418674011,-0.0165882458435891
2472,148030.225087014,203002.237618145,14356.7372948408,-0.0372265131044609
2473,145426.099819245,215742.795115752,4220.30506500282,-0.0145330349871092
2474,158934.373343584,215834.692335845,-9379.86567942955,0.0261911913591116
2475,168361.88807909,220061.540705633,-23034.2287847227,0.0652336121366281
2476,143712.111840936,210002.19474933,11674.8934097337,-0.0336916164048991
2477,163374.646405174,220964.959811402,-18950.4062165762,0.0521821874298445
2478,149840.596975458,204165.111565791,11383.4914587518,-0.0293227102430827
2479,137820.173013318,203507.883780303,24061.1432063786,-0.0667212514236307
2480,148332.474397551,210607.381257761,6449.34434468771,-0.0175461861387149
2481,161000.289159258,216424.169624041,-12035.258783299,0.0340922653121804
2482,163186.777816994,219612.886868878,-17410.4646858718,0.0489798514603973
2483,147877.826934625,221244.571426464,-3733.19836108858,0.00532927950513301
2484,141362.827110681,208868.254664828,15158.1182244906,-0.0426264499931658
2485,153481.504286238,215113.828218091,-3206.1325043285,0.00795662265134588
2486,161097.321476863,215872.542990879,-11580.6644677424,0.0328717012993125
2487,150979.967485684,212180.508808219,2228.7237060974,-0.00606544512123131
2488,138530.20457198,206498.702391012,20360.2930370075,-0.0570834344193238
2489,164064.336516859,211702.209374498,-10377.3458913575,0.0320227619543206
2490,137280.931930811,199706.962536401,28401.3055327875,-0.0782556536166871
2491,154123.028448537,209762.507384711,1503.66416675242,-0.00314727989464898
2492,159578.691252389,214485.906487111,-8675.39773949975,0.0245868055738893
2493,137371.074928895,205347.872423951,22670.2526471536,-0.0637368444027106
2494,166571.205113183,223557.742113184,-24739.7472263671,0.0687976381232855
2495,142754.558780099,203765.484870014,18869.1563498872,-0.0518475783630482
2496,162306.534898654,223287.823007771,-20205.1579064253,0.0532964656653429
2497,149429.081887458,220980.533910143,-5020.41579760116,0.00937483711338533
2498,158169.522071489,216014.119000164,-8794.44107165263,0.0238361527922139
2499,140368.206210375,204182.176324285,20838.8174653407,-0.0574565965477848
2500,140840.06450287,202862.355311821,21686.7801853092,-0.0598365888579458
2501,163064.737954954,215141.079962336,-12816.61791729,0.0371398910422172
2502,150695.033825258,215133.153367067,-438.987192325469,6.335256938886e-05
2503,156554.823836717,215986.948057434,-7152.57189415145,0.019546991995205
2504,157347.226644322,211654.891894764,-3612.91853908525,0.0113559336931418
2505,162674.943301159,217614.220072834,-14899.963373993,0.0418302765712785
2506,142446.630208157,203860.208517009,19082.3612748343,-0.0528071306176244
2507,151279.692380282,208856.435876905,5253.07174281316,-0.0138063479375629
2508,162709.368170365,214226.7298376,-11546.8980079649,0.0334784641861621
2509,148813.88842566,205214.437664367,11360.8739099737,-0.0298237241792151
2510,163484.107162463,215647.959403959,-13742.8665664225,0.0399451241227196
2511,142336.43950159,204623.713757768,18429.0467406421,-0.0499820558201774
2512,157151.297697871,212216.490439462,-3978.5881373338,0.0124440437207442
2513,151049.992591915,213354.634965488,984.572442597419,-0.00341260559281059
2514,146809.881339215,213492.690066704,5086.62859408074,-0.0156052199805696
2515,140895.494636401,199347.095244616,25146.6101189823,-0.0677077339701844
2516,164839.893393871,229329.019598672,-28779.7129925431,0.0765491303776572
2517,151971.650752663,218719.282002743,-5301.73275540554,0.0122869219857186
2518,144810.348576744,212801.95338785,7776.89803540573,-0.0238791689446495
2519,162453.594913758,226063.193699507,-23127.588613265,0.0623546621200132
2520,163799.614645718,214465.713010917,-12876.1276566346,0.0379572637471824
2521,147303.537223988,215090.040412675,2995.62236333679,-0.0104096119247017
2522,145798.625142631,210946.538119668,8644.0367377004,-0.0249676059278009
2523,151790.617069188,214641.771957577,-1043.18902676465,0.00225843021996053
2524,142413.273934382,201910.803476662,21065.122588956,-0.0567042423771829
2525,144542.591866243,218483.590265245,2363.01786851179,-0.0099503770671124
2526,151772.964976794,211196.114135733,2420.12088747293,-0.0064614117677947
2527,158585.674822048,217234.291870051,-10430.7666920989,0.0285664115855683
2528,155914.82835492,212375.297139037,-2900.92549395701,0.00846928611376734
2529,151302.875789464,214570.558786023,-484.234575487149,0.000956387630487961
2530,152725.869523225,211033.695544489,1629.6349322864,-0.00333124409696287
2531,167652.759232316,230988.362627636,-33251.9218599515,0.0890125952734828
2532,172019.855176071,228719.078585329,-35349.7337614,0.0965689362316447
2533,150420.168339663,211268.398771442,3700.63288889499,-0.0100256795651842
2534,149148.813682619,216199.8357152,40.5506021809415,-0.00198219474669507
2535,154097.807584761,215641.260296918,-4349.86788167915,0.0121224255946955
2536,133407.144535588,200809.03669884,31173.0187655721,-0.0865944443080297
2537,140898.471960888,213176.619026959,11314.1090121528,-0.034570664250379
2538,159497.633440528,216232.830534314,-10341.2639748419,0.0299149190726057
2539,162362.498688758,223503.700078603,-20476.9987673603,0.0555042529437619
2540,161909.333991,219240.079580026,-15760.213571026,0.0439233138145438
2541,164988.439522193,215653.313451231,-15252.5529734246,0.0437012327923775
2542,158699.903322244,217124.638501756,-10435.3418239994,0.0284637888684826
2543,166043.206957323,222875.488475666,-23529.4954329893,0.0656917926053089
2544,140846.363957538,200598.251427052,23944.5846154097,-0.0647474557089953
2545,160466.254642933,210238.115600541,-5315.1702434739,0.017915691306217
2546,148312.228096475,213541.85819789,3535.11370563525,-0.0110756911964329
2547,145219.497277703,209093.658784717,11076.0439375808,-0.0309843471009605
2548,155809.628209123,212396.351309549,-2816.77951867221,0.00855901798474159
2549,156349.143741776,217936.239797344,-8896.18353911943,0.0250574746642253
2550,142301.479719832,202653.094954548,20434.6253256199,-0.0548088499788942
2551,173951.653384558,222066.151301005,-30628.6046855621,0.0863819581225922
2552,162168.181717127,213844.529402094,-10623.5111192209,0.0309703931650984
2553,169864.774951198,227177.368109745,-31652.9430609426,0.0865886838023103
2554,140502.870674403,203600.482583119,21285.8467424777,-0.0587940920871475
2555,155983.688038829,213191.099268274,-3785.58730710257,0.011267977713798
2556,146934.946529469,207469.782548045,10984.4709224866,-0.0300139203627417
2557,181430.393244209,223777.02277715,-39818.216021359,0.113021745645903
2558,167141.553076323,220875.316271524,-22627.6693478467,0.063580343630495
2559,150105.131370022,216171.059222578,-886.990592599905,0.000183392705799828
2560,157437.877974618,214660.919134827,-6709.59710944432,0.0195099757785118
2561,144675.133005829,207789.757368165,12924.3096260067,-0.0355651586882355
2562,150273.732348039,209346.327962556,5769.13968940504,-0.0153666449345895
2563,158406.657369099,221835.437425992,-14852.8947950907,0.0394819710491949
2564,155476.854699892,215039.606733408,-5127.26143330015,0.0146409802795651
2565,139136.875467907,201727.893391518,24524.4311405742,-0.0669558013675872
2566,166980.448245327,219746.710138636,-21337.9583839629,0.0596034305357297
2567,146152.516168983,209719.369000873,9517.31483014353,-0.0271070880064293
2568,147038.825168701,206815.557895142,11534.8169361574,-0.0316516538494225
2569,153453.08286439,208930.996005451,3005.12113015889,-0.00738503111807827
2570,154478.246374914,214562.293932032,-3651.34030694631,0.0092097752779637
2571,153512.136482542,211763.845846587,113.217670870537,0.000385982601732678
2572,152744.752141957,208902.336646445,3742.11121159827,-0.00956974125230224
2573,150196.018823641,207136.174443612,8057.00673274748,-0.0207300740604732
2574,161865.59667222,218461.605411519,-14938.0020837387,0.0418820370814346
2575,149652.796475076,207888.480811656,7847.92271326802,-0.0206108925741013
2576,141279.562779794,202991.274371548,21118.3628486583,-0.0578625122347321
2577,147829.885814437,210750.150303633,6809.16388193052,-0.0193847787679965
2578,162866.757546767,217247.693909562,-14725.2514563285,0.0424696913955512
2579,139365.849754282,202826.051082046,23197.2991636725,-0.0637059000282558
2580,161479.474001728,215804.877996753,-11895.1519984811,0.0343354320831085
2581,143645.336153513,206428.74623856,15315.1176079272,-0.0423439376004266
2582,165569.414615978,227178.830025344,-27359.0446413223,0.073388017408517
2583,149377.047441404,203484.756112831,12527.3964457642,-0.0328098299514488
2584,149219.315571732,208928.93556334,7240.94886492856,-0.0189382718771145
2585,156130.715351862,218818.409632428,-9559.92498428986,0.0252498090129927
2586,141922.044897869,204233.933609198,19233.2214929324,-0.053200583034137
2587,129506.700535265,196667.014341696,39215.4851230392,-0.108237818244148
2588,167404.783767337,230827.107028617,-32842.6907959546,0.0881488597418529
2589,148437.674648847,210100.774146423,6850.7512047296,-0.0193226254253151
2590,152563.796716389,211407.223145283,1418.18013832794,-0.00354545625802084
2591,144820.016572001,204802.049376459,15767.1340515398,-0.0427249362104436
2592,149126.591435809,212815.985189318,3446.62337487302,-0.0097371948356008
2593,147828.322350265,205441.67270169,12119.2049480457,-0.0322276096452283
2594,157415.032966423,214668.597415721,-6694.430382144,0.0192609777236183
2595,146309.030761448,209572.005790131,9508.16344842053,-0.0274555881644869
2596,155261.974148399,219983.099187371,-9855.87333577062,0.0251577934305818
2597,156898.343383442,216326.481425574,-7835.62480901595,0.0213039366398244
2598,154412.131147203,217667.990734878,-6690.92188208149,0.0164031210079544
2599,143575.484561041,207562.945273583,14250.770165376,-0.0398197982905761
2600,163706.975367194,221862.250207884,-20180.0255750783,0.0550445704102449
2601,144537.903798871,207899.004905157,12952.2912959715,-0.036030085641239
2602,142456.62648377,199677.917395444,23254.6561207862,-0.0627076080187541
2603,151329.247850666,211958.678674003,2101.27347533108,-0.0056944295474899
2604,166143.155800984,225954.293511177,-26708.2493121603,0.0720434368801353
2605,148644.870648831,209318.276801234,7426.052549935,-0.0199820337954713
2606,160354.196305551,219524.877609274,-14489.873914825,0.0399116180042782
2607,152091.141816104,212877.622562221,420.43562167522,-0.000833206272520027
2608,140272.532559,202819.177873432,22297.4895675683,-0.0619716342073361
2609,157992.232674862,212934.321065763,-5537.35374062526,0.0174053599976865
2610,152332.880608649,217187.773078226,-4131.45368687535,0.00999758577714354
2611,154327.094785067,216090.998903477,-5028.89368854387,0.0128790555058948
2612,153784.639406377,211491.123367507,113.437226116366,7.35786915739044e-05
2613,152120.978609983,209107.540041198,4160.6813488183,-0.0104354070095646
2614,153416.56203441,209610.365594379,2362.27237121103,-0.00502789120402676
2615,137990.738279263,205279.651702969,22118.8100177677,-0.0614056108610477
2616,146882.650350249,206518.127626284,11988.4220234671,-0.0316411855884985
2617,152271.02771682,219345.822851404,-6227.65056822408,0.0143625306358352
2618,170901.829564629,220801.933443489,-26314.563008118,0.0753538157927319
2619,145386.817351387,204139.616194279,15862.7664543337,-0.0425907931310644
2620,137101.337567134,199285.677992534,29002.1844403323,-0.0795621020703245
2621,170874.759377619,224743.378544127,-30228.9379217462,0.0834332605593988
2622,158668.194049343,219969.227021823,-13248.2210711658,0.035798575044849
2623,150532.622847623,219445.430176636,-4588.85302425956,0.00965783099595724
2624,147686.307553985,212225.771496097,5477.12094991776,-0.0155133064762953
2625,157657.983109682,211935.887998949,-4204.67110863089,0.0130438500860961
2626,138363.488054669,199387.680817314,27638.0311280168,-0.0754561115049627
2627,150004.068716042,212958.152620327,2426.97866363067,-0.00717708024361891
2628,132765.723901838,198693.596894043,33929.8792041186,-0.0939743906190478
2629,164027.797307257,213648.679886704,-12287.2771939608,0.0367278087030063
2630,166122.079270806,214659.860859742,-15392.7401305478,0.0449177145974374
2631,135930.173678409,203982.339267613,25476.6870539777,-0.0716305526487645
2632,156315.655168564,208277.285614609,796.259216827049,0.000615467102188644
2633,162467.980900261,214792.458578032,-11871.2394782922,0.0344726484152672
2634,157883.502782596,219146.556625382,-11640.8594079776,0.0304888020465463
2635,141353.012680534,198934.818347769,25101.3689716968,-0.0674930506922387
2636,148909.92984519,211545.474511579,4933.79564323084,-0.0145921963525495
2637,158135.2298722,216474.256368889,-9220.2862410894,0.0251265241983373
2638,141792.219015225,207246.112088025,16350.86889675,-0.0455076030636374
2639,165642.859594559,216885.368364158,-17139.0279587178,0.0495026853479222
2640,142645.192228381,209219.903458036,13524.1043135838,-0.0385856971948806
2641,142226.094779087,227347.019717067,-4183.91449615406,0.00327728423807038
2642,157773.526658874,217011.920110417,-9396.24676929042,0.0260791897833648
2643,148448.461384672,209704.104143796,7236.63447153248,-0.0199257943273117
2644,165848.488090492,216421.496059904,-16880.7841503955,0.0483706681557453
2645,163033.21664506,218535.41407149,-16179.4307165499,0.0453023881683645
2646,168101.22265623,213475.179941914,-16187.2025981435,0.047297183658343
2647,161121.351341665,211737.237229084,-7469.38857074955,0.0230913332114545
2648,173500.362361336,222488.999606873,-30600.1619682086,0.0868137837256024
2649,144220.651666554,207608.076582343,13560.4717511034,-0.038346122172612
2650,165644.134897705,220341.832722644,-20596.7676203492,0.0577678252857098
2651,154906.309780854,211438.478551822,-955.588332675456,0.00403724346527236
2652,148433.39785922,218511.269512423,-1555.46737164323,0.00160912993863126
2653,166063.320932117,220524.38939549,-21198.5103276065,0.0586821340027326
2654,170810.925375868,215321.217603791,-20742.9429796593,0.0605608782911482
2655,151377.466708183,207763.48305787,6248.25023394631,-0.0157950399510869
2656,150353.839851251,210576.418829008,4458.94131974102,-0.0127334111216141
2657,156159.547831385,215070.791633384,-5841.13946476922,0.0162537230893851
2658,143856.653709789,206363.986489943,15168.5598002677,-0.041536104550815
2659,143596.451624477,207718.973960202,14073.7744153205,-0.0394484044086151
2660,150034.424398726,206550.469907984,8804.30569328944,-0.0230568180572106
2661,150883.628404453,212215.782442507,2289.78915303963,-0.0062538718718151
2662,137743.473159997,209353.955939243,18291.7709007603,-0.0522433920646481
2663,160187.850468461,222335.169307738,-17133.819776199,0.045611183972187
2664,154516.298156629,221854.459487245,-10981.557643874,0.0265769081069736
2665,140275.103897144,197270.931368433,27843.1647344231,-0.0747699458911266
2666,155008.459139784,208528.747408759,1851.99345145706,-0.00319925106872708
2667,160278.264595805,213174.779415624,-8063.84401142871,0.0246142246609186
2668,137945.863778822,210073.186741785,17370.1494793931,-0.0509671087512412
2669,154382.375811336,209967.878308959,1038.94587970414,-0.00195979949688891
2670,144676.394043834,204869.705429327,15843.1005268385,-0.0434211225113276
2671,145864.789396284,211231.759863813,8292.65073990222,-0.0236690675631771
2672,157220.883867157,211484.673349135,-3316.35721629258,0.010752812503687
2673,150556.114905563,209741.731022712,5091.35407172545,-0.0128064267165218
2674,162349.170250561,213711.640009827,-10671.6102603881,0.0320116330380775
2675,167924.963392431,222860.968378688,-25396.7317711195,0.0702583923332228
2676,160531.972614733,221295.084642808,-16437.8572575407,0.0450185780204071
2677,150688.60532601,206739.192513136,7961.40216085373,-0.0208020288775078
2678,155859.598217658,210062.318344869,-532.716562526999,0.00301445789062304
2679,149015.941306581,213172.585188349,3200.67350507056,-0.00982382343287664
2680,156483.65601425,218368.264348214,-9462.72036246402,0.0259744391701345
2681,149139.700508067,204981.010233662,11268.489258271,-0.0291889380002562
2682,138578.327699967,199788.504194692,27022.3681053412,-0.0734946138621855
2683,140371.167481872,204220.397166316,20797.6353518126,-0.057025469523539
2684,156413.500554123,212463.858800333,-3488.15935445583,0.0110499571722876
2685,153925.133914696,212160.159922926,-696.093837621796,0.00274934289308191
2686,167531.31881515,218701.72249335,-20843.8413084999,0.0588456687315299
2687,154051.231557518,209236.125313116,2101.84312936693,-0.00430920723607068
2688,159701.984035466,216433.512505898,-10746.2965413647,0.0307809249813115
2689,147345.439588684,207372.82536605,10670.9350452657,-0.028314156651971
2690,152078.156645625,212928.533811356,382.509543019696,-0.000228592876023376
2691,147492.720337637,213312.76047192,4583.71919044323,-0.0149676877881259
2692,165766.168496522,217098.796200133,-17475.7646966546,0.050541911408886
2693,154324.340382251,224467.142930021,-13402.2833122726,0.0329609295802153
2694,152937.900876492,212676.2183264,-224.919202891469,0.00151876879224673
2695,149151.25196006,210316.945095557,5921.00294438348,-0.016546447235345
2696,149928.944888704,214875.342819593,584.912291702931,-0.00357254797270899
2697,159263.724228712,223056.733144744,-16931.2573734563,0.0451593640023766
2698,149174.917680507,207077.626109527,9136.65620996547,-0.0242199057457801
2699,172236.388103636,228699.90462815,-35547.0927317863,0.0972119463566001
2700,156188.349958299,216507.696574938,-7306.84653323685,0.0194457794971498
2701,144603.332526753,212201.396818249,8584.47065499757,-0.0258707429356728
2702,157831.344040419,218732.602436944,-11174.7464773633,0.0303632182541442
2703,152876.615556001,210942.940422817,1569.64402118255,-0.00312880274643475
2704,140954.196874097,207787.267005295,16647.7361206081,-0.0477314156111917
2705,148577.242306947,219395.642741664,-2583.68504861154,0.00308869512810779
2706,167245.707885173,224510.508831715,-26367.0167168881,0.072354056317464
2707,151240.853693236,209377.526255508,4770.82005125569,-0.0122206058827382
2708,148371.971247993,204078.842905768,12938.3858462391,-0.0340650007001098
2709,145414.202597087,208079.715466065,11895.2819368488,-0.0327818578707193
2710,163816.498709211,214597.853123106,-13025.1518323171,0.0383332400758164
2711,158215.638166711,213848.93983138,-6675.37799809111,0.0195913962567818
2712,156836.174829765,218944.780540739,-10391.7553705037,0.0279787163984706
2713,153532.516021882,210092.079366774,1764.60461134417,-0.00296925506708223
2714,163710.217049037,222422.576575505,-20743.5936245414,0.0568319793432256
2715,163855.467560446,223346.262010826,-21812.5295712724,0.0589597072420176
2716,164246.663482221,224880.201198454,-23737.6646806753,0.0649573750129454
2717,160579.439662212,215954.847582649,-11145.0872448608,0.0318054373976256
2718,143471.837103902,199645.803731597,22271.5591645007,-0.0594618665241801
2719,155874.631611451,215856.905051183,-6342.33666263387,0.0171005093162659
2720,150235.191555465,208366.62604798,6787.38239655498,-0.0179866284245779
2721,160723.834560072,211716.156113321,-7050.79067339259,0.0220337803799927
2722,149373.954487025,212910.838568446,3104.40694452979,-0.00928678396654893
2723,149681.134545399,206786.152210206,8921.91324439546,-0.0231187365319996
2724,148712.542926651,203499.364711749,13177.2923615996,-0.0342598565018354
2725,155999.740551158,214926.153570114,-5536.69412127166,0.0152871930036071
2726,145794.649003881,209126.391084644,10468.1599114754,-0.0295273050603118
2727,172550.34389521,224916.371770974,-32077.5156661834,0.0886142280091812
2728,153532.026384792,224045.375768656,-12188.202153448,0.0291106077488925
2729,164082.629198085,222245.604262202,-20939.0334602871,0.0576923586007411
2730,157416.974177876,215646.666218045,-7674.44039592071,0.021527443577886
2731,137609.897679877,200077.389321704,27701.9129984186,-0.0760706553444426
2732,152246.19884162,209416.411782333,3726.58937604673,-0.00900256424875016
2733,154923.531712568,210545.653482695,-79.9851952631725,0.00175804992537249
2734,143842.103024221,203761.893105177,17785.2038706021,-0.0474329733342542
2735,159919.412928572,216041.400824646,-10571.6137532183,0.0304681512807021
2736,156672.196004546,208448.379839607,268.624155846715,0.000954265161157899
2737,149575.260073621,210202.084026731,5611.85589964752,-0.0151586536957746
2738,150051.518865809,209334.317057509,6003.36407668277,-0.0162380860779734
2739,169141.780709849,217857.812052109,-21610.392761958,0.0626645659597853
2740,151904.128797149,210750.363709128,2734.7074937232,-0.00658805078661417
2741,146420.945629248,205707.83293552,13260.4214352323,-0.0359440286387635
2742,157666.010162603,212261.480897206,-4538.29105980863,0.0145465618830265
2743,139125.422717013,207353.515052178,18910.2622308087,-0.0535505918289952
2744,161171.284366296,212303.236292673,-8085.32065896905,0.025353411026208
2745,153733.27059864,213057.401658718,-1401.47225735709,0.00457384207736463
2746,156229.387927715,215359.344089689,-6199.53201740404,0.0178663409683892
2747,152426.261950482,212513.266930407,449.671119110542,-0.000864439503884424
2748,155104.824173137,215914.77901448,-5630.40318761696,0.014528360472844
2749,143953.450686005,212043.779672743,9391.96964125207,-0.0271854270166722
2750,161345.497441459,214399.476876557,-10355.7743180163,0.0300559722063667
2751,149557.91850952,211622.928451795,4208.35303868528,-0.0124747146581718
2752,144400.202756842,207692.128514357,13296.8687288011,-0.0375916460769707
2753,153334.170604257,207936.120207089,4118.90918865439,-0.0099095295527468
2754,143621.787604673,205033.996098607,16733.41629672,-0.0457911779868782
2755,178034.640526248,224072.971194978,-36718.4117212265,0.10370059488676
2756,149754.957399281,223816.696661153,-8182.45406043401,0.0172303097650697
2757,149005.134871838,207994.331232834,8389.73389532865,-0.0231235528110704
2758,160591.723542272,211425.772358633,-6628.29590090533,0.0209888819014348
2759,160920.210060003,216199.17708236,-11730.1871423633,0.0332257551515849
2760,141175.520189584,209447.477100226,14766.2027101899,-0.0431270577631696
2761,155394.695573577,215672.081206528,-5677.57678010542,0.0154065227287138
2762,161599.671956172,223187.920799856,-19398.3927560286,0.0527446652766124
2763,158520.193174805,215275.678510274,-8406.67168507853,0.0245193143711053
2764,144363.92805822,199862.155964771,21163.1159770094,-0.0561689129757567
2765,147586.321197262,211621.422461283,6181.45634145505,-0.0181977348484077
2766,150205.92178475,208362.361941654,6820.9162735964,-0.0176306245215806
2767,149888.318475419,207522.167258579,7978.71426600212,-0.0208182707356549
2768,143697.512172592,207418.201614623,14273.4862127853,-0.0399141054800745
2769,153636.580501998,210203.490613598,1549.12888440472,-0.00282673140768251
2770,143365.863995299,205930.764653548,16092.5713511534,-0.0444607502310864
2771,153088.661802884,211302.404728776,998.133468340326,-0.00185881591669498
2772,141481.079495573,207119.467436386,16788.6530680407,-0.0473153806028796
2773,142545.827147039,202832.034987847,20011.3378651148,-0.0545505475898323
2774,151166.732975083,219667.682648693,-5445.21562377509,0.0117143888060107
2775,160854.021471928,213833.794953839,-9298.61642576737,0.0280364756363319
2776,156876.136700738,220111.375656626,-11598.3123573636,0.0306319583923204
2777,148498.595290144,219016.722350526,-2126.11764066998,0.00207228118236075
2778,163565.497868843,220431.229363463,-18607.5272323054,0.0516210643831043
2779,155463.811664173,207155.834174256,2769.55416157079,-0.00480285538538553
2780,153759.773473735,218611.538966784,-6982.11244051886,0.0178110293059054
2781,149156.449763314,214885.251069167,1347.49916751875,-0.00581955746985819
2782,147314.374934313,208948.66459421,9126.16047147755,-0.0247853362749897
2783,159459.792708031,222786.675365128,-16857.2680731596,0.0443581215438478
2784,142296.581734807,205823.062017056,17269.5562481372,-0.0479506784755516
2785,154040.159734971,209409.345102715,1939.69516231323,-0.00368255621009943
2786,151573.569899159,209797.191134753,4018.43896608852,-0.0098981597589516
2787,166234.061073283,226040.217140832,-26885.0782141147,0.0720361331997969
2788,135466.964534825,202647.039613396,27275.1958517792,-0.0755704020549064
2789,153386.811342106,207588.016170462,4414.37248743168,-0.010018143567452
2790,162695.258900838,221646.911044181,-18952.9699450194,0.0515522805842888
2791,139948.430957833,207670.09662378,17770.6724183873,-0.0508485290574913
2792,158085.569960322,214557.25836047,-7253.62832079193,0.0208831416156375
2793,163985.374366747,226721.64549947,-25317.819866217,0.0663737091274549
2794,146565.467228505,211426.639031118,7397.09374037624,-0.0210459753615841
2795,145621.642782687,206526.614906996,13240.9423103171,-0.036342955179078
2796,146356.026863871,214191.360794352,4841.81234177697,-0.0149887986925918
2797,146934.328594647,207591.786900681,10863.0845046722,-0.0294109539089868
2798,161336.599025714,219633.248179578,-15580.6472052917,0.0425695773384031
2799,125196.831923306,198759.609029614,41432.7590470803,-0.116769441090263
2800,148331.837725535,205831.513830795,11225.8484436697,-0.0291993148032223
2801,153017.67110874,207849.364826146,4522.16406511428,-0.0111743126890242
2802,154285.187248443,208385.244307234,2718.76844432304,-0.0055623528824533
2803,146977.289763617,205841.939486339,12569.9707500445,-0.033420182320764
2804,169242.226480431,230317.133123245,-34170.1596036764,0.0920419506981798
2805,154306.398349623,213443.979831975,-2361.17818159802,0.0067104893682663
2806,163278.293040193,219491.452215357,-17380.5452555501,0.0480138168990698
2807,167967.432387458,222042.73253063,-24620.9649180886,0.0682511409054299
2808,146378.434819922,214894.088680699,4116.67649937916,-0.0135706573412973
2809,151153.294852102,215703.163535708,-1467.2583878102,0.00351749698413079
2810,158829.340673376,212749.38023207,-6189.52090544504,0.0193597162088769
2811,144458.611033435,213522.012326645,7408.57663992018,-0.0233142745082492
2812,160079.051758979,210764.30402608,-5454.15578505857,0.0175578532406308
2813,157556.549332712,210967.170325335,-3134.51965804776,0.0102931328664908
2814,149667.574504285,207293.472927042,8428.15256867302,-0.0224684532556721
2815,159441.810805516,213473.457112928,-7526.06791844353,0.021882951985245
2816,138335.010487404,203807.504242358,23246.6852702381,-0.0640333845403027
2817,151952.646173674,217189.009141886,-3752.4553155597,0.0088691934061171
2818,160263.111649338,216812.169292378,-11686.0809417156,0.0325197081625807
2819,160838.296337891,211439.425495749,-6888.52183364035,0.0215807730117952
2820,159123.807939019,215502.813894192,-9237.42183321057,0.0264147457201968
2821,147870.729509315,216310.648149809,1207.82234087685,-0.00486890676600399
2822,144465.187299141,209302.348069351,11621.6646315072,-0.0330442582673305
2823,163030.515461183,213796.03026991,-11437.3457310933,0.0335736017060741
2824,154829.068806906,216451.869509508,-5891.73831641377,0.015105877398504
2825,139271.160185595,203545.710117393,22572.3296970124,-0.0630048345817094
2826,156186.435757102,213457.208620129,-4254.44437723071,0.0123434660832227
2827,139069.780198625,198471.558042613,27847.8617587622,-0.0756410719010601
2828,135019.975196512,202689.066620357,27680.158183131,-0.0769396223431307
2829,147156.827229451,209023.814202867,9208.55856768211,-0.0254995668129534
2830,149503.937969798,212014.027745707,3871.23428449506,-0.0116301336825851
2831,157611.363574546,214756.427977761,-6978.59155230754,0.0199504275687007
2832,163427.753049493,216588.613435729,-14627.1664852224,0.0417245842151675
2833,160287.514094731,209880.834934601,-4779.14902933169,0.0153494808984848
2834,152347.45908112,214987.999575466,-1946.25865658635,0.00450992971278796
2835,159556.431392028,217136.876921481,-11304.1083135087,0.0321880812303788
2836,136280.194214986,200044.352192215,29064.653592799,-0.0802486325128346
2837,155032.126640074,210095.916173416,261.157186509634,0.000873745037110925
2838,150368.534981928,213406.219101626,1614.44591644534,-0.00581991365804196
2839,147018.847142598,211107.220314308,7263.13254309405,-0.0204053696323315
2840,175160.712010235,224836.045622435,-34607.5576326699,0.0970677429006059
2841,156552.142582414,208305.766926174,531.29049141187,0.00114037163737175
2842,146317.006283488,212732.216013115,6339.9777033971,-0.0193795385493924
2843,143652.260201792,201888.454403602,19848.485394607,-0.053440196293233
2844,155725.78846013,212644.851788644,-2981.44024877372,0.00912192752337949
2845,152814.928622636,214068.806078382,-1494.53470101737,0.00361987807342779
2846,154931.610621907,215613.270833343,-5155.68145524996,0.0136519096734287
2847,157113.141181247,214098.924971746,-5822.86615299265,0.0159080416696948
2848,166784.120211348,225960.133945541,-27355.0541568883,0.074726460681851
2849,158355.528857515,217823.207957959,-10789.536815474,0.0289615902044709
2850,157112.842579504,210200.483549152,-1924.1261286558,0.00690734382661642
2851,145205.986055978,205508.273931465,14674.9400125569,-0.0403159329770886
2852,144664.11763539,208316.311195285,12408.7711693254,-0.0342292747015615
2853,144038.979084669,217248.503448788,4101.71746654325,-0.014552042921202
2854,149130.339886301,206857.787691989,9401.07242171018,-0.0250521655073763
2855,150518.378616937,205711.227423546,9159.59395951708,-0.0245194381210534
2856,139310.860967739,206378.353346823,19699.9856854383,-0.0552774541219698
2857,177955.6342853,223749.899220477,-36316.3335057776,0.102929218806851
2858,180437.88761147,224150.745332708,-39199.4329441774,0.111206103034033
2859,152084.397055006,208830.874353933,4473.92859106115,-0.0106494634273997
2860,166191.593116876,216867.813236864,-17670.2063537404,0.0509086075801307
2861,159149.513274268,215491.833574169,-9252.14684843732,0.0260950530933443
2862,147349.18822494,207272.079284534,10767.9324905257,-0.0280808758883019
2863,154422.31787009,213519.047218179,-2552.16508826928,0.00737158719740866
2864,164022.828590697,217040.867517946,-15674.4961086424,0.0445739501634554
2865,139613.770053848,200146.354291331,25629.0756548205,-0.0699556417158198
2866,166564.674482143,221645.764521037,-22821.2390031805,0.0641697112294267
2867,138128.457133398,209216.778598588,18043.9642680136,-0.0527456580836167
2868,151032.163805853,210049.53535279,4307.50084135652,-0.0116169106647534
2869,160177.077925913,215360.814382545,-10148.692308458,0.0292985207476409
2870,156246.756555017,215908.643459791,-6766.20001480717,0.0179774323249987
2871,157195.977657708,217367.099229358,-9173.87688706571,0.0252112077149887
2872,158357.35677557,217029.698792526,-9997.85556809505,0.0282858685862828
2873,139840.823395737,202478.491042796,23069.8855614667,-0.0635924180914042
2874,151271.886993017,213253.298526718,864.014480264625,-0.00313316176371662
2875,145621.9565247,207118.325784463,12648.917690837,-0.0344938601686667
2876,149257.811518737,214291.471320849,1839.91716041422,-0.00728368090334206
2877,144951.263844551,204030.8723261,16407.0638293491,-0.0446769874052982
2878,151895.732548121,215327.533729623,-1834.06627774407,0.00347004242717881
2879,156944.079663645,214797.22660641,-6352.10627005534,0.0185684188433027
2880,165466.051472692,221542.042102908,-21618.8935756001,0.0598286102016018
2881,149011.934222594,209471.554883313,6905.71089409234,-0.0181360534642624
2882,157147.182656593,220852.934246581,-12610.9169031734,0.0327821387965106
2883,137881.944807664,205040.238064632,22467.0171277039,-0.0633491249424675
2884,152684.886023412,208346.119247511,4358.19472907711,-0.0107458965307482
2885,148826.19387364,214840.308327726,1722.69779863377,-0.00750970101332791
2886,151547.12691967,221015.577534754,-7173.50445442391,0.0169646810853059
2887,145030.948856549,204768.272928316,15589.9782151357,-0.0426491622031214
2888,164199.724852315,226022.908379954,-24833.433232269,0.0674349148389602
2889,141337.813058033,203522.806021749,20528.5809202182,-0.0561154401431233
2890,161857.365658229,214873.680387051,-11341.8460452807,0.0323948049842762
2891,140298.236079239,204992.007233092,20098.9566876689,-0.0565793268420055
2892,160007.175964765,217428.572879887,-12046.5488446519,0.0337040103290255
2893,147604.391273451,203542.373393671,14242.435332878,-0.0377492761500191
2894,160694.849962723,210351.499948461,-5657.1499111841,0.0184608291096797
2895,154913.511935464,218614.672955068,-8138.98489053262,0.0210567834786279
2896,153829.799248974,218189.169062609,-6629.76831158326,0.0162554353328807
2897,153260.62270061,216500.876323593,-4372.29902420257,0.0102903206434807
2898,145536.967817842,210763.79908112,9088.43310103792,-0.0265191025534137
2899,155860.488695314,219342.057237818,-9813.34593313193,0.0253021195379375
2900,151276.819305401,217554.920325631,-3442.53963103268,0.00753922783626615
2901,150318.670591251,213919.72903196,1150.80037678889,-0.00385187611545523
2902,157458.123336251,218019.177356991,-10088.100693242,0.0277810881254494
2903,155700.885869057,214757.510370557,-5069.19623961375,0.0137954489533442
2904,149331.964008008,212810.506614775,3246.72937721695,-0.0093352520548351
2905,135967.163547151,200678.261517886,28743.7749349635,-0.0792265653745235
2906,141023.798402397,211826.124315743,12539.2772818593,-0.0373768466550927
2907,159821.567450925,211951.230260787,-6383.59771171142,0.0194623742861807
2908,157304.74493969,213034.567326372,-4950.11226606189,0.0146172817055916
2909,154253.599346551,214591.912909542,-3456.31225609325,0.00966053109333634
2910,152260.762191992,213653.231099559,-524.793291551294,0.000742245402288062
2911,148308.222685218,208743.857487477,8337.11982730485,-0.0224176418079181
2912,147095.997117749,215536.182368141,2757.02051411016,-0.0100354222444717
2913,153200.378029708,216470.733593999,-4281.91162370745,0.0113182024718092
2914,167796.51563948,222679.551355477,-25086.8669949575,0.0697987708074775
2915,153044.468054964,210106.550749815,2238.18119522108,-0.00510442943767494
2916,168421.570948163,225703.005438538,-28735.3763867011,0.0790239995064796
2917,158069.134166964,218634.310198972,-11314.2443659362,0.0306300963587666
2918,164894.906500976,218781.949903695,-18287.6564046718,0.0521902941530125
2919,148016.984096864,207808.954845564,9563.26105757157,-0.0259550264703895
2920,173546.902864882,223186.55496969,-31344.2578345723,0.0882398534830762
2921,151714.749807886,218680.795027036,-5006.34483492182,0.0112413824659759
2922,135209.012171991,205540.336415613,24639.8514123958,-0.0702559423561366
2923,170780.384027779,218131.411840389,-23522.5958681673,0.0674753036455538
2924,140502.845468015,206495.482966861,18390.8715651247,-0.0512268119984923
2925,159007.795861813,215403.074367628,-9021.67022944073,0.0256852566334154
2926,162850.06373265,219075.112472797,-16535.9762054473,0.0469354144799912
2927,148419.395113245,215778.979468377,1190.82541837846,-0.00581460757246158
2928,148521.167139324,205570.687312016,11297.3455486594,-0.0299776710519635
2929,138982.122330507,203027.115169839,23379.9624996541,-0.0648908337200152
2930,157173.63215037,209131.633479304,-916.065629673889,0.00533352139669877
2931,151056.411041749,208929.402289664,5403.38666858728,-0.0137541892152027
2932,137611.302777207,203319.952266503,24457.9449562894,-0.0676917038716889
2933,139423.680923122,201738.229048466,24227.2900284123,-0.0668701317926123
2934,162490.98404912,223653.015702607,-20754.7997517272,0.0557952305064245
2935,148231.314956857,220742.153152999,-3584.268109856,0.00599398535687776
2936,142252.063759311,203292.001836624,19845.1344040649,-0.0550588657564144
2937,150786.105827997,213918.069272697,685.024899306416,-0.00350513611056846
2938,136723.989525031,200650.460694232,28014.7497807372,-0.0767791451136959
2939,158504.688776439,213950.219912578,-7065.70868901705,0.0214138691867339
2940,156521.443587463,208477.198069058,390.558343478246,0.0012618372627169
2941,154078.638752018,212036.776661165,-726.215413182741,0.00268506767088145
2942,176580.949056396,223942.267328346,-35134.0163847424,0.0999494851308558
2943,160931.302463689,210655.586306872,-6197.68877056171,0.0191502931861747
2944,142623.690875674,209647.158089211,13118.3510351144,-0.0377173427338293
2945,160265.20980965,222735.887784007,-17611.8975936571,0.0468443497062302
2946,163486.779392652,213396.055236745,-11493.6346293975,0.0336139788401443
2947,141585.094975794,204418.939998778,19385.1650254278,-0.0537243035621066
2948,142527.426422394,213520.457611658,9341.31596594781,-0.0288916424547037
2949,154301.528949669,212596.966825157,-1509.29577482626,0.00455639721950614
2950,165266.8639438,214476.882220247,-14354.5461640473,0.0419584436030675
2951,154508.608691947,217390.830114508,-6510.23880645487,0.0164887094975125
2952,169050.096212773,221020.794041862,-24681.6902546349,0.0687580060094306
2953,152299.909759586,209583.240948866,3506.0492915489,-0.00868762120862011
2954,154177.012680084,205212.636807677,5999.55051223916,-0.0135697234441708
2955,147970.264866949,204817.368370461,12601.5667625901,-0.0336484867582678
2956,164353.308943474,221883.218487981,-20847.3274314543,0.0569266253083147
2957,157322.721536596,214255.762198477,-6189.283735073,0.0178965232948875
2958,147331.554263072,213116.891398511,4940.75433841714,-0.0153298059999602
2959,159108.672563105,214725.867024041,-8445.33958714653,0.023822086672129
2960,149822.565270265,207950.534296793,7616.10043294198,-0.0203672228934892
2961,140028.524328281,209687.924863061,15672.7508086578,-0.0456909931020982
2962,172570.269872887,221162.207320308,-28343.2771931941,0.0804247360248904
2963,161062.341943531,214966.353428022,-10639.4953715533,0.0302574831792712
2964,176961.71220718,225645.655986871,-37218.1681940512,0.10427525898887
2965,155324.894175365,214380.256060246,-4315.95023561124,0.0115705827181206
2966,150039.967194297,210443.655819605,4905.57698609767,-0.0140772025914242
2967,153636.924817854,205527.849147608,6224.42603453813,-0.0140961872730381
2968,149388.702311314,208072.725173204,7927.77251548116,-0.0204404829127016
2969,165333.300220876,222276.609306448,-22220.7095273236,0.0624530065038517
2970,153544.445064692,217993.695228604,-6148.94029329607,0.0157422153877337
2971,137152.914253653,202166.671246335,26069.6145000122,-0.0727276473701406
2972,168088.946528932,220047.314722368,-22747.0612513001,0.0648917564252771
2973,154496.867539224,210204.621490628,687.710970148037,-0.000339162945238365
2974,142787.685042818,202390.454563235,20211.0603939467,-0.0553593820065692
2975,146188.343045964,212512.867662464,6687.98929157207,-0.0201416774872042
2976,153264.7484259,212107.53275392,16.9188201800571,-0.000157810789576428
2977,153177.133737376,206989.038793358,5223.02746926638,-0.0126658226683678
2978,155644.973788958,211248.091010236,-1503.86479919305,0.00581475325956487
2979,155649.467994738,208452.828294959,1286.90371030249,-0.00160443127896008
2980,128972.374494302,193736.422266367,42680.4032393303,-0.117573387951947
2981,140363.673469428,207343.715015277,17681.8115152949,-0.05027132253686
2982,155357.958612051,215581.922142453,-5550.68075450388,0.0154136397303107
2983,159969.677371957,211219.350700282,-5799.82807223895,0.0180498652395089
2984,149701.702201361,212045.601344456,3641.89645418298,-0.0115274516466033
2985,157714.04136311,207907.641552411,-232.482915521658,0.00327234146070808
2986,154480.133564206,213620.220217525,-2711.15378173121,0.00753718319493991
2987,159317.10915892,211091.686477556,-5019.59563647606,0.0156642363401146
2988,157022.602785738,210104.795558132,-1738.19834387058,0.00689342802518206
2989,134119.056578748,205630.171647126,25639.9717741258,-0.0734905945998066
2990,151984.689446867,206444.972750311,6959.53780282254,-0.0172133117127519
2991,149043.211829519,208881.468115736,7464.52005474496,-0.0201672384036115
2992,152564.254207373,210204.941377408,2620.00441521819,-0.00620048656167445
2993,141633.374543936,200866.418571945,22889.4068841185,-0.0623199434951762
2994,148460.473495486,212623.553884649,4305.17261986493,-0.0127503799262731
2995,158824.741366525,209520.425413676,-2955.96678020101,0.0105692387595472
2996,149031.184927123,206559.006857298,9799.00821557868,-0.0266137096594375
2997,178637.969981759,234065.827135039,-47314.5971167987,0.129134518824547
2998,157169.28071716,216084.203027133,-7864.28374429274,0.0211386368639477
2999,155180.291852665,212136.572439379,-1927.66429204418,0.00576106183447947
3000,154111.438475099,213355.508638517,-2077.74711361685,0.00614078476138584
3001,151202.892408674,227676.617059847,-13490.3094685205,0.032664884183029
3002,143562.11371555,212698.841765649,9128.24451880163,-0.0271511396405596
3003,123778.125289638,192209.434802547,49401.6399078154,-0.136257528239625
3004,147942.40355238,210302.407412519,7144.38903510082,-0.0196183180738275
3005,173175.268704637,222373.586815065,-30159.6555197026,0.0856615156657603
3006,133297.737381543,203109.543320286,28981.9192981704,-0.0817227375377229
3007,158380.860479855,216989.483483772,-9981.14396362688,0.027645269268699
3008,153355.716328372,217304.140621827,-5270.65695019899,0.013775225993552
3009,168172.04654993,224783.361677845,-27566.2082277744,0.0758286549496822
3010,157361.626740148,218658.028865996,-10630.4556061441,0.028405288264115
3011,143659.80343794,207416.286828628,14313.1097334321,-0.0393266488524332
3012,148661.338964671,208156.627779141,8571.23325618735,-0.0226751555721006
3013,142294.259148672,200436.158907955,22658.781943373,-0.0605755980796577
3014,166913.584985163,222434.632842104,-23959.0178272675,0.0664522647666978
3015,150492.738657103,217730.409076604,-2833.9477337072,0.00622103595994963
3016,169963.086264623,221041.248890635,-25615.1351552578,0.071669491159191
3017,143528.367244927,201810.849236169,20049.9835189042,-0.0542089232294283
3018,161366.099726184,222643.619220746,-18620.5189469302,0.0504051955687364
3019,163119.483144216,209004.675010751,-6734.95815496676,0.0225006852773683
3020,158061.461159583,211368.079318889,-4040.34047847177,0.0122310258533809
3021,156394.075516626,224746.423806939,-15751.299323565,0.0394754527729669
3022,145276.173219196,204860.894946978,15252.1318338259,-0.0413475889538265
3023,157883.329399062,219122.081276099,-11616.2106751607,0.0307300064867879
3024,150270.279224711,207873.274685112,7245.64609017695,-0.0188745763672275
3025,130437.282723681,197445.593756484,37506.3235198357,-0.103497189508142
3026,150366.188816619,207450.073004282,7572.93817909807,-0.0190457612932623
3027,146136.221545115,207925.092709191,11327.8857456939,-0.0314658645924875
3028,145574.463217358,210449.144248421,9365.5925342213,-0.0267961852912841
3029,154581.774874376,212639.679061528,-1832.2539359036,0.00577058551569621
3030,168550.622304202,220476.056183494,-23637.4784876959,0.0661344568494724
3031,155600.913776568,213265.056744151,-3476.77052071912,0.00989883216041426
3032,153534.077404475,222288.07462248,-10432.9520269553,0.0256800365780784
3033,144924.994095855,211842.490406125,8621.71549802029,-0.0254614365252947
3034,159974.055220982,211795.075003122,-6379.93022410438,0.0199730038391199
3035,150509.307321146,217480.515437558,-2600.62275870406,0.00537210738822951
3036,165260.856457121,218967.862491206,-18839.5189483266,0.0529481884304593
3037,144981.806352049,207061.273792516,13346.1198554343,-0.0366516755049159
3038,144315.28579348,201530.588971643,19543.3252348776,-0.051850226682545
3039,169181.681755728,227250.836246672,-31043.3180024004,0.0855194813766313
3040,160338.831781289,216416.622774355,-11366.2545556436,0.0322309805189565
3041,160307.898798869,222218.562367666,-17137.2611665358,0.046222803548494
3042,143066.50322405,211004.922336214,11317.7744397352,-0.0330060012213208
3043,162184.397011118,220931.597808123,-17726.7948192413,0.0487630502163263
3044,154341.258529979,211353.482259591,-305.540789569786,0.00133318263482651
3045,148379.484091406,205705.147711136,11304.5681974575,-0.0299783492186688
3046,163210.720638777,224124.839844936,-21946.3604837129,0.05974436531858
3047,158158.901550992,213186.148091916,-5955.84964290791,0.0183857083494566
3048,151082.614719023,208708.550849118,5598.03443185956,-0.0147392825304288
3049,145974.847618116,207513.844897824,11900.5074840605,-0.0332042040356711
3050,153502.151070664,218708.90840752,-6821.8594781842,0.0166152643127007
3051,146664.872609453,205853.845542263,12870.4818482845,-0.0345474702981448
3052,145148.671322604,206222.730253645,14017.7984237512,-0.038536312310426
3053,154337.191730186,218420.417487787,-7368.40921797382,0.0181965387529081
3054,140772.055658118,214572.307007251,10044.8373346305,-0.0311383557877798
3055,164660.064827754,214886.487439958,-14157.3522677128,0.0417221244684612
3056,163953.927559202,213722.151014301,-12286.8785735031,0.0368323026645687
3057,172051.212344704,218204.136697994,-24866.1490426983,0.0715523756718407
3058,164483.946812632,219324.328521473,-18419.0753341049,0.051531588805621
3059,160152.676888805,217623.930212744,-12387.407101549,0.0344240664176648
3060,151497.525933263,216569.405295685,-2677.73122894834,0.00583262604558993
3061,155461.229232743,211467.527580708,-1539.55681345117,0.00612275407727117
3062,152819.884311977,209335.650557433,3233.66513058968,-0.00738564649340316
3063,155871.29027648,209692.43834842,-174.528624900675,0.00208585137587764
3064,151819.306858927,218472.941890584,-4903.04874951037,0.011596210735518
3065,166498.770786251,219514.260103897,-20623.8308901476,0.058938398554237
3066,158175.889398322,216688.916716829,-9475.60611515067,0.0268113373295187
3067,146916.447546413,212393.588894783,6079.16355880437,-0.0168510175760429
3068,158541.618167755,218593.432103196,-11745.8502709517,0.0323007381441981
3069,142274.04491085,199815.921201121,23299.2338880284,-0.0628632619124975
3070,156536.888014562,217282.171079939,-8429.8590945013,0.0224296985114559
3071,151477.144170849,210077.392148854,3834.66368029633,-0.00988834585554738
3072,160783.254738527,218098.569773263,-13492.6245117905,0.038332831910898
3073,172452.9606172,222439.65530473,-29503.4159219302,0.0823576746941258
3074,145100.974751192,207715.882336208,12572.3429125996,-0.0360088467759075
3075,129266.255195369,194166.013836402,41956.930968229,-0.115643479801448
3076,155164.878751184,225924.023387122,-15699.7021383062,0.0391638596581251
3077,171988.059688672,229666.818199114,-36265.6778877859,0.0991570258479809
3078,166352.795478624,222389.10047893,-23352.6959575537,0.0648036292309665
3079,172808.818392139,226775.716959959,-34195.3353520983,0.0950354692021655
3080,150600.888965405,210652.444748485,4135.8662861099,-0.0109791296266853
3081,153707.322162138,211241.697414066,440.180423795886,-0.000282409103325029
3082,147621.88047162,215019.422594589,2747.89693379088,-0.00986504054751145
3083,149465.005537125,212046.347952835,3877.8465100397,-0.0107123231096844
3084,153853.258299714,216634.711353263,-5098.76965297683,0.0133439199007443
3085,155610.075361138,208325.749382247,1453.37525661476,-0.00193712635190435
3086,158111.235416953,222605.257658535,-15327.2930754884,0.0404833849370887
3087,164922.072793838,216695.007496699,-16227.880290537,0.046992498503285
3088,152050.387238626,213419.408671273,-80.5959098984604,-5.48392632423262e-05
3089,149418.441922468,206010.684063612,9960.07401391986,-0.025846405481176
3090,161397.914591024,216180.75885505,-12189.4734460746,0.0350396989232998
3091,169109.300071551,222834.990557409,-26555.0906289601,0.0746047770713701
3092,161057.268272849,217633.7987765,-13301.8670493484,0.037749335048554
3093,137667.836956156,204687.111133753,23034.2519100907,-0.0637557171159457
3094,141894.431200182,201870.698761564,21624.0700382542,-0.0586097181961155
3095,145416.25872132,209311.468722297,10661.4725563821,-0.0298780939030836
3096,148571.775399303,211745.151939082,5072.27266161557,-0.0144052178566557
3097,161738.870897582,220071.781626675,-16421.4525242574,0.0458022886491865
3098,166373.233322247,225795.764874648,-26779.798196895,0.073067481175855
3099,140881.778863296,207176.669484097,17330.7516526072,-0.0487390234749867
3100,144314.218974059,208437.095408416,12637.8856175249,-0.0363246102328065
3101,152052.386080486,211738.89192356,1597.92199595447,-0.003603820137705
3102,150981.653489636,213655.082843296,752.463667067874,-0.00293580712565715
3103,156308.846631417,210423.769942903,-1343.41657431988,0.00541665508794675
3104,149630.574636185,207509.280449342,8249.34491447225,-0.0214702438997314
3105,149588.172523003,215554.799518896,246.227958101023,-0.00301612079073941
3106,160822.637524148,216048.711653971,-11482.1491781187,0.0326122896050325
3107,156929.081542452,217121.447714772,-8661.32925722498,0.023257630599118
3108,144069.382221326,203327.426066729,17992.3917119446,-0.0478585464070435
3109,150319.727572022,212177.9858151,2891.48661287798,-0.00824477484857464
3110,149657.605617871,206079.592105697,9652.00227643218,-0.0251785071235862
3111,138859.627026709,207303.857724218,19225.7152490733,-0.05446561879592
3112,162089.039892132,219998.719645228,-16698.5595373593,0.0462089889037955
3113,152377.805301618,205540.942470352,7470.45222803083,-0.0182123955356852
3114,163388.736110667,215477.5763733,-13477.1124839674,0.0389680276125266
3115,171634.530520549,220922.292215764,-27167.6227363128,0.0764735338026303
3116,159570.281224054,211831.268785817,-6012.35000987066,0.0179702365386477
3117,162429.011065496,218307.285664897,-15347.0967303927,0.0432388883697611
3118,173338.826174598,234336.404065247,-42286.0302398445,0.11478974036673
3119,154637.399695859,212834.256056184,-2082.45575204358,0.00609714523504151
3120,145082.77342382,207525.32110245,12781.1054737298,-0.0358857553772399
3121,154004.676596649,214690.834270364,-3306.31086701265,0.00833611939725063
3122,134921.33882716,200875.363735843,29592.4974369971,-0.0821370394676258
3123,158464.122046557,212524.618729987,-5599.54077654384,0.0169044084548939
3124,146190.029002099,212741.684894984,6457.48610291671,-0.0184348243074888
3125,151887.886373801,216328.848852714,-2827.53522651427,0.00655892376967875
3126,154059.071964636,211922.194269195,-592.066233830876,0.00184334896991349
3127,166160.156462556,224279.089913005,-25050.0463755606,0.068168775685932
3128,158508.881051849,209670.649489155,-2790.33054100344,0.00972418235465706
3129,151323.063111396,217267.811332941,-3201.67444433674,0.00700314805197897
3130,139791.978119629,209898.735233182,15698.4866471894,-0.045754272232972
3131,139273.042699363,202101.12417088,24015.0331297569,-0.0665499445385513
3132,167712.625489826,226023.985375566,-28347.4108653924,0.0772638299753693
3133,159143.857527288,211692.475634662,-5447.13316194987,0.0171777034043788
3134,156543.077580798,220494.20250325,-11648.0800840482,0.0299982048081124
3135,167956.882570231,221637.958709934,-24205.6412801655,0.0682031091269778
3136,155897.720863345,215735.910728897,-6244.4315922418,0.0159773740627455
3137,157388.306609462,210038.88816302,-2037.99477248261,0.00866550043641874
3138,154751.933174441,214666.986413119,-4029.71958756004,0.0104292693449559
3139,157953.700450391,212052.472299527,-4616.97274991818,0.0138420647860116
3140,149675.206693901,214318.308496473,1395.68480962643,-0.00611215460692603
3141,133286.414317247,198974.493752496,33128.2919302573,-0.0921081899760748
3142,155611.626245162,218476.766940517,-8699.19318567874,0.0232556219383612
3143,138627.193284335,206460.188883664,20301.8178320011,-0.0565257885044424
3144,156325.936333639,225517.850489158,-16454.5868227975,0.041575530518899
3145,139832.284979404,210606.364276235,14950.5507443612,-0.0433865996257785
3146,158948.674172797,220432.099782318,-13991.5739551144,0.0374017824562594
3147,154897.671304213,212638.540070417,-2147.01137462951,0.00595197756347513
3148,140941.691658874,203724.975215819,20722.5331253072,-0.0579423796951396
3149,138701.556410193,203913.581567845,22774.0620219622,-0.0633848789147071
3150,155972.20620323,218664.091860308,-9247.09806353709,0.025488663261853
3151,151970.668036313,211829.841490684,1588.69047300325,-0.00372323036810851
3152,177841.107275967,221769.155856578,-34221.0631325445,0.0975537023478271
3153,161855.074296382,219138.470922368,-15604.3452187499,0.0443734659105816
3154,148614.866296935,207751.979464592,9022.35423847282,-0.0237353795420162
3155,143198.382199909,214226.93215046,7963.88564963161,-0.02535323329505
3156,163106.573726157,224253.211744899,-21970.5854710567,0.0593534102586786
3157,152452.683959761,216442.363763813,-3505.84772357397,0.00802753826946684
3158,147822.901838094,209954.647284787,7611.6508771198,-0.0219036473725432
3159,158401.393699219,211792.103973945,-4804.29767316458,0.0148576228669675
3160,138998.319573944,203291.620709873,23099.2597161831,-0.0642149024167327
3161,170577.565586096,220841.184015656,-26029.5496017525,0.0738484979508411
3162,157418.36528754,212882.627542484,-4911.79283002479,0.015142108218791
3163,154240.709640466,213361.071644637,-2212.58128510328,0.00585664894005945
3164,183782.300104897,241896.768964473,-60289.8690693706,0.16288556995947
3165,163202.311282909,219023.335618759,-16836.4469016682,0.0472793515568702
3166,150828.374937186,207743.28652772,6817.53853509406,-0.0175208132393969
3167,148355.929587837,216237.919971899,795.350440263748,-0.00486447089518829
3168,158314.556708917,211045.045446774,-3970.40215569094,0.0121801270231127
3169,141495.584364691,205073.03283317,18820.582802139,-0.0520906368567731
3170,148839.247627996,214095.926489838,2454.02588216687,-0.0078008064861597
3171,147389.407658619,213448.11212969,4551.6802116902,-0.0139218320955807
3172,155324.082591901,212592.199718404,-2527.08231030457,0.00807628746354699
3173,151303.993867313,215676.880382667,-1591.67424997996,0.00263653534140384
3174,145025.413026531,220604.899376545,-241.112403075385,-0.00417363924270368
3175,143789.382685052,210797.976672089,10801.8406428591,-0.0312407948356633
3176,161873.298146734,229058.231877589,-25542.3300243234,0.0672774627349183
3177,160380.363170674,217524.798498904,-12515.9616695782,0.0349945052694399
3178,142715.004820073,210414.407489702,12259.7876902255,-0.0351056350266881
3179,168390.083101024,221646.651762919,-24647.5348639436,0.0692553782958838
3180,160689.650097611,224299.558610891,-19600.0087085022,0.0517933468978282
3181,142473.194603944,204754.321005596,18161.6843904601,-0.0493105421286284
3182,146034.083653557,210384.859088229,8970.25725821423,-0.0260952186757871
3183,171711.114782671,216576.010196893,-22897.9249795635,0.066550592779746
3184,158483.446839094,215313.161943762,-8407.40878285543,0.0255453451146711
3185,141535.608177365,208388.363266252,15465.2285563831,-0.0439618065042593
3186,168990.664849742,214871.668344069,-18473.1331938112,0.054355066355334
3187,170978.210072175,225593.470552306,-31182.4806244803,0.0861678772252985
3188,155233.197632612,210591.450653224,-435.448285836435,0.00179697778006517
3189,158362.574700956,223078.033956457,-16051.4086574127,0.0416795279212946
3190,139573.044588505,206875.90406587,18940.2513456249,-0.0530255349502339
3191,149269.732424043,206755.540999942,9363.92657601496,-0.0240810285266019
3192,159388.040933802,218634.869026016,-12633.7099598173,0.0346729085083078
3193,153615.842616114,209274.915047256,2498.44233663037,-0.00544498011532072
3194,156471.138466443,208048.547874721,869.513658836368,1.36652529571637e-05
3195,155330.707656254,213297.322974869,-3238.83063112322,0.00985502938786848
3196,157270.050291141,210230.635339035,-2111.48563017527,0.00795438565227997
3197,145565.414874317,206456.159608634,13367.6255170495,-0.0362253266364402
3198,162481.296610555,210261.492924124,-7353.58953467844,0.0239317915212625
3199,166126.904837576,216520.178154682,-17257.8829922573,0.049532586626035
3200,171763.653001996,218497.646978202,-24872.0999801978,0.0713945879874153
3201,147213.894242208,204268.835952914,13906.4698048785,-0.0366504191016372
3202,150660.559856005,211412.877167133,3315.76297686138,-0.00849004513036232
3203,142547.525799008,199617.272159564,23224.4020414285,-0.0624025554787906
3204,151406.974212467,210206.996415928,3775.22937160567,-0.0100600096708392
3205,146039.393397393,212701.7416748,6648.06492780731,-0.0200582238144809
3206,150394.77813511,208571.013410752,6423.40845413803,-0.0166241750455723
3207,144110.01859163,211611.112744327,9668.06866404391,-0.0285419939001921
3208,149305.555986614,227156.124321381,-11072.480307995,0.0241621196035273
3209,129808.258759049,198960.066558137,36620.8746828146,-0.102370430135162
3210,146521.186970805,208836.813356328,10031.1996728664,-0.0279660095097266
3211,153239.6555016,220146.983561842,-7997.43906344112,0.0194672965881807
3212,143304.110697055,207610.306188005,14474.7831149395,-0.0405926793583264
3213,142553.231868548,206159.785901846,16676.1822296061,-0.0462497340018512
3214,159262.988418107,216798.022464145,-10671.8108822522,0.0298555217345125
3215,159544.742300633,212270.636257087,-6426.17855772044,0.0195295456064411
3216,177886.158885136,225655.810192462,-38152.7690775979,0.107111761978941
3217,132532.830823001,201640.784540843,31215.5846361555,-0.0875582799076615
3218,158440.329262491,218550.231258509,-11601.3605210002,0.0320346508577086
3219,138381.116480375,202582.398725157,24425.6847944681,-0.0669827396239199
3220,159106.165135549,217180.444266934,-10897.4094024829,0.03047389780373
3221,135562.942498513,201906.747401087,27919.5101004002,-0.0768095506190529
3222,147518.992476957,209251.197239794,8619.0102832496,-0.0235435716928504
3223,144145.168684277,202783.526124298,18460.5051914257,-0.0500692703108713
3224,154884.419861114,215301.996692555,-4797.21655366878,0.0134448035311548
3225,148457.051721256,213525.196213364,3406.95206537953,-0.0105747055792126
3226,148946.720538372,207824.678388604,8617.80107302399,-0.0233015675413669
3227,151666.390445307,209880.795158381,3842.01439631172,-0.00965735772468167
3228,143132.763677264,206753.068790418,15503.3675323178,-0.0435900585877915
3229,156466.983061113,211033.136464517,-2110.91952562967,0.0069624624042553
3230,135402.186693811,201938.593126735,28048.4201794546,-0.078325768232644
3231,161207.117342144,211767.914679153,-7585.83202129713,0.0230553220150039
3232,158867.502964756,214224.844167225,-7703.14713198139,0.0223302200750114
3233,164789.83333624,221793.668614394,-21194.301950634,0.0581638552977271
3234,166158.068463429,218703.290978833,-19472.1594422616,0.0555711259554618
3235,167643.927244885,226707.18997573,-28961.9172206151,0.078473551088744
3236,135031.586259893,202770.629647241,27586.984092866,-0.0775221717282998
3237,160348.788820694,212103.924389994,-7063.51321068796,0.0217195130008523
3238,149979.766173492,211628.011322937,3781.42250357039,-0.0101403694111083
3239,158946.399131013,212651.913912011,-6209.11304302403,0.0183863593623876
3240,143474.529878999,202745.631806467,19169.0383145339,-0.0517997167349986
3241,158318.116961042,219949.975670424,-12878.8926314663,0.0338716199140662
3242,161661.574808725,221350.128596489,-17622.5034052145,0.0476138456306786
3243,153587.677813328,215486.214275586,-3684.69208891405,0.00947777967929598
3244,146500.266525292,204550.073799392,14338.8596753156,-0.0384393886557596
3245,151474.229849101,217901.240582967,-3986.27043206716,0.00864544671095791
3246,146621.727783122,222249.237978319,-3481.76576144091,0.00375819470852648
3247,164292.025257658,214152.351724587,-13055.1769822449,0.0385950185939308
3248,147879.777899323,207016.480119637,10492.94198104,-0.0283547529240731
3249,159146.789407031,213645.321442106,-7402.91084913624,0.0215999161989041
3250,151372.533326213,210137.260788497,3879.4058852903,-0.00992339381941902
3251,145957.26810705,203855.588873863,15576.3430190871,-0.0415169200244403
3252,152697.408653153,212769.874738561,-78.0833917140844,0.000879283285301775
3253,155691.040596707,213119.373132522,-3421.213729229,0.00946524862587141
3254,158754.041180923,213445.424080223,-6810.26526114513,0.0210904200770556
3255,159346.284104083,223196.933033623,-17154.0171377061,0.0440990402092335
3256,156674.035168734,215063.502765735,-6348.33793446852,0.0173723293218893
3257,162771.303282224,222909.134742273,-20291.2380244966,0.0550323176292192
3258,169967.371468806,229543.146702033,-34121.3181708394,0.0936728139079437
3259,148666.569610452,204834.691884488,11887.9385050599,-0.0312327145365461
3260,153576.48957004,214507.731898403,-2695.02146844281,0.005994039094611
3261,139991.521078459,206818.578253411,18579.1006681298,-0.0527237791610202
3262,160491.5409408,215803.213937928,-10905.5548787281,0.0318741303066055
3263,140789.766289626,206326.942796886,18272.4909134873,-0.0507212362614773
3264,148262.251883472,212376.390185231,4750.5579312967,-0.0145822979833253
3265,164264.286283124,219765.806682927,-18640.8929660511,0.0523898770449175
3266,177180.501885857,236514.211159916,-48305.5130457733,0.13146017552887
3267,142328.013217628,208989.740294997,14071.4464873754,-0.038883647937472
3268,166664.229260602,220174.706533747,-21449.735794349,0.0603818857550939
3269,162424.798810429,218120.662505423,-15156.2613158522,0.0416431086706708
3270,161894.207447815,221001.574238266,-17506.5816860802,0.0472614375544771
3271,150072.959125535,206925.546208988,8390.6946654765,-0.0216700450480542
3272,146687.672189058,215393.573871624,3307.9539393179,-0.0120074882164881
3273,167383.914193103,218240.833298335,-20235.5474914382,0.0570113968454297
3274,151931.822454514,208197.167233673,5260.21031181311,-0.0131971233990173
3275,128062.340588904,201131.818216155,36195.041194941,-0.10173621056855
3276,164782.483053922,216232.742748432,-15626.0258023548,0.0443237546507017
3277,155439.719316158,208310.124164029,1639.3565198133,-0.002792715443332
3278,164906.043604329,220629.74669571,-20146.590300039,0.0565378102942968
3279,166146.027153925,222098.815061117,-22855.6422150414,0.0636698508772162
3280,169572.928362017,225152.754219169,-29336.4825811861,0.0802716767496434
3281,168203.543360514,218187.45823409,-21001.8015946042,0.0599310658854566
3282,144693.063041221,207353.549246749,13342.5877120306,-0.0361693668068293
3283,164721.105039842,221214.349945813,-20546.2549856548,0.056272375332508
3284,153570.745272952,207589.532442754,4228.92228429479,-0.010158084511487
3285,156243.285754516,206889.936906786,2255.97733869805,-0.00340674794940191
3286,146926.270643366,206549.992518562,11912.936838072,-0.0323886281186755
3287,144080.191819373,210775.057793655,10533.9503869719,-0.031137965664762
3288,150219.793789645,208425.530552953,6743.87565740128,-0.0174996154070711
3289,160038.951984369,219052.573039498,-13702.3250238671,0.0387661850177159
3290,153614.023061644,216233.822899077,-4458.64596072101,0.0123765746490071
3291,147916.362564064,217644.99012878,-172.152692843869,-0.00281528455215178
3292,167224.774404978,216080.847894346,-17916.4222993237,0.0523843897037706
3293,164553.484669287,219129.150189355,-18293.4348586425,0.0517871606141307
3294,151041.096683991,214649.28083906,-301.177523051505,-0.000580724200760986
3295,150170.810507183,212511.595811813,2706.79368100374,-0.00819911132550652
3296,142957.128992197,208963.348470296,13468.7225375071,-0.0387112143996682
3297,154723.951001247,214565.394341578,-3900.14534282556,0.0107930788974949
3298,144696.652351419,206623.533007265,14069.0146413162,-0.0387426302617677
3299,162976.949586088,217997.931889616,-15585.6814757044,0.0450268445423907
3300,165138.524527299,216479.016882045,-16228.3414093443,0.0461098316868475
3301,142918.71023551,213202.820968975,9267.66879551462,-0.0284435223288909
3302,144745.854606631,206250.180720274,14393.1646730946,-0.0396391172235466
3303,154668.729116518,207741.154763125,2979.31612035626,-0.00719596166888572
3304,154727.242810339,220626.415735725,-9964.45854606415,0.0245441846531293
3305,146113.730827359,215265.776311741,4009.69286089978,-0.0133567989878099
3306,147356.586119564,207767.025792509,10265.5880879273,-0.0272397961206065
3307,158517.483299779,220986.430021432,-14114.7133212117,0.037413007323938
3308,142803.79454906,209625.787811993,12959.6176389476,-0.0368270568563103
3309,147041.528480133,208601.724103574,9745.94741629291,-0.0268078485991294
3310,155323.360911716,213833.090118448,-3767.2510301643,0.0110342881230355
3311,159364.680880733,210584.672538664,-4560.15341939731,0.0150491930573426
3312,142000.593208794,210577.299771518,12811.3070196872,-0.036818824690974
3313,135969.33756775,208871.901096469,20547.9613357809,-0.0590716492151583
3314,141713.202257325,210631.529158852,13044.4685838229,-0.0392847481656533
3315,151146.000643694,207642.541483659,6600.65787264699,-0.0173917714381957
3316,143038.348862389,205022.348030588,17328.5031070223,-0.046977569283763
3317,160694.909620411,220209.956834308,-15515.6664547196,0.0422507690813498
3318,158500.498190841,215648.834000447,-8760.13219128799,0.0244827942513661
3319,151483.63756294,208282.902761689,5622.65967537096,-0.0139449770541424
3320,148348.134458406,212592.414712114,4448.65082947939,-0.0132775128302537
3321,174305.979683338,218451.319681704,-27368.0993650421,0.0781551851016292
3322,157464.588356952,214966.511758927,-7041.90011587855,0.0199627799153636
3323,152518.925432066,215551.7630535,-2681.48848556663,0.00649033039097309
3324,142161.770172785,206551.208806368,16676.221020847,-0.0461837135627543
3325,159657.67287744,223375.912649423,-17644.3855268633,0.046038769782905
3326,152601.271447432,219476.860803802,-6688.93225123401,0.0156603613744412
3327,149327.892481238,205773.496356418,10287.8111623441,-0.0263220996172141
3328,144515.005672367,207616.301596982,13257.8927306502,-0.0361802415913849
3329,152617.221202504,209812.626742172,2959.35205532453,-0.00722227087188277
3330,164705.495990874,214699.996849479,-14016.2928403534,0.0408741901285225
3331,163576.960648007,219283.020236946,-17470.7808849528,0.0484528328121252
3332,162906.326969169,216469.505438439,-13986.6324076082,0.0410513314782858
3333,160310.702903882,220655.406061493,-15576.9089653754,0.0425440243091521
3334,156635.07277775,213236.396575323,-4482.26935307315,0.0131898564591555
3335,147135.281328895,202229.473504014,16024.4451670906,-0.042397015775069
3336,140589.13146593,210545.408583584,14254.6599504863,-0.0420765513472236
3337,149429.28239685,207142.673219149,8817.24438400153,-0.023508989654604
3338,164658.754349031,223653.972550272,-22923.526899303,0.0625804930358099
3339,167048.112649077,221744.5210641,-23403.4337131773,0.0646251905189712
3340,157624.746943983,213544.414958523,-5779.96190250554,0.0172931207740139
3341,167289.637650972,217985.103440813,-19885.5410917844,0.0567914603941047
3342,165102.882406791,215606.926838905,-15320.609245696,0.0447205545269879
3343,154729.938517129,214427.90930729,-3768.64782441844,0.00994933137174538
3344,146029.380242152,208449.261733126,10910.5580247221,-0.0297087811768726
3345,149862.751936636,207236.511198691,8289.93686467333,-0.0218729714042806
3346,142809.468411443,207557.646194794,15022.0853937627,-0.0423440117292642
3347,151524.653555337,223273.715700114,-9409.16925545171,0.0222956838197577
3348,140473.318589407,201863.818856767,23052.0625538256,-0.0629986497641104
3349,165016.974947517,226015.057358297,-25642.8323058131,0.0682082937170212
3350,137725.842631581,208738.955209429,18924.40215899,-0.0543286677523165
3351,159898.118458231,212639.511625821,-7148.43008405209,0.0220547847806655
3352,158188.275749423,220842.07757312,-13641.1533225429,0.0355485790857882
3353,159916.27369685,215367.35442894,-9894.42812578991,0.0285424005612993
3354,158889.21252037,209976.538434194,-3476.55095456319,0.0116096510903618
3355,150631.940992934,223903.797011252,-9146.53800418618,0.0203863540929333
3356,148441.347257394,207518.757657208,9429.09508539818,-0.0247752760446454
3357,142718.039774501,201120.509615232,21550.6506102668,-0.0581091318892035
3358,154214.178656976,212931.583546592,-1756.56220356835,0.00533243480359868
3359,151928.294680718,206125.870908664,7335.0344106179,-0.0185630944755638
3360,155271.668917396,213201.760829655,-3084.2297470512,0.00915863508035247
3361,150350.104986676,208766.410969343,6272.6840439809,-0.0171609479434998
3362,143115.803048329,203728.266618935,18545.1303327357,-0.0509696016363803
3363,133978.187124119,199421.042646474,31989.9702294076,-0.0883551022211112
3364,152786.103664645,209282.776313951,3320.32002140424,-0.00812175497125647
3365,166058.19495272,219365.914917901,-20034.9098706206,0.0564544918213467
3366,166830.218124853,220844.540785242,-22285.5589100946,0.0626141729917187
3367,150919.024178577,205106.807900147,9363.36792127549,-0.0235696705468632
3368,144274.881713045,210835.033379789,10279.2849071656,-0.0300996780626167
3369,158771.283688762,216823.733580387,-10205.8172691491,0.0283163290242684
3370,152785.092740621,210452.344465543,2151.76279383647,-0.0052896652054761
3371,162984.055043116,210922.369246516,-8517.22428963211,0.0264273401953685
3372,149660.871567921,209536.355240219,6191.97319186019,-0.0163264277064508
3373,157314.173442913,218261.645983839,-10186.6194267521,0.0277611079791962
3374,140681.989573257,204678.690386209,20028.5200405343,-0.0555676784019567
3375,155696.141509273,215025.060971645,-5332.00248091825,0.015171128487638
3376,140436.016356172,201437.527845032,23515.6557987956,-0.0641044966727713
3377,148103.69593171,210436.460123224,6849.04394506611,-0.0194530634895363
3378,144212.413233067,214590.617350937,6586.16941599658,-0.0210199866720901
3379,157717.044520346,219655.840714719,-11983.6852350652,0.0318952145972554
3380,166651.285430427,220094.088905221,-21356.1743356477,0.0594188910612633
3381,152369.521759271,212729.106096783,290.572143946134,-0.000962814770381011
3382,144473.45059717,207348.812038202,13566.9373646288,-0.0375812210901945
3383,157714.566868671,208684.813461701,-1010.18033037166,0.005639471512047
3384,152592.691951957,212658.221258582,138.286789460864,3.26426848607714e-05
3385,154246.815106644,212058.8528421,-916.467948743317,0.00292841108791006
3386,148390.843922947,215013.053357046,1985.30272000731,-0.00722489082114256
3387,160798.553342324,215063.496264756,-10472.8496070796,0.029811297826708
3388,148895.580331831,209831.987580955,6661.63208721421,-0.0185327783437062
3389,158051.682073581,212828.498432191,-5490.98050577188,0.0165647345336499
3390,157123.938494477,217955.073704649,-9689.81219912652,0.025736508353212
3391,152085.154059104,216767.650503964,-3463.60456306848,0.00757216038430531
3392,158200.539105913,210072.80758132,-2884.14668723341,0.0105059210759775
3393,152620.619688542,210875.645687075,1892.93462438264,-0.00572115536533089
3394,140451.530141115,212232.489263853,12705.1805950318,-0.0384698301022163
3395,156021.257858455,210249.620492794,-881.678351249837,0.00460066320050122
3396,158224.85129467,222898.64394606,-15734.2952407305,0.0410387364664134
3397,163472.19317667,219347.882187457,-17430.8753641272,0.0491544013893756
3398,150144.578874139,206751.20165462,8493.41947124008,-0.0224237553172277
3399,147548.953105975,216611.094309105,1229.15258492046,-0.00662190501935072
3400,171606.161559156,221427.345033316,-27644.3065924723,0.0778355689414074
3401,141570.854235837,198757.332375887,25061.0133882753,-0.067215472919605
3402,157924.904146506,211419.357416946,-3955.06156345218,0.0124080873158728
3403,156435.54065082,210835.78045752,-1882.12110833998,0.00669985826904724
3404,148465.476386588,207533.854779744,9389.86883366836,-0.0252019358597356
3405,141955.769288189,214638.172316496,8795.25839531567,-0.0275278003610829
3406,143323.000781703,210037.07303032,12029.126187977,-0.0351589970659024
3407,152666.786257127,222752.699449607,-10030.2857067338,0.0244061670894723
3408,142208.141692397,204209.675323174,18971.382984429,-0.0512972279698609
3409,141656.520662717,208717.989057093,15014.6902801901,-0.0428295615712795
3410,162042.474851588,216378.89205602,-13032.1669076086,0.0369816861593065
3411,141450.363065453,200785.185324077,23153.6516104694,-0.0627981235908026
3412,149539.076325354,208373.458832631,7476.66484201496,-0.0200803993619084
3413,145866.34552318,208925.409230575,10597.4452462452,-0.0291497440760254
3414,144315.136308592,215086.639911787,5987.42377962061,-0.0202841887042358
3415,155316.983086223,213490.020277192,-3417.8033634157,0.0101126363981507
3416,159152.536421228,212618.714194022,-6382.05061524978,0.0199947022230538
3417,162606.926652827,210292.453164441,-7510.1798172681,0.0240841709068573
3418,149442.718022709,209132.73348134,6813.74849595106,-0.0179475077146788
3419,164993.586627905,228944.426069002,-28548.8126969067,0.0754938912503979
3420,161209.678774169,216681.174011535,-12501.6527857034,0.0351429274518234
3421,137109.937827646,203140.741817579,25138.5203547754,-0.0702501795093185
3422,160517.575502133,210538.372247608,-5666.74774974067,0.0178071310789051
3423,130113.647073737,202689.855313043,32585.6976132199,-0.0923726228693046
3424,152476.089172468,222507.904107085,-9594.79327955231,0.0226217859533647
3425,168370.844932587,219845.336202976,-22826.9811355631,0.06393745066207
3426,195984.037956678,241308.577392946,-71903.4153496244,0.199819189247438
3427,168306.935134321,216489.19407829,-19406.9292126116,0.0562348936149543
3428,148518.492453567,207501.600169235,9369.10737719847,-0.0259902799816859
3429,153416.2388324,214639.280036247,-2666.31886864646,0.00631043534801492
3430,139595.394930491,207390.700238985,18403.1048305241,-0.0529910028029273
3431,149062.854593143,208171.507180069,8154.83822678839,-0.021546246664649
3432,167810.560719826,220074.637864018,-22495.9985838435,0.0635592232290989
3433,147343.713571874,204837.331778799,13208.1546493273,-0.0346727061283458
3434,158803.889169589,213701.130292596,-7115.81946218497,0.0213563568728168
3435,150317.946723774,204751.70599346,10319.5472827657,-0.0267002995716359
3436,153106.547530124,211178.489717668,1104.16275220853,-0.00198786079173094
3437,171126.205389567,217200.358266603,-22937.3636561705,0.0664873878061101
3438,142437.303275663,207046.400707245,15905.4960170925,-0.0445247390543208
3439,136522.027064391,205743.314326748,23123.8586088612,-0.0655741436968221
3440,165475.673123883,215150.707707318,-15237.1808312011,0.0446973676672422
3441,156364.546275176,210789.749171867,-1765.09544704284,0.00636937331486805
3442,154678.39362106,211697.313767672,-986.507388731174,0.00350823509211177
3443,151040.046241903,212191.987876162,2157.16588193504,-0.00603041257382057
3444,143438.986428501,210998.690950124,10951.5226213749,-0.0320543042816586
3445,156587.986433071,212445.906911544,-3644.69334461557,0.0117891855380884
3446,162666.326913398,224089.439093998,-21366.5660073963,0.0568533812014072
3447,149631.461872767,208826.320778253,6931.41734897991,-0.0184975685596174
3448,140068.066731611,203178.859191085,22142.2740773041,-0.060980736195429
3449,144508.793090566,204612.108126873,16268.2987825613,-0.0443270735656813
3450,157506.826616396,215008.874209183,-7126.5008255791,0.0202698161601022
3451,144466.022353196,203820.509775293,17102.6678715106,-0.0464878518531601
3452,154350.797233278,216961.52633576,-5923.12356903794,0.015280276069115
3453,137614.703921104,206540.682720211,21233.8133586848,-0.0605078656245611
3454,157680.913363605,218122.678192023,-10414.3915556281,0.0286064280200489
3455,157096.012953683,211638.725334193,-3345.53828787623,0.0105127602403912
3456,156035.279843743,218922.088285981,-9568.16812972416,0.0252084217908417
3457,155743.635012175,218690.477899789,-9044.91291196371,0.0235722035384025
3458,165733.34851364,219781.118259227,-20125.2667728671,0.0558972127330828
3459,144405.931210591,206161.036982471,14822.2318069377,-0.0405768659649345
3460,165507.254092936,230482.830843169,-30600.8849361041,0.0812577360246981
3461,155695.028074584,218802.195386279,-9108.02346086263,0.0236903515980198
3462,148250.669430711,206606.098687486,10532.4318818031,-0.0282486190873863
3463,144580.626366577,207505.582776097,13302.9908573256,-0.0373713163052291
3464,144939.65743523,211678.196430469,8771.3461343004,-0.025472141496908
3465,128467.883417372,195581.204705641,41340.1118769872,-0.113919603569531
3466,149041.612813067,211775.732319512,4571.85486742109,-0.013315313328805
3467,178721.156244868,227463.645508188,-40795.6017530555,0.113501196035638
3468,164056.994545039,217658.802939937,-16326.5974849758,0.0459849013554183
3469,133375.872165663,208564.340715079,23448.9871192583,-0.0683311956038074
3470,167817.133075938,219642.383839297,-22070.3169152348,0.0630498913594898
3471,138298.350171346,201654.125993415,25436.7238352387,-0.0697637797101335
3472,179283.414116088,232920.82485878,-46815.0389748675,0.128371773571186
3473,170482.51573531,219824.396368215,-24917.7121035245,0.0703214319818435
3474,165705.680428167,219033.633045775,-19350.1134739419,0.054444041572565
3475,154257.70539375,216914.636647385,-5783.14204113482,0.014764131243262
3476,157701.46895706,210376.307096129,-2688.57605318836,0.00985013668710073
3477,163553.149375927,215980.379133897,-14144.328509824,0.0402067539801145
3478,152993.421695724,212061.715533782,334.062770494318,-0.000400211975063098
3479,151534.47423923,208559.741664351,5294.98409641901,-0.0131642397947526
3480,154718.862892476,211783.256187669,-1112.91908014449,0.00413799661482909
3481,150841.059294812,209763.637199234,4784.50350595469,-0.0124627264208898
3482,149521.364836532,213323.656279826,2544.17888364132,-0.00814796139579762
3483,151062.030790642,211616.198433383,2710.97077597497,-0.00746946538975163
3484,141723.208987589,204483.39981692,19182.5911954907,-0.0530786638245698
3485,149410.800417411,207333.334755069,8645.06482752011,-0.022729115050015
3486,147208.857038029,211431.930897794,6748.41206417704,-0.0189263302770753
3487,135281.855032164,205817.054690851,24290.2902769851,-0.0691715293874772
3488,149934.926120525,215304.332111186,149.941768289136,-0.00244028355445943
3489,158314.988576636,216367.145186136,-9292.93376277218,0.0248650326738337
3490,149698.161434153,208230.210985524,7460.82758032338,-0.0193824402047005
3491,153190.537862385,217198.862044514,-5000.1999068986,0.0131406197854816
3492,133563.41449146,208223.798932469,23601.9865760709,-0.0678715929371223
3493,149284.205090953,212883.076657848,3221.91825119889,-0.00958523378735858
3494,150850.234528824,209098.029264338,5440.93620683736,-0.0141516953761362
3495,157148.637023079,210958.053662237,-2717.49068531609,0.00895889039160487
3496,150546.927495259,220032.921538863,-5190.64903412148,0.0106880414009212
3497,136114.254406332,205727.065967127,23547.8796265407,-0.0668421440026472
3498,147825.059786044,207912.522060854,9651.61815310147,-0.0260735740531025
3499,157687.610531658,213611.486283012,-5909.89681467024,0.0167236688638003
3500,156694.904050364,217878.368905155,-9184.07295551914,0.0250848187467141
3501,146426.692162577,212904.520566311,6057.98727111216,-0.0184797312167885
3502,141805.645833372,203373.040513094,20210.5136535336,-0.0560952790697743
3503,157742.34933233,211231.182184393,-3584.33151672251,0.0112889305547488
3504,152869.706500245,209378.965138053,3140.5283617028,-0.00798060764558815
3505,145254.360179478,206794.657459871,13340.1823606514,-0.0368559269570653
3506,162005.707385316,210782.813096626,-7399.32048194151,0.0236747409449699
3507,148414.768730957,208303.14966392,8671.28160512325,-0.0231948519425268
3508,146699.416627895,211994.643455718,6695.13991638727,-0.0202323032672383
3509,166979.63095706,223661.673945506,-25252.1049025654,0.069109792882636
3510,137554.722435593,201502.848073873,26331.6294905341,-0.0721884065159909
3511,145327.074043337,207378.330361451,12683.7955952121,-0.034879094946654
3512,154346.027306709,214877.094792659,-3833.92209936801,0.0111811462527108
3513,161255.15877385,211529.447080346,-7395.4058541953,0.022451108480301
3514,155824.196992784,213903.011954812,-4338.00894759578,0.0121602461495415
3515,164983.264904625,217842.868645355,-17436.9335499799,0.0496316325816786
3516,157716.574170604,212370.332369721,-4697.70654032467,0.0141117593139148
3517,173915.323569217,228748.174038722,-37274.2976079389,0.103102609351627
3518,155412.933596613,210483.925704403,-507.659301016654,0.00335197761959495
3519,139265.070017467,200158.403978111,25965.7260044225,-0.0704621676030774
3520,159493.595800538,217069.254154598,-11173.6499551363,0.031908147602925
3521,155780.499856062,208006.842881943,1601.85726199561,-0.00270155680335201
3522,143924.269285016,203624.229442812,17840.7012721722,-0.048154263292918
3523,161499.432952003,213948.69216524,-10058.9251172433,0.0292385271060601
3524,161019.006193984,215580.498686505,-11210.3048804894,0.0323100296240259
3525,185599.214933308,232762.540808133,-52972.5557414411,0.14799242024787
3526,149370.130281426,207998.208285154,8020.86143341946,-0.0213375059676873
3527,147019.073338158,208941.005501529,9429.12116031308,-0.0257769087307996
3528,152509.310186089,210824.489957051,2055.39985686069,-0.00454532047853411
3529,161708.260329028,218323.649249519,-14642.7095785466,0.0402190302524962
3530,144468.850915353,205293.741550991,15626.6075336559,-0.0427999225439169
3531,138062.344432773,203334.112319993,23992.7432472338,-0.0663714718457605
3532,149377.611957376,209266.291210317,6745.29683230637,-0.0174500013342789
3533,143752.928895706,204630.522663154,17005.74844114,-0.0456702268785785
3534,148771.212482145,207978.731368395,8639.25614946056,-0.0233207657029792
3535,159219.907666576,215899.923111245,-9730.63077782019,0.0273559977723943
3536,152551.558058783,212753.934878426,83.7070627917419,-0.000435889001453844
3537,163164.270309987,213646.477698867,-11421.5480088535,0.0329688998100149
3538,141315.427725938,218142.446353721,5931.32592034072,-0.0219014522988963
3539,144206.351129514,207941.325876506,13241.5229939797,-0.0375241518659447
3540,160943.367483942,217758.483204427,-13312.6506883694,0.0370969347756306
3541,148917.251398423,209593.363605317,6878.58499626035,-0.0183554795621483
3542,162255.419310178,219899.938720544,-16766.1580307225,0.046469821036074
3543,140614.280773679,208892.986487046,15881.9327392746,-0.0451343406713858
3544,150847.632689295,206607.435235366,7934.13207533874,-0.0207299712201493
3545,159740.019568048,211469.121448803,-5819.94101685117,0.0181499687404085
3546,159562.483280684,213558.989879139,-7732.27315982297,0.0229912751403385
3547,143795.877207413,205046.559214999,16546.7635775882,-0.0453284750764121
3548,144064.160733462,211782.248845353,9542.79042118485,-0.0282140321217791
3549,155606.608716472,226641.874215036,-16859.2829315083,0.0416363147768246
3550,156378.242923825,209315.506848136,-304.549771960475,0.00301012900102075
3551,157785.11102763,212163.370332418,-4559.28136004822,0.0144849122585283
3552,146737.509157858,217671.04413863,980.646703511884,-0.00607940717876788
3553,142442.095780861,213988.966860366,8958.13735877321,-0.0278646546856196
3554,140869.352750157,204261.722902124,20258.1243477193,-0.0559267852653504
3555,172074.524911398,214678.134925263,-21363.4598366613,0.0629454189705199
3556,168882.50537711,218725.688481352,-22218.9938584613,0.0633284759282461
3557,143627.58720732,203699.205421737,18062.4073709425,-0.0490225173447097
3558,154697.972994197,215375.342753242,-4684.1157474388,0.0127872166607674
3559,154078.88318981,209211.281023567,2099.03578662331,-0.00416591856634599
3560,144067.883678296,202803.590357415,18517.7259642892,-0.0500457627895309
3561,152410.877078308,210909.945509864,2068.37741182733,-0.00459062560258848
3562,159329.277889646,216002.145072256,-9942.2229619011,0.0275985503860601
3563,161303.167095077,214032.647414119,-9946.61450919637,0.0285789526811437
3564,146718.550607675,204289.044565693,14381.6048266315,-0.0381045346746848
3565,160755.015607606,212226.914032395,-7592.7296400012,0.0229858118246708
3566,147830.088072097,208729.433818212,8829.67810969119,-0.0243092409724395
3567,163599.201399479,216964.125861401,-15174.1272608803,0.0428811376341329
3568,146971.649426089,209235.539836944,9182.01073696668,-0.0263790264855973
3569,173622.190359351,220944.546405386,-29177.5367647375,0.0827732437388938
3570,150160.75860815,212056.657689967,3171.78370188217,-0.00932584581112552
3571,181311.008412901,226426.042682218,-42347.8510951191,0.119308406026691
3572,176612.639581414,215651.053200484,-26874.4927818981,0.0787566176466818
3573,173283.486181719,220661.959929046,-28556.2461107647,0.0811908480065834
3574,165880.35652767,224541.430333734,-25032.5868614047,0.0684333136496729
3575,143378.735563352,219271.309929921,2739.15450672613,-0.0120925570317316
3576,160927.925898482,214460.769959011,-9999.49585749285,0.0292451701021794
3577,152343.315217904,210795.102673315,2250.78210878168,-0.00559679195121533
3578,136914.749531622,200145.911667386,28328.5388009914,-0.0775995043721809
3579,168038.96550645,224080.954691515,-26730.7201979649,0.0732352465871588
3580,163909.603681264,218805.436056447,-17325.8397377112,0.0485516960830395
3581,140816.578521213,203372.718224775,21199.9032540114,-0.0580330148340727
3582,151303.581790298,207405.691240597,6679.92696910485,-0.0170352715856992
3583,159571.141434381,212503.261379238,-6685.20281361853,0.0204115448830611
3584,131912.077273528,199971.51978217,33505.6029443018,-0.0935293151047147
3585,154885.689349529,207906.985716524,2596.52493394731,-0.00513336250771323
3586,153057.022342979,215189.849515645,-2857.67185862368,0.00612415462602396
3587,171260.686818357,222760.248650828,-28631.7354691851,0.079628342883176
3588,152819.779765487,213864.187031671,-1294.76679715799,0.00343964130519446
3589,141852.637300437,204334.597599046,19201.9651005168,-0.0526390359482904
3590,154969.894159748,212129.015108438,-1709.70926818642,0.006022127786414
3591,141933.813543718,204624.179024175,18831.2074321067,-0.0513449228350716
3592,161499.36882654,215759.295283896,-11869.4641104356,0.0336641820763262
3593,142911.064265083,205884.523895923,16593.6118389941,-0.0460977754927798
3594,157097.873058443,215695.616667661,-7404.28972610366,0.0205020928201965
3595,150939.250584263,207647.983906339,6801.96550939832,-0.0177652415490007
3596,154621.648573017,218853.098277279,-8085.54685029597,0.0205145459145329
3597,158559.434412216,219357.536949312,-12527.7713615278,0.0341707891969207
3598,138971.482814994,207241.871834697,19175.8453503091,-0.055088433559199
3599,159879.865475954,215033.697442773,-9524.36291872687,0.0268038274557606
3600,163086.229511402,214139.156282434,-11836.1857938364,0.0342833310842904
3601,145255.810738934,207616.518850306,12516.8704107602,-0.0349239787519606
3602,158767.928798091,210531.008215865,-3909.73701395589,0.0135570658414619
3603,160514.338045177,215736.522270521,-10861.6603156981,0.0307056294802114
3604,135850.242939167,206809.711467618,22729.2455932152,-0.0648963965762825
3605,162756.948489223,221127.676759305,-18495.4252485287,0.0502047775079299
3606,146197.693687401,204248.537106222,14942.9692063769,-0.0399633172231457
3607,143523.822746869,204709.833726929,17155.5435262024,-0.047538568924365
3608,143814.011745214,203053.996860074,18521.1913947127,-0.0504981470835425
3609,154604.80469591,215437.051244353,-4652.65594026371,0.0128563156748173
3610,153090.25583741,211264.35182743,1034.5923351596,-0.0023525453255325
3611,146790.344331032,213313.974389101,5284.88127986708,-0.0159934380542743
3612,148331.424404849,209503.374993222,7554.40060192993,-0.0206036474312465
3613,146723.80386322,202277.072208118,16388.3239286619,-0.0428273403910749
3614,143444.952264486,210099.815055306,11844.4326802077,-0.034424488144721
3615,168299.224493035,220413.370900596,-23323.3953936309,0.0660744397109234
3616,165434.980045325,218478.163626449,-18523.9436717735,0.0528123749457443
3617,152849.013643988,213772.171780822,-1231.9854248105,0.00330582038350933
3618,150807.048856825,209622.214547777,4959.93659539748,-0.0130531503224047
3619,158463.725840503,212695.763381141,-5770.28922164469,0.0174418181585724
3620,152931.083222293,212970.188750347,-512.071972640522,0.00190918122426787
3621,139555.842830764,217623.901585467,8209.45558376925,-0.0282758125388174
3622,143715.589393268,204721.267491315,16952.3431154171,-0.0465235633904864
3623,154710.17897877,211316.190033414,-637.169012184022,0.00346155377605795
3624,149276.588823499,206844.977619557,9267.63355694368,-0.0240261773719254
3625,150185.531982117,213686.279143363,1517.38887451927,-0.00503602717554133
3626,158852.917332048,216461.60612944,-9925.32346148748,0.0271130279823316
3627,142356.798047612,206259.201591359,16773.2003610292,-0.0466064360185222
3628,145000.360149484,212490.197235009,7898.64261550753,-0.0231998473624511
3629,146241.630937738,219407.969103894,-260.400041631598,-0.00336213498426891
3630,163216.352765767,213391.469298741,-11218.6220645074,0.0334577054832629
3631,158745.830335178,214559.410960953,-7916.04129613028,0.0228896958686826
3632,140482.742769668,209828.312201529,15078.1450288034,-0.0441383663164963
3633,164720.786922351,219964.226874968,-19295.8137973194,0.0541994888207342
3634,142032.9026466,198488.372313577,24867.9250398222,-0.066955996358784
3635,158788.945272216,219261.218674887,-12660.9639471037,0.0349813372493331
3636,162436.060341568,213198.738351415,-10245.5986929837,0.0308495939734992
3637,161439.548330055,223865.793534399,-19916.1418644543,0.0537357899082342
3638,159729.514872719,230091.782899257,-24432.0977719769,0.0626165988885546
3639,158422.886522539,213635.266903529,-6668.95342606754,0.0197685340201349
3640,158001.56022257,219122.959728318,-11735.3199508882,0.031096056207834
3641,144876.134760233,212254.707337272,8258.35790249502,-0.0256642442855403
3642,166129.057250578,220933.410894635,-21673.2681452126,0.0607438259645707
3643,152808.075116865,216127.769652399,-3546.64476926386,0.00762259258076047
3644,164762.527768862,218732.059142475,-18105.3869113378,0.051472549690096
3645,153238.479436553,213183.102795715,-1032.38223226764,0.00306282374072866
3646,148666.742427195,214502.345606487,2220.11196631892,-0.00811620433528215
3647,156076.243203847,215550.708629772,-6237.75183361914,0.0180505223905851
3648,144854.246193285,205775.342474629,14759.6113320858,-0.0397339089195281
3649,148653.21977365,206972.546280812,9763.43394553725,-0.0257476665866974
3650,163152.237039275,214708.212762625,-12471.2498019006,0.0368873933933353
3651,150578.916320704,208369.202370002,6441.0813092938,-0.0169989681766023
3652,151533.389013242,209914.578974967,3941.23201179114,-0.00976886817662845
3653,137847.038507622,201274.472296619,26267.6891957595,-0.0725483591232017
3654,144741.834714639,202246.199917028,18401.1653683334,-0.0495142980205038
3655,147209.325836648,202713.630184682,15466.2439786697,-0.0408002807926128
3656,161204.254025338,213925.785629579,-9740.83965491637,0.0288327815885021
3657,146950.653555077,211585.405692643,6853.14075227984,-0.019819042430549
3658,146237.729174745,206191.730005135,12959.74082012,-0.034721973091498
3659,154331.28600553,213323.18716344,-2265.27316896961,0.00666572440514821
3660,160458.835661041,216763.566869041,-11833.2025300818,0.0328218761886112
3661,143696.228376859,211126.934365078,10566.0372580633,-0.0303748968147308
3662,160092.252224176,218065.556164305,-12768.6083884809,0.0353837043380032
3663,157343.282657126,218272.003156668,-10226.0858137941,0.0277974056144284
3664,153723.794814842,213006.661193178,-1341.25600802043,0.00418909105986954
3665,149061.411725286,210026.764181371,6301.02409334265,-0.0171796062960687
3666,142473.505988358,212748.60154996,10167.0924616824,-0.0303522750735613
3667,147354.566500491,211156.527043544,6878.10645596497,-0.0197111605822989
3668,160595.222991439,221214.654671385,-16420.6776628241,0.0448202855277707
3669,145824.116134655,212134.23972299,7430.8441423552,-0.0218125953927208
3670,135120.394998322,206869.050275099,23399.7547265791,-0.0670751457288409
3671,157694.830169554,217135.352319678,-9440.98248923128,0.0255546361728529
3672,150926.77926828,212264.557315886,2197.86341583467,-0.00624839600560247
3673,147809.840945663,204388.359897728,13190.9991566088,-0.0345967185316675
3674,171958.630242235,228841.512187906,-35410.9424301406,0.0972849589769371
3675,163495.700487414,214017.966927351,-12124.4674147651,0.0356245789602302
3676,156318.402548535,215049.017442084,-5978.21999061928,0.0169844213820551
3677,158036.06279342,213029.28829643,-5676.15108985006,0.0166924228456318
3678,146708.720852919,208029.847378054,10650.6317690267,-0.0290510494628485
3679,145603.909504114,203208.754460838,16576.5360350482,-0.0445771211143273
3680,161061.626354881,216031.484767096,-11703.9111219769,0.0336584547270173
3681,147746.11617113,207833.266979539,9809.81684933131,-0.0269102685182584
3682,153802.702036192,212448.153613002,-861.655649194203,0.00273078050610632
3683,155875.190540123,213466.839861274,-3952.8304013962,0.0112871852869044
3684,158456.854081068,211351.602986687,-4419.25706775562,0.0144290076592945
3685,167903.246175303,231661.814826993,-34175.8610022951,0.0907828855936038
3686,150871.895511653,209848.974359167,4668.33012917993,-0.0121536275161306
3687,162385.383589021,219667.860584838,-16664.044173859,0.0457518736536109
3688,140851.790978913,197959.096506532,26578.3125145555,-0.0713368929178583
3689,153848.216849903,213361.080506088,-1820.09735599038,0.00581773759852059
3690,149078.458185005,215042.699877135,1268.04193785909,-0.00569806581234805
3691,152761.990362849,210661.488894679,1965.72074247227,-0.0048120488335909
3692,155279.872068177,215589.456665665,-5480.12873384199,0.0147308493703556
3693,149298.336711463,211801.537774948,4289.32551358914,-0.0126716674412739
3694,142560.313707609,208017.614239935,14811.272052456,-0.0419300783987819
3695,160484.329882452,214744.670118805,-9839.80000125646,0.028700943279506
3696,135206.239135617,202600.014947671,27582.9459167114,-0.0776709487873493
3697,176980.202850926,219420.160390402,-31011.1632413282,0.0887067486331132
3698,161624.379225435,214088.948568017,-10324.1277934515,0.0295225748462242
3699,146837.775665192,208299.975234303,10251.449100505,-0.0276478215747499
3700,149612.144933921,208981.511360144,6795.54370593512,-0.0183431930907968
3701,148722.143485248,206865.356329286,9801.70018546627,-0.026932045811491
3702,148367.240664595,202351.939231593,14670.0201038117,-0.0382427836325892
3703,169998.424361301,216496.172063272,-21105.3964245732,0.0609081200960353
3704,152397.078426835,203030.071384542,9962.05018862331,-0.0243260800250058
3705,171998.637459577,217775.85262342,-24385.2900829973,0.0696328876266761
3706,148940.86871801,211231.551153161,5216.78012882866,-0.0143570788391291
3707,160339.908070209,212277.637589573,-7228.34565978183,0.021756544603924
3708,150611.873096666,209068.782149377,5708.54475395649,-0.0145358531871101
3709,157831.963434636,232546.035655752,-24988.7990903888,0.0628544435138798
3710,168715.709255294,218911.497491152,-22238.0067464467,0.0638550981341093
3711,163077.198589278,220105.730450801,-17793.7290400799,0.0488979160997962
3712,156445.380171673,210813.117051905,-1869.29722357745,0.00699100279656382
3713,148537.198016534,212284.992044396,4567.00993906969,-0.0134245819530307
3714,136000.532065915,195000.51901487,34388.1489192149,-0.0934772225018368
3715,148611.491039269,208636.47800134,8141.23095939081,-0.0225968595524956
3716,142830.044631377,198916.226799417,23642.9285692057,-0.0629983863884578
3717,163740.646561337,219740.928186478,-18092.3747478148,0.0499139012544007
3718,158339.34796664,213660.78744794,-6610.93541458045,0.0197789073631609
3719,149269.72499527,212731.353728419,3388.12127631163,-0.0102375468902853
3720,159685.290421802,216320.638488531,-10616.7289103328,0.029737876486961
3721,157876.712120012,214694.680295904,-7182.19241591659,0.0207272989565066
3722,159221.013097231,214096.092012234,-7927.90510946506,0.0232364750315066
3723,147208.278119766,203868.787259493,14312.1346207409,-0.0378919754841053
3724,162495.134176472,225797.218463763,-22903.1526402345,0.0607528766778932
3725,166934.303788042,218962.347504619,-20507.4512926615,0.0577205316571839
3726,137018.503435799,198175.682142534,30195.0144216673,-0.0820562969924526
3727,151314.139784181,209172.629829889,4902.43038593006,-0.0124478960702601
3728,157560.524038135,221007.718177371,-13179.0422155067,0.0340362926891753
3729,141874.328887776,204918.028572556,18596.8425396678,-0.0512058560037043
3730,133410.683069728,198253.851688402,33724.6652418701,-0.0926067839680672
3731,140986.825242848,216371.242683108,8031.13207404432,-0.0263504787064684
3732,138941.900894228,200734.348590364,25712.9505154079,-0.0707411517438617
3733,148723.356099141,206273.974208585,10391.8696922742,-0.0271836887846155
3734,164457.352490793,218592.701072089,-17660.8535628814,0.0493643984182412
3735,158087.325475001,215851.480880962,-8549.60635596322,0.0236791356978803
3736,140789.772484462,208781.344552808,15818.0829627297,-0.0448579172280893
3737,152732.529982964,206297.701085646,6358.9689313902,-0.0154233324740284
3738,154317.705810762,216650.207527314,-5578.71333807596,0.0144240238844007
3739,147865.132353245,214193.923198784,3330.1444479705,-0.0111556894485734
3740,154633.088756831,212256.84156576,-1500.73032259149,0.00515402847999016
3741,152346.368994861,222146.745368998,-9103.91436385881,0.0213035162618301
3742,164908.234961656,217833.501890304,-17352.5368519594,0.0496625166863313
3743,147581.321979113,204991.656160732,12816.2218601546,-0.0333861747162347
3744,155262.829918092,213124.282887787,-2997.91280587902,0.00879295429453359
3745,164846.370213113,215575.848969407,-15033.0191825196,0.043579838168336
3746,149666.428671061,211391.945974938,4330.8253540009,-0.0114122685670158
3747,155063.684737548,216537.026177539,-6211.51091508701,0.0162020143285737
3748,139959.75799939,206359.887258951,19069.5547416587,-0.0535769474393908
3749,155285.712850061,212063.239037512,-1959.75188757334,0.0062416614058716
3750,153926.333992803,214054.828188275,-2591.9621810781,0.00769219407126337
3751,160055.402748673,212662.53455574,-7328.73730441317,0.0223410457782219
3752,164062.10564626,220097.478828692,-18770.3844749518,0.0523041255144315
3753,141389.534823864,202106.724266511,21892.9409096252,-0.0593532300096686
3754,150779.169589464,211674.96125294,2935.0691575958,-0.0077341519002161
3755,148464.584007887,204571.173577392,12353.4424147203,-0.032693049318499
3756,148181.937840426,215622.886408144,1584.37575142953,-0.0062385762297159
3757,159477.239635146,210602.709051254,-4690.74868639949,0.0151710552172508
3758,156140.765783044,208723.630380608,524.803836348292,0.0013454129567846
3759,165859.266182421,216829.927038681,-17299.9932211023,0.049646508608736
3760,137041.084611838,204163.054431,24185.0609571619,-0.0683991140768741
3761,162541.126678476,225187.614788815,-22339.5414672904,0.0587014330610711
3762,148209.422920328,214663.158047786,2516.61903188628,-0.00878005022344636
3763,157675.61738436,217961.758048543,-10248.1754329027,0.0273548038963346
3764,170134.244225997,226558.616442258,-31303.660668255,0.0852973680602013
3765,142373.879233616,202891.300169236,20124.0205971486,-0.054818169377665
3766,153262.076994904,214946.072625425,-2818.94962032925,0.00808873817621915
3767,153381.884078456,210277.20874113,1730.1071804142,-0.003726806958405
3768,136493.508981136,208605.174726777,20290.5162920872,-0.0585439196232138
3769,132303.43851349,195963.783147924,37121.9783385866,-0.101531256916508
3770,155354.074030278,218890.296150691,-8855.17018096935,0.0232429870860711
3771,153238.967560453,218905.371924246,-6755.13948469894,0.0170753098783868
3772,159169.344048265,211749.659103564,-5529.80315182864,0.017660458292569
3773,158074.776444521,212224.474258857,-4910.0507033781,0.0146501396253536
3774,153272.718180463,208312.967158457,3803.51466107968,-0.00842665655544663
3775,163678.101940574,234722.512357036,-33011.4142976099,0.0857021111656018
3776,159947.042135246,217818.083595066,-12375.9257303117,0.0348196480527852
3777,156034.247601367,216210.365344961,-6855.41294632753,0.0190667709420759
3778,159435.425388083,218957.317262985,-13003.5426510674,0.0353399668439016
3779,157280.628969075,217583.976795643,-9475.40576471854,0.026401180485788
3780,144211.074207879,207209.207204893,13968.9185872281,-0.0386544817752056
3781,171733.046987456,223593.295935576,-29937.1429230315,0.0840817210763242
3782,164667.309759501,215562.057449674,-14840.167209175,0.0426228179474929
3783,147809.355941172,208259.992875271,9319.85118355742,-0.0249872282243798
3784,144939.244540901,205376.86968415,15073.0857749491,-0.0409400300586412
3785,137626.601196741,198396.559644117,29366.0391591416,-0.0790708648675126
3786,148088.186723919,215998.457591482,1302.55568459834,-0.00586928704798159
3787,160013.113630742,214431.954898445,-9055.86852918699,0.0254446136246398
3788,151152.892646524,207405.984445036,6830.32290844055,-0.0176038595573619
3789,167316.206176498,211222.381452202,-13149.3876286998,0.0399893509520952
3790,144558.285265044,204661.643646302,16169.2710886537,-0.0439415884047526
3791,181956.329239851,221874.659342416,-38441.7885822668,0.109212911635721
3792,156422.488246461,217086.762551255,-8120.05079771619,0.0216535394693932
3793,160221.198497592,218793.289235023,-13625.2877326158,0.0377126330051225
3794,172899.644954143,230696.146663393,-38206.5916175356,0.105296277793717
3795,148003.27315569,221326.190427539,-3940.26358322875,0.0062741157750844
3796,140339.30741419,202187.045639335,22862.846946475,-0.0626607851307965
3797,165234.247443446,216069.82777707,-15914.8752205159,0.0458870096062117
3798,140042.447538975,206816.838763977,18529.9136970486,-0.0518764496024412
3799,155790.142834982,215227.031982772,-5627.97481775365,0.0148353688605965
3800,163355.740875386,210596.863863279,-8563.40473866445,0.0267623055718833
3801,143752.20019338,202227.117486932,19409.8823196882,-0.052424981314441
3802,143554.363919733,204771.667014273,17063.1690659942,-0.0468810501242723
3803,161175.981177374,217313.902266184,-13100.683443558,0.0374641793504186
3804,158454.543863128,217490.096770556,-10555.4406336844,0.0291083084990355
3805,148486.899750251,208887.478000727,8014.82224902249,-0.0214515024578681
3806,144509.885259738,206364.234687962,14515.0800522993,-0.0394543786649842
3807,149744.895005581,205519.273744078,10125.0312503409,-0.0263332010639639
3808,158460.680105665,211479.290374268,-4550.77047993272,0.013888968720225
3809,164792.805104294,229456.473647153,-28860.0787514464,0.0763559909420327
3810,138573.9431901,200619.258549472,26195.9982604281,-0.0718101930800022
3811,171896.650666574,222217.61918151,-28725.0698480841,0.0810696214632129
3812,152724.653572699,210659.356080602,2005.19034669944,-0.0046460940343409
3813,173991.450125515,220957.137812166,-29559.3879376813,0.0840183148220875
3814,180120.935938365,236256.210986196,-50987.9469245605,0.138350039387045
3815,151451.93804104,214904.824501848,-967.562542887928,0.00129934326211863
3816,140392.053955063,208910.498514028,16086.6475309085,-0.0459243388929473
3817,149483.995572191,217195.566210274,-1290.36178246496,0.00178407520768525
3818,149023.780965892,206231.053632737,10134.3654013702,-0.0264218524123483
3819,158388.370071402,215352.076517486,-8351.24658888805,0.0234303100648862
3820,134975.939337196,205073.048896261,25340.2117665434,-0.0705529936936578
3821,148822.598124893,209024.737987845,7541.86388726236,-0.0203988466374218
3822,157225.072746027,218978.105081712,-10813.9778277385,0.0287077604782721
3823,136074.794363775,211479.175384269,17835.230251956,-0.0533589248178232
3824,141732.607738378,210129.392087534,13527.2001740884,-0.0390724849380703
3825,139434.089426932,200955.530712942,24999.5798601263,-0.0682198402524528
3826,154904.056724997,215424.552900247,-4939.4096252445,0.0136141089268498
3827,161357.762444989,218851.034295419,-14819.5967404078,0.0407672843962335
3828,144244.071971789,207719.521192751,13425.6068354598,-0.0377353502725317
3829,144976.414342611,210477.695723208,9935.08993418008,-0.0288825502256194
3830,158304.038570196,218334.375904773,-11249.2144749688,0.031676107195188
3831,142875.184619322,205241.07105078,17272.9443298986,-0.0475548601726962
3832,150885.591559835,210523.042298399,3980.56614176603,-0.0113632495361929
3833,175917.394283439,228852.420754422,-39380.6150378609,0.108672711912794
3834,147149.339805401,207287.436339671,10952.4238549274,-0.0293875096665829
3835,157215.620837376,213604.687206532,-5431.10804390762,0.0150201310580528
3836,146699.486087,208730.899765499,9958.81414750143,-0.0273157298663401
3837,150492.254715579,210808.596412159,4088.34887226211,-0.0108742893769641
3838,162728.920791387,212527.293270274,-9867.0140616612,0.0292542575671302
3839,161038.462315582,220334.621618962,-15983.8839345447,0.0435035856755085
3840,154583.135221673,223549.023335929,-12742.9585576017,0.0323604398939688
3841,154774.797579664,211872.17562141,-1257.77320107369,0.0043123072328066
3842,140932.781171727,210671.394407011,13785.0244212621,-0.039876980601132
3843,150866.050577469,205443.57025519,9079.57916734152,-0.0236465638564207
3844,139117.505914246,198632.586989031,27639.1070967225,-0.0749311684897969
3845,154667.638886932,213597.521083804,-2875.95997073583,0.00811911998646104
3846,148181.947360335,214292.794638876,2914.45800078887,-0.00961455843231023
3847,156868.79458486,209161.080399242,-640.674984102312,0.00395439624042077
3848,146115.877021259,215239.848514551,4033.47446419013,-0.0137254625334943
3849,152624.717365895,216410.123795545,-3645.64116143936,0.00988097661328484
3850,165218.923036091,220024.656331261,-19854.3793673515,0.0558769849786603
3851,155415.276271655,211941.535817916,-1967.61208957061,0.00631148513558974
3852,157829.398949585,212704.141138761,-5144.34008834598,0.0155431751741084
3853,149073.41764762,215945.35274354,370.429608840786,-0.00355953637997204
3854,161041.628520833,216829.747126782,-12482.1756476148,0.0352294332558867
3855,146783.165728777,207988.154883369,10617.8793878541,-0.0286495199254741
3856,157652.194876492,212254.918712098,-4517.91358858993,0.0140879058704573
3857,149252.778693486,213513.803540098,2622.61776641611,-0.00839233009388398
3858,159755.819074995,217225.712013775,-11592.3310887698,0.03284445340581
3859,167940.292980363,227993.524625895,-30544.6176062578,0.0829776042766418
3860,158564.109020038,213346.292939839,-6521.20195987669,0.0191592155501567
3861,169468.494131877,218934.359727181,-23013.6538590574,0.0648424958768896
3862,149408.58280426,210439.791299079,5540.8258966619,-0.0152212262717148
3863,148369.198072991,204233.361894354,12786.6400326548,-0.0327701957697478
3864,149143.947746201,207654.424754429,8590.82749937085,-0.0228534347699159
3865,154974.980574289,210906.781381211,-492.561955499637,0.00219994556507381
3866,150692.980694104,216662.188635274,-1965.96932937793,0.0037514529432935
3867,141883.734932725,206266.391345265,17239.0737220101,-0.0483140351961901
3868,147431.409682995,205296.044392471,12661.7459245337,-0.0336435430723769
3869,157272.658793342,213383.167277598,-5266.62607094087,0.015818541424431
3870,150536.966085469,209223.092677701,5629.14123682916,-0.0147097178002712
3871,139016.491905865,199560.21853869,26812.4895554454,-0.0729043472407753
3872,153855.708542981,215812.20638265,-4278.71492563136,0.0109855085657058
3873,153809.400332761,220504.375226649,-8924.5755594105,0.0224000762521042
3874,132803.323649316,198668.03023232,33917.8461183636,-0.0938815990808901
3875,156423.808928192,207376.99568161,1588.39539019787,-0.00176407888064077
3876,146075.440420481,206537.787043221,12775.9725362979,-0.0346310233310574
3877,159066.239140555,210976.732192439,-4653.77133299416,0.0152095946906082
3878,153494.979140303,213438.530993374,-1544.3101336761,0.00369821228771544
3879,157505.009646238,217834.847541605,-9950.65718784335,0.0269016865713315
3880,153652.830838897,210560.790767027,1175.57839407661,-0.00185906072597933
3881,158056.233942206,214192.012635875,-6859.04657808191,0.0196358073060686
3882,160176.246371927,215406.083079127,-10193.1294510536,0.0289743494633603
3883,143219.717920125,203440.951117539,18728.5309623358,-0.0513386326085898
3884,160419.929512895,221031.900457462,-16062.6299703575,0.0432851671982166
3885,172341.529854085,221678.499736607,-28630.8295906925,0.0799472930805143
3886,148658.475876609,212452.885953265,4277.83817012591,-0.0129422717874094
3887,139341.156063077,209010.662035263,17037.3819016604,-0.04915653064774
3888,153068.882608385,210982.884033262,1337.43335835316,-0.00278556754433027
3889,148935.218889839,209693.974887083,6760.0062230776,-0.0188154288242724
3890,163574.163337256,218318.300922704,-16503.2642599596,0.0465648914720523
3891,137539.71483608,199706.159416133,28143.325747787,-0.0774208406331781
3892,156822.6884028,227946.114888859,-19379.6032916583,0.0488057046510848
3893,163119.630712116,229615.573825862,-27346.0045379786,0.0704892119934215
3894,163408.433834273,220761.052541047,-18780.2863753199,0.0515343218818085
3895,156228.592624463,210632.666209162,-1472.05883362528,0.00579199809895883
3896,149374.040084832,206282.202499443,9732.95741572411,-0.0258146020970665
3897,145174.702926866,210988.529185035,9225.9678880985,-0.0263497543575296
3898,147834.196296737,207467.332954134,10087.6707491288,-0.0266731920800302
3899,151187.367360451,210113.899452931,4087.93318661774,-0.0109313702991959
3900,146633.729325402,203908.179004715,14847.2916698839,-0.0398582564722172
3901,160994.027007097,210726.046878528,-6330.87388562522,0.0201062382932534
3902,163634.140454826,219113.057520898,-17357.9979757232,0.0489373241850805
3903,153056.659082199,221555.586292314,-9223.04537451296,0.0212900509097269
3904,148249.725549159,207178.125244983,9961.3492058579,-0.0265470026532949
3905,152153.455462626,208535.196740069,4700.54779730533,-0.0120840539023227
3906,151375.144146413,212346.554738791,1667.50111479528,-0.00544524420427513
3907,151764.690397824,213192.186678096,432.322924079548,-0.00135015320305482
3908,141487.635121704,206229.343020844,17672.2218574518,-0.0495008992863573
3909,156942.254991956,213506.630183518,-5059.68517547322,0.0149114534145851
3910,168569.363355434,224309.471787953,-27489.6351433871,0.0762767155525211
3911,158712.498118222,211416.457710836,-4739.75582905748,0.0139321556835728
3912,149365.288539326,212120.732580173,3903.17888050032,-0.0116591064879147
3913,167476.399468499,217175.392566406,-19262.5920349049,0.0548663309506057
3914,156583.833376216,225391.819827756,-16586.4532039714,0.0417821546375812
3915,156765.991284848,208069.754923015,553.453792136512,0.00112702669801151
3916,167004.949443181,222061.79812277,-23677.5475659506,0.0661899673006469
3917,147777.078002375,205590.451547372,12021.6704502527,-0.0316697461737801
3918,156382.947850629,216427.014978387,-7420.7628290159,0.0199155796741705
3919,154089.392710197,223045.728387016,-11745.9210972129,0.0296634916110336
3920,149032.7977277,218136.737722971,-1780.3354506715,0.00249893385630651
3921,164095.771361666,224794.684189077,-23501.2555507431,0.0643421251206364
3922,158358.895578004,209459.810086031,-2429.50566403451,0.00807297263060393
3923,155890.159061777,215869.067643917,-6370.02670569409,0.018124949698413
3924,154367.04292777,216133.141374734,-5110.98430250463,0.013585357475478
3925,151573.397963519,209761.609011121,4054.19302535948,-0.0109275716661576
3926,127494.230494499,202948.914017062,34946.0554884391,-0.0995508614149626
3927,140522.715669694,203116.059567197,21750.4247631083,-0.060425169051134
3928,144366.726460715,207553.438302275,13469.0352370101,-0.0375326614043309
3929,165607.550663366,219390.055291405,-19608.4059547714,0.0547377639570281
3930,157925.766010515,239755.070791387,-32291.636801902,0.0801708933958155
3931,173378.927196561,225785.493649119,-33775.2208456799,0.094539262336014
3932,156292.437472042,212880.862473792,-3784.09994583385,0.0116169074398925
3933,179813.273748912,220206.39339773,-34630.4671466415,0.099745716870917
3934,160663.099092039,222272.752101691,-17546.6511937296,0.0460231267279144
3935,142590.189162945,207207.509521837,15591.5013152178,-0.0419163488446483
3936,149438.897457432,207580.839931667,8369.46261090081,-0.0222861823996665
3937,164475.061633156,215818.860827471,-14904.7224606276,0.0437109175509078
3938,139633.072210949,199596.471574281,26159.6562147705,-0.0708586955907933
3939,149561.783959189,216357.355037995,-529.938997183985,0.000531504419834714
3940,151200.054641583,215381.767288482,-1192.62193006469,0.0020868981802375
3941,147716.142649658,207509.44677453,10163.6105758117,-0.0276588230069628
3942,165039.763690451,216977.869511236,-16628.4332016874,0.0474558126289467
3943,166778.869190326,222977.535469752,-24367.2046600776,0.0674620244539454
3944,151228.850525878,218302.672377028,-4142.32290290593,0.00865298863593188
3945,161545.888528415,222421.643504774,-18578.3320331881,0.050345423865485
3946,155968.67011721,214939.512579337,-5518.98269654647,0.0149561270509791
3947,163019.768630559,219040.226235076,-16670.7948656352,0.0461001120069504
3948,181908.243609773,226918.037937308,-43437.081547082,0.122392131628487
3949,164588.766935826,218053.74702011,-17253.3139559354,0.0492980880618066
3950,148952.117257251,209464.908636891,6972.17410585779,-0.0193583205562963
3951,143785.079566113,206826.407221316,14777.7132125714,-0.0407201417468348
3952,165296.233098424,218032.44313328,-17939.4762317041,0.0502138765393756
3953,160335.679367975,214920.0799039,-9866.55927187478,0.0283167338990376
3954,137983.177976269,198792.048321349,28613.9737023819,-0.0775153631073802
3955,147385.401022449,209621.030548851,8382.76842869999,-0.0229934162074943
3956,153635.550540064,223578.585566427,-11824.9361064908,0.0286938167787366
3957,163897.664535367,216038.442368699,-14546.9069040658,0.0419456813977174
3958,156244.166554859,216803.476292415,-7658.44284727407,0.0208925629528783
3959,145094.765303503,205898.1530703,14396.2816261974,-0.0394895286142885
3960,155781.221526129,213128.653137602,-3520.67466373066,0.0105197936299592
3961,145701.443237009,207652.455385183,12035.3013778084,-0.0331453147496673
3962,136212.533411527,212518.881785825,16657.7848026477,-0.0503821912977658
3963,154722.98875355,209578.422406881,1087.78883956926,-0.00103412075720637
3964,139970.529213165,212593.328138831,12825.3426480039,-0.0382716159825262
3965,139280.954864398,206923.033056637,19185.2120789654,-0.0546103594528544
3966,161863.195125317,218528.191755419,-15002.1868807362,0.0414852104957355
3967,139536.389429612,203027.199300177,22825.6112702115,-0.0631567103089395
3968,161279.583976171,214983.157554544,-10873.541530715,0.0307260470102665
3969,151921.481120796,210813.284589275,2654.43428992928,-0.00661184588894871
3970,147879.893946055,205884.831765074,11624.4742888708,-0.0306435419875657
3971,169641.37331107,215945.146413717,-20197.3197247873,0.0584497325525872
3972,143754.441120774,212726.620560444,8908.13831878168,-0.0268022956262298
3973,164092.143668723,219285.342217028,-17988.2858857507,0.0505260591576619
3974,143262.038688195,203966.393652198,18160.7676596079,-0.0496407705064086
3975,150088.305419746,207857.337573224,7443.55700702994,-0.0195011204503793
3976,156244.849183986,213023.929001098,-3879.57818508463,0.0116934348229535
3977,144156.945480845,212062.40529904,9169.84922011493,-0.0268109603269658
3978,135195.808825679,198372.163316665,31821.2278576557,-0.0873796598656165
3979,146505.102607001,212415.802738469,6468.29465453001,-0.019336068839773
3980,150789.159399109,209026.75296631,5573.28763458104,-0.0157559488297858
3981,144861.773534483,208914.43933918,11612.9871263367,-0.0324570450408146
3982,161963.270556136,215914.294652285,-12488.3652084212,0.0354214738659862
3983,150425.279160161,205958.088052958,9005.83278688119,-0.0235864333274289
3984,144981.75521343,201746.10945745,18661.3353291199,-0.0501505075518315
3985,146724.320173999,206356.529642002,12308.3501839988,-0.0329636271777907
3986,130881.224176476,205227.83550618,29280.1403173443,-0.0843055989805653
3987,159954.245929827,216094.357541639,-10659.4034714652,0.0304909729613154
3988,149676.020120647,204503.77415828,11209.4057210729,-0.0286393227313697
3989,153858.598682538,212710.697853109,-1180.0965356474,0.00407169650260405
3990,149523.507991967,208441.179828979,7424.51217905362,-0.0204955265364439
3991,150604.857658364,209594.368497683,5189.97384395305,-0.0134457015441997
3992,144416.381590204,208301.184683494,12671.6337263023,-0.0351078243064606
3993,133721.514760959,198575.385388947,33092.2998500931,-0.0918539697583273
3994,149347.387393901,211672.086395669,4369.72621042957,-0.012328427749144
3995,138697.655507625,204189.204618596,22502.339873779,-0.0622646391839162
3996,149365.335358242,212324.36979944,3699.49484231829,-0.0114138901511355
3997,158594.871728219,216633.516146343,-9839.18787456199,0.0275751254637775
3998,156768.685998598,214228.211417668,-5607.69741626602,0.0160006603483693
3999,166246.361866349,236731.721248486,-37588.8831148352,0.0978171519361687
4000,153414.227142131,221217.742174982,-9242.76931711327,0.0221865110000372
4001,173749.299430936,226151.1439511,-34511.2433820359,0.0955875588536215
4002,154091.279763823,213795.812952335,-2497.89271615812,0.00634584968425716
4003,146004.069305028,206416.205005733,12968.9256892395,-0.0347249147600959
4004,160228.821097832,223159.190855581,-17998.8119534121,0.047877757627254
4005,168963.969226193,213947.976970741,-17522.7461969344,0.0516145212445341
4006,155443.197478693,211602.970887403,-1656.96836609615,0.00503647020433999
4007,142297.619714383,207870.709771303,15220.8705143133,-0.0423903029253675
4008,148324.542675079,204953.938990687,12110.7183342344,-0.0322921290775806
4009,160177.8282184,225213.741905908,-20002.3701243085,0.0521388102961345
4010,147480.821673997,208552.531842974,9355.8464830296,-0.0260372625805849
4011,157283.232971336,218520.267204887,-10414.3001762226,0.0281016605258496
4012,157471.381458644,209884.525966918,-1966.70742556214,0.00810014088912962
4013,160265.163191833,217565.619514851,-12441.5827066844,0.034350036132248
4014,166528.95025976,218276.710297285,-19416.4605570458,0.0541065440881393
4015,145918.001853575,205540.192996414,13931.0051500112,-0.0376511882019357
4016,164756.30696467,216938.608379931,-16305.7153446013,0.0462928820192177
4017,139745.170122087,206464.249841913,19179.7800360001,-0.0538742879261072
4018,150234.733029517,214900.285753636,254.181216846511,-0.00187683392792195
4019,152783.201886308,221104.009006972,-8498.0108932798,0.0199947691318099
4020,151764.532550511,216010.607169312,-2385.93971982301,0.00491187221322074
4021,137525.035611315,203830.454257107,24033.7101315784,-0.0663581139062544
4022,154900.384452558,212991.613632633,-2502.79808519088,0.00755593221103798
4023,157586.731903601,220274.909004431,-12472.4409080316,0.0330871620291664
4024,172650.52504994,223938.00027749,-31199.3253274303,0.0872791605478142
4025,159596.045006065,214491.401847968,-8698.24685403297,0.0259692339723589
4026,146313.524363345,210730.415394048,8345.26024260698,-0.0234433271883438
4027,159759.742955842,212874.437089381,-7244.98004522314,0.0214586414695229
4028,156803.556311965,210607.482684215,-2021.8389961801,0.00715870098644213
4029,146402.259975043,205618.577188684,13368.3628362733,-0.0359835062463021
4030,145578.655673297,204944.93751953,14865.6068071726,-0.0400810404113707
4031,155395.299683052,210235.980586464,-242.080269515107,0.00254540205624839
4032,154511.80038282,226111.692420976,-15234.2928037961,0.0376375566235117
4033,142409.82315297,203896.553226664,19082.8236203664,-0.0518737365685372
4034,168104.413098624,221956.773842501,-24671.9869411255,0.0688035903279675
4035,161035.667606591,212541.179198709,-8187.64680530032,0.0246673139969436
4036,149718.000301763,216760.81402936,-1089.61433112255,0.00074364970790112
4037,157789.25825882,223790.269552988,-16190.327811808,0.0421705594396733
4038,159108.811472887,217624.127805513,-11343.7392783992,0.0319358606383921
4039,136991.232710956,198625.438733716,29772.5285553288,-0.0812353262525277
4040,165100.385598214,224876.320430054,-24587.5060282677,0.0678275540174874
4041,149331.528384376,210817.138693609,5240.53292201494,-0.0140962493663049
4042,154582.990935818,216105.839349095,-5299.63028491318,0.0139193873087876
4043,129413.808587311,196264.972681445,39710.4187312431,-0.1094944965293
4044,150564.310023333,205030.939010425,9793.950966242,-0.0244981130232324
4045,153797.494466497,212267.014962848,-675.309429344779,0.00172249015223839
4046,157513.731986391,215492.462515465,-7616.99450185656,0.0215163788474468
4047,156004.778069628,212115.664648084,-2731.24271771248,0.00903644336499104
4048,154390.610997406,210514.077683975,484.511318618956,6.00644979640227e-05
4049,158546.444714296,222564.021917432,-15721.2666317275,0.0411967600477817
4050,152363.502184435,213668.975946863,-643.27813129808,0.00165419266812594
4051,146576.14950192,212689.622505362,6123.4279927187,-0.0180920092416535
4052,152332.410161519,208035.453202654,5021.33663582645,-0.0122248683846509
4053,142878.854967221,211381.325490457,11129.0195423219,-0.0325845986197261
4054,140137.51501831,208134.49952298,17117.1854587101,-0.0496499098967995
4055,162761.580443527,220735.545666148,-18107.9261096742,0.0492316195762261
4056,162309.845972374,223444.147726541,-20364.7936989144,0.0543691417945246
4057,156385.143209152,212606.036185043,-3601.97939419426,0.0116120757661292
4058,157761.589554564,217193.767557561,-9566.15711212548,0.026265610682439
4059,163632.177893765,220838.864491415,-19081.8423851806,0.0527484311958858
4060,146661.761637631,210721.591244697,8005.84711767215,-0.0228681534284888
4061,156421.749792534,208809.940495474,157.509711991588,0.00138218179603555
4062,146016.863618216,207248.359060315,12123.9773214692,-0.0331009332967242
4063,170475.596148612,225412.102706004,-30498.4988546161,0.0837650481321231
4064,129576.141946257,197242.358442186,38570.6996115578,-0.10676489067079
4065,166987.60100306,214674.148409765,-16272.5494128248,0.047349559232239
4066,138478.062839739,212425.522009939,14485.6151503221,-0.0432289478500174
4067,147516.237550856,206891.548017691,10981.4144314525,-0.0305728093903902
4068,150613.50400845,208185.75467552,6589.94131603034,-0.0168518729345261
4069,165069.879259477,221718.379796499,-21399.0590559762,0.0600120933213733
4070,164053.979237568,214398.050155315,-13062.8293928828,0.0380521822759766
4071,144536.162794292,202792.199504853,18060.8377008545,-0.0482763110609894
4072,141059.819747452,210165.113796233,14164.266456315,-0.0409762613553899
4073,165111.073793083,220948.022286985,-20669.896080068,0.0581788268799415
4074,161239.974451244,211300.031549963,-7150.80600120727,0.0223264179220532
4075,164182.127100493,220623.44059292,-19416.3676934133,0.0533740353866494
4076,141948.180911705,208274.795578399,15166.2235098958,-0.0434512472898994
4077,149242.467288024,206417.242438404,9729.4902735725,-0.0258141142346785
4078,159040.075910191,215738.445968089,-9389.32187827973,0.0268340080125435
4079,142374.356008244,201494.308254502,21520.535737254,-0.0581535143522122
4080,144232.354343897,204968.312568809,16188.5330872936,-0.044019830562349
4081,163709.123568803,223150.608228042,-21470.5317968445,0.0586823522633614
4082,158971.419827336,214388.734772911,-7970.95460024732,0.0235959625929701
4083,154297.398656521,213661.726124454,-2569.92478097457,0.00793680822030299
4084,170796.899296673,222393.316778603,-27801.0160752759,0.0774141526730731
4085,153343.405901854,209294.270250989,2751.52384715673,-0.00585793931973255
4086,151180.74187565,209325.449157549,4883.0089668014,-0.0127520285116666
4087,153419.255849371,222069.517831357,-10099.5736807282,0.0252848887522885
4088,171592.829696199,218603.869565195,-24807.4992613935,0.0712588562181408
4089,135640.745329365,206878.866424136,22869.5882464989,-0.0653374918742897
4090,131265.532866252,196873.622750246,37250.0443835024,-0.102735085823029
4091,155873.899943411,211664.154397505,-2148.85434091632,0.00737821340722518
4092,157195.320069826,215615.851902544,-7421.97197236988,0.0199915357818269
4093,152512.93022612,213784.565333341,-908.295559461054,0.00274021825811513
4094,136591.036966265,201003.090095986,27795.0729377492,-0.0769201228439167
4095,172906.496104397,223287.395053223,-30804.6911576194,0.0871751784348118
4096,133502.998791471,197365.034068509,34521.1671400201,-0.0949989388101806
4097,147893.184499831,220256.94622834,-2760.9307281712,0.00351332083910724
4098,148749.553069471,215161.537642107,1478.10928842198,-0.00581493747651318
4099,151554.749489082,207297.491384393,6536.95912652428,-0.0158039203570822
4100,143607.634654677,214997.584684929,6783.98066039331,-0.0226050994922972
4101,159593.347700539,213878.22487455,-8082.37257508916,0.0242510062287546
4102,168238.77348586,226790.758214545,-29640.3317004046,0.0806880439139462
4103,153253.998894765,211134.699276857,1000.50182837801,-0.00253380887733587
4104,167430.342612317,219606.102557531,-21647.2451698479,0.0623554744717876
4105,141008.631613118,211875.719579815,12504.8488070665,-0.0371796654846499
4106,156040.417058345,208663.520532069,685.262409586052,0.000940749029808902
4107,152795.177544635,207445.112003434,5148.9104519306,-0.0123095445026204
4108,157643.57819503,211373.416431661,-3627.79462669062,0.0107217364565017
4109,160378.411353015,213280.692881213,-8269.90423422772,0.0247367622500143
4110,164016.595467163,218747.379733832,-17374.7752009951,0.0483521764869817
4111,146309.168433938,206114.479406451,12965.5521596111,-0.0349616481198952
4112,143623.904663125,204259.25021865,17506.0451182247,-0.0476632306856732
4113,144817.07510352,200802.830790586,19769.294105894,-0.052638402231885
4114,159073.600764555,216488.772054876,-10173.1728194316,0.0273306492952809
4115,143042.213646696,204123.81877899,18223.1675743139,-0.0498033749339827
4116,146531.284043472,206742.906846121,12115.0091104063,-0.0328260569286188
4117,149133.342392331,210493.222200521,5762.63540714775,-0.0158631269690987
4118,141729.777145647,203441.366770352,20218.0560840009,-0.0552505618247086
4119,145624.92059423,205465.174986605,14299.1044191648,-0.0380782144433034
4120,156823.005958363,219467.496290644,-10901.3022490071,0.0285313305520703
4121,142377.288233647,204708.858105134,18303.0536612197,-0.0507427411903672
4122,161675.639790799,219932.584499467,-16219.0242902664,0.0437345991414816
4123,152927.132987221,211974.018816792,488.048195987358,-0.000822810364699924
4124,134691.676412701,211633.264326556,19064.2592607423,-0.0571140392196407
4125,152066.953028634,214876.267128954,-1554.02015758719,0.00301300144155406
4126,148838.353464242,218003.714304313,-1452.86776855425,0.00138712922369968
4127,153309.446655484,214176.60031346,-2096.8469689432,0.00509151180753682
4128,146827.421175822,205639.222716106,12922.5561080711,-0.0345836057508032
4129,170938.871488918,225291.480665706,-30841.1521546237,0.0854239557636758
4130,156019.81060595,219267.944905119,-9898.5555110685,0.0260215318303596
4131,138891.062316721,201358.821952821,25139.3157304579,-0.0694552102588244
4132,173590.136315086,227095.925647177,-35296.861962263,0.0976670678475779
4133,144693.181776534,206879.135447777,13816.8827756892,-0.0384190563920271
4134,157836.061812118,213327.696954678,-5774.55876679654,0.017157934584198
4135,163251.091324745,214645.308273777,-12507.1995985223,0.0361955489372572
4136,146803.177168832,207356.580518911,11229.4423122574,-0.0306265033533617
4137,133531.170858666,202648.180504309,29209.8486370256,-0.0816490805838091
4138,146655.84276306,209388.406609143,9344.95062779705,-0.0259655518573848
4139,152379.471621204,216727.390658847,-3717.6622800508,0.00835129958397781
4140,174523.300098706,232344.962257866,-41479.0623565725,0.113412927545669
4141,153978.380847005,220636.991203325,-9226.17205033015,0.0219732391872014
4142,149051.214655127,216027.7479031,310.237441772188,-0.00329482458844326
4143,144794.373895819,214767.055334983,5827.77076919726,-0.0195186891941142
4144,150207.071485484,210938.47804223,4243.65047228645,-0.0113863328910184
4145,155396.896292841,206505.987331334,3486.31637582474,-0.00720242410804973
4146,167333.978856261,212437.30413004,-14382.082986301,0.0434063640602859
4147,148515.572016412,212820.162127482,4053.46585610689,-0.0117832068959779
4148,165910.378564441,215922.462698306,-16443.6412627478,0.0480538338111224
4149,145923.760873786,207814.940447542,11650.4986786727,-0.0318144676277005
4150,156052.273113668,214034.58524278,-4697.6583564484,0.0132583403146347
4151,136817.622892058,203153.379063241,25418.198044701,-0.07079286496927
4152,146100.762139794,212634.565589939,6653.87227026717,-0.0195832600317116
4153,150234.711905018,212986.727349201,2167.76074578176,-0.00702953531797492
4154,157648.283717564,215448.991419023,-7708.07513658726,0.0216321804086551
4155,156352.497688865,210652.922815412,-1616.22050427651,0.00585638036384465
4156,153453.297346883,210701.278753194,1234.62389992294,-0.00292832990204318
4157,140200.017630845,204423.879051444,20765.3033177116,-0.0572241447946381
4158,148168.174072032,211043.892964395,6177.13296357298,-0.0175710957183131
4159,149692.013933356,210039.09286992,5658.09319672367,-0.0151332504996681
4160,137026.383204848,197725.540619912,30637.2761752403,-0.0833588043908704
4161,148689.462076681,211865.193329647,4834.5445936718,-0.0138451535767492
4162,172892.522375346,220671.189785894,-28174.5121612403,0.0801012377945462
4163,158884.08066855,206146.412416056,358.706915393181,0.0027897292642204
4164,166886.015189528,223166.922722166,-24663.7379116942,0.0679337476221127
4165,141656.813502568,204935.999913224,18796.3865842083,-0.0519444144762271
4166,144155.653210395,205774.251048023,15459.2957415827,-0.0425049817193886
4167,153703.176377063,224305.589167347,-12619.5655444094,0.0301562352006353
4168,170552.094963836,227523.116424726,-32686.0113885626,0.0888837888332455
4169,153181.564182434,214320.706699964,-2113.07088239741,0.00564915723820933
4170,156900.045345381,212717.40621817,-4228.25156355102,0.0122028905917941
4171,154251.772892302,212555.866143696,-1418.43903599872,0.00477486670978888
4172,154650.348687571,213415.200726746,-2676.349414317,0.00799006310974128
4173,150183.32727616,209551.926520275,5653.9462035647,-0.0149168572284729
4174,146051.721596118,205239.916482116,14097.5619217654,-0.0372314234100679
4175,158267.561135686,226901.463861512,-19779.8249971981,0.0508077488013129
4176,162796.002839775,224440.879582394,-21847.6824221692,0.0585444264987127
4177,138573.341298473,212828.382164508,13987.4765370194,-0.0426572730254919
4178,139923.544859783,209090.301246335,16375.3538938816,-0.0471171097550244
4179,142219.222016869,198128.667569809,25041.3104133222,-0.0672020213835254
4180,139670.022910988,208448.540526708,17270.6365623033,-0.0492930698935451
4181,153736.758616968,210997.658542728,654.782840304484,-0.000628815316148953
4182,147319.253198828,206926.867143246,11143.0796579264,-0.0307560097548934
4183,145814.975164109,212907.967854119,6666.25698177167,-0.0197363589779066
4184,163069.222609649,221393.472913326,-19073.4955229748,0.0526840376587738
4185,150548.87012696,209231.7142492,5608.61562383926,-0.0149679645645733
4186,135764.925556826,206031.567000896,23592.7074422785,-0.0669588099942694
4187,155188.686780262,213249.386114767,-3048.87289502937,0.00944668544999654
4188,157914.832499174,216082.236003683,-8607.86850285699,0.0234942067960663
4189,139246.705758551,215402.402135992,10740.0921054565,-0.0348306952563559
4190,130957.376846595,199273.680487071,35158.1426663346,-0.0982113168147751
4191,149187.063535036,208626.484590958,7575.65187400667,-0.0199254420000746
4192,155712.874007606,207077.661165077,2598.66482731671,-0.00439549002842822
4193,162408.425159319,222567.086442632,-19586.3116019509,0.0523622466902158
4194,147955.399182492,206208.007267183,11225.7935503245,-0.0296546385816787
4195,160989.204561287,220299.652446275,-15899.657007562,0.042909115058747
4196,168803.953775583,218394.090324781,-21808.8441003643,0.0616210333783245
4197,156510.788198102,233224.558957207,-24346.1471553096,0.0609176348262488
4198,145872.71587508,204543.436466872,14973.0476580473,-0.0395008783474197
4199,150937.680702889,206509.238263262,7942.28103384859,-0.0202580083663869
4200,155581.012360059,218951.808924241,-9143.62128430052,0.0235290657720923
4201,137959.922025955,200975.79527253,26453.4827015149,-0.0724094363665671
4202,151823.96710284,213282.02765308,283.205244079698,-0.00156914232120888
4203,156763.174616109,213126.662285156,-4500.63690126518,0.0132935143689416
4204,154623.48206622,210494.931865696,270.786068083893,0.000403705780221294
4205,140973.816042971,207533.859407487,16881.5245495418,-0.047513221369297
4206,166469.59903542,223889.921099496,-24970.3201349158,0.0681967855772654
4207,157364.104428104,218078.452781201,-10053.3572093056,0.0263920630321229
4208,139115.38804839,205181.898905915,21091.9130456951,-0.058916794888986
4209,168811.635345233,220216.738755688,-23639.1741009213,0.0658183291701911
4210,134071.611791686,199741.625563318,31575.9626449954,-0.0874000526781579
4211,166499.850190108,224019.311372808,-25129.9615629165,0.0691657967272626
4212,153943.960993757,215007.981144693,-3562.74213845009,0.00877974690126686
4213,133445.462981304,209397.553310206,22546.1837084899,-0.0668115685823897
4214,169844.976306722,220830.069693728,-25285.84600045,0.070911779701086
4215,154919.177809545,213850.701258952,-3380.67906849773,0.00911917804619881
4216,138269.528585863,201574.390331669,25545.2810824675,-0.0698496525963896
4217,147453.217597148,211343.870028439,6592.1123744137,-0.0192784919274258
4218,166367.823091299,216348.699322216,-17327.3224135145,0.0497144296150032
4219,147745.747460801,207565.132350641,10078.320188558,-0.0276664466617655
4220,136458.394359558,203373.799377865,25557.0062625775,-0.0720382551705636
4221,149200.361516854,203600.564666553,12588.2738165925,-0.0324152402412688
4222,142702.821077349,207437.373436,15249.0054866518,-0.0431489138029538
4223,160554.084416953,225986.849025196,-21151.7334421495,0.0562013502220867
4224,159496.951136124,211172.256034316,-5280.00717044034,0.0167849293370965
4225,158050.875795479,212848.701993617,-5510.37778909615,0.0174433304083322
4226,154437.740913494,212705.218966591,-1753.75988008454,0.00505158756470693
4227,153250.325068198,211322.427509555,816.447422247031,-0.00163850143473183
4228,163723.17706529,218149.3989674,-16483.3760326899,0.0464895891089925
4229,170256.303825628,221528.380095114,-26395.4839207411,0.0749524608178862
4230,145429.309405281,205724.068036644,14235.822558075,-0.0385878281553864
4231,154254.651207699,211728.684856989,-594.13606468821,0.00250634848546354
4232,168605.34877977,219473.692880756,-22689.8416605258,0.0645960694540239
4233,158130.005663165,213332.583769086,-6073.3894322507,0.0175293905775616
4234,139889.703670985,198504.525544611,26994.9707844041,-0.0719470403438253
4235,154780.328461333,210835.19637424,-226.324835572683,0.00244292123562907
4236,163837.147721879,216675.011482906,-15122.9592047849,0.0433773883340488
4237,135677.5914446,202322.559746885,27389.0488085148,-0.0757094374700118
4238,148870.514707004,212069.626476042,4449.05881695403,-0.0129977270584581
4239,162304.725365515,216037.513566312,-12953.0389318265,0.0368316998649782
4240,139725.618204236,203081.421551108,22582.1602446561,-0.0624181038988867
4241,153191.255763048,211550.785110991,647.159125961771,-0.000818430793075254
4242,164477.020988463,216597.429104952,-15685.2500934154,0.0451382726407584
4243,148555.157133094,208204.079699929,8629.9631669774,-0.0229946004782186
4244,165970.942934661,219994.408714072,-20576.1516487331,0.0572719045560506
4245,169996.651050721,223401.772800615,-28009.2238513355,0.0777276829185338
4246,157553.492621628,216343.82709856,-8508.11972018774,0.0225932637903344
4247,138392.061620717,211859.486706737,15137.6516725466,-0.0447827258817543
4248,144692.257218959,202331.52050984,18365.4222712005,-0.0501422931537817
4249,157951.313188802,220185.047500544,-12747.1606893466,0.0319087648875807
4250,151140.727664146,214308.950558969,-60.4782231145655,-0.000523838449289117
4251,148657.248057665,215832.772283065,899.179659269983,-0.00472900172974082
4252,156224.052889972,222316.76161542,-13151.6145053922,0.0340266660097236
4253,159668.019877583,217733.066880984,-12011.8867585674,0.0334058047054265
4254,163983.517797648,217795.687814383,-16390.0056120313,0.0469377964645453
4255,146204.676883294,208676.589975297,10507.9331414083,-0.0290438766079336
4256,178051.825739598,222364.538368401,-35027.164107999,0.098747381662383
4257,152497.202343052,207733.327778593,5158.66987835517,-0.0130519515006962
4258,155067.237047087,210657.11986129,-335.156908376957,0.00220492636977414
4259,149896.506955269,211276.338940776,4216.35410395532,-0.0113409161971723
4260,146169.781021291,208629.540984197,10589.8779945115,-0.0298177338718083
4261,169203.891379483,220398.944331603,-24213.6357110861,0.068390218840035
4262,149197.937480443,207281.785368283,8909.47715127427,-0.0235154217122845
4263,165111.016588415,218807.349572874,-18529.1661612889,0.0517790104783193
4264,153652.391014076,208906.491549865,2830.31743605848,-0.00622469681543215
4265,149415.943920419,208547.31529799,7425.94078159059,-0.0195001515144773
4266,159080.398045005,221695.54969971,-15386.747744715,0.0412199666994709
4267,166993.310398048,225286.709028895,-26890.8194269431,0.0741394388007905
4268,160770.514751582,216000.562656994,-11381.8774085757,0.0327302264886595
4269,152351.318948302,203607.51512879,9430.36592290807,-0.0233646252445132
4270,162338.257576529,218677.139649179,-15626.1972257081,0.0426840942281331
4271,135084.123383639,204665.701573135,25639.3750432258,-0.0720443951251163
4272,153598.035873659,211965.985652309,-174.821525967971,0.0014819256875123
4273,151156.93488043,206899.800190253,7332.46492931701,-0.019021611986187
4274,149276.096173974,209438.323452246,6674.78037377965,-0.0183911360712054
4275,168790.69197169,218436.651711974,-21838.1436836649,0.0629547311023339
4276,144865.116120261,203998.269678991,16525.8142007477,-0.0447608093849167
4277,148884.056424495,213138.678226376,3366.46534912917,-0.0106036587802149
4278,176116.732884838,230453.401333289,-41180.9342181274,0.11354410287099
4279,159038.500486605,210579.790438447,-4229.09092505259,0.0139855058144367
4280,152020.812373566,208868.947834504,4499.4397919302,-0.0111969450803111
4281,158897.839983289,217541.400784102,-11050.0407673912,0.0303151870939939
4282,141024.379856331,209575.429251688,14789.3908919814,-0.0424553771023881
4283,161564.476037103,214854.883151163,-11030.1591882661,0.0320327041282652
4284,142938.912351262,204269.576117119,18180.7115316191,-0.0492235621806456
4285,158728.438946467,211035.518740357,-4374.75768682378,0.0136075134547349
4286,155043.591283669,213803.603109619,-3457.99439328827,0.0100839729226108
4287,145036.965774151,204596.829900409,15755.4043254399,-0.0423383247572707
4288,144195.151860449,212843.903280537,8350.14485901443,-0.0248286536863815
4289,161745.313029833,222495.93398886,-18852.0470186925,0.0503325462873677
4290,164763.006750982,219681.805170597,-19055.6119215788,0.0532749257550467
4291,152767.194219346,208818.601068556,3803.40471209848,-0.00849254677185969
4292,149766.595677545,208823.574111637,6799.03021081811,-0.0173945094666532
4293,171554.076674663,217816.53347896,-23981.4101536224,0.0694853500737783
4294,149869.291481797,216162.468177196,-642.559658992337,-0.00027517094646412
4295,140555.565988241,204313.029012452,20520.6049993074,-0.057131737762009
4296,153213.737289019,212000.211974723,175.250736257993,-0.00112128496615101
4297,132502.547722133,199809.342904325,33077.3093735415,-0.0916371128340974
4298,146436.262416775,203510.342519575,15442.5950636503,-0.0410562433585747
4299,166144.956967725,224197.951878296,-24953.7088460206,0.0688902416220214
4300,144103.365740167,204836.536387848,16449.2978719853,-0.0449468350602604
4301,141604.057811181,216655.587356752,7129.55483206647,-0.0237083059267984
4302,171465.556456317,224992.022835742,-31068.3792920582,0.0864187674516118
4303,152999.216985516,213010.890555049,-620.907540565415,0.00214363569326545
4304,167500.811155272,218617.738312812,-20729.3494680845,0.0587065765860835
4305,143407.788720292,204495.080505867,17486.3307738416,-0.0476108594719976
4306,138746.74480193,209403.18636568,17239.2688323908,-0.049079952560354
4307,129410.272437587,194106.765263525,41872.1622988881,-0.115063500994961
4308,162545.40024967,220557.928975341,-17714.1292250109,0.0483919139937951
4309,160617.477610634,213080.105223725,-8308.38283435884,0.0246785172938285
4310,165304.339311776,218285.184625384,-18200.3239371604,0.051009041766949
4311,148370.4181252,209555.003276731,7463.77859806886,-0.0206166391877299
4312,169099.668835678,220825.318362698,-24535.7871983759,0.0692126619252437
4313,164133.840198796,215417.290901109,-14161.9310999056,0.040275500161288
4314,163560.453384585,231419.048290972,-29590.3016755572,0.0777181510997111
4315,143158.079571033,209887.836607467,12343.2838214998,-0.0351811103983906
4316,144624.829828349,204746.20097022,16018.1692014313,-0.0431266014655578
4317,149994.617391004,211434.301557311,3960.28105168481,-0.0118573416904837
4318,141268.975949834,209712.860261751,14407.3637884142,-0.0412975517460177
4319,155886.928635748,216196.399347965,-6694.12798371242,0.0182199904221288
4320,156757.306512701,227535.003351937,-18903.1098646374,0.0470746568215363
4321,159214.097829543,213480.356208297,-7305.25403783988,0.0214549383456584
4322,161840.543881266,214386.331584444,-10837.6754657104,0.0316018552599377
4323,155531.288146497,210846.55669644,-988.644842936599,0.00403115821866111
4324,154985.306115826,204440.448941492,5963.44494268118,-0.013752194722756
4325,139225.45057347,206666.686323235,19497.063103295,-0.0551303499373109
4326,163328.65715596,214347.191856514,-12286.6490124739,0.0362549981020714
4327,137559.695276403,203792.829210165,24036.6755134316,-0.0672757768966101
4328,136159.53062033,206619.835665145,22609.833714525,-0.0644719744138967
4329,151267.588881272,212079.9199836,2041.69113512745,-0.00566627533490304
4330,144880.592775091,201488.666783542,19019.9404413667,-0.0513606964045144
4331,149790.760245679,215411.906709768,186.533044552954,-0.00247754474865236
4332,154589.570252261,215700.862057518,-4901.23230977828,0.0123883440083895
4333,156293.2811439,208877.230041846,218.688814253488,0.0012959168335913
4334,157055.305653125,213105.373580361,-4771.47923348611,0.0142272042149355
4335,162760.489260123,216866.642930517,-14237.9321906398,0.0405331323043434
4336,137915.298546536,201686.896671162,25787.0047823015,-0.0710192129085456
4337,167244.909942179,231891.540294751,-33747.2502369307,0.0899513546077015
4338,161764.198776693,224350.04505159,-20725.0438282837,0.05564153303265
4339,141706.960516586,206066.546120954,17615.6933624602,-0.0487354338737694
4340,160119.777750943,215386.37093797,-10116.9486889131,0.0284977163613575
4341,165762.969055134,230941.849381781,-31315.6184369144,0.0838770021363301
4342,149560.993038976,216585.968176406,-757.761215382488,2.42086854470575e-05
4343,146187.617501034,213786.43046384,5415.15203512582,-0.0170357274420359
4344,140423.367594279,204335.242909534,20630.5894961873,-0.0566309454473549
4345,152689.501023332,217496.505533999,-4796.80655733106,0.0116262471485398
4346,152235.390889956,213207.524772586,-53.7156625419739,-0.000976908725619334
4347,135655.841613445,209375.528500716,20357.8298858397,-0.0585931986322407
4348,154687.073660781,217364.925975864,-6662.79963664472,0.0172263243284332
4349,149154.392357338,205512.100043162,10722.7075994995,-0.0285303048756438
4350,159410.731868355,212438.403098274,-6459.93496662914,0.019443575591824
4351,160747.368610681,213265.088051703,-8623.25666238385,0.025727596470147
4352,164607.903221775,219972.480904256,-19191.1841260312,0.0534881412851692
4353,149319.396274187,218120.201015858,-2050.39729004464,0.00245135982657006
4354,151011.744649413,214163.425982571,214.02936801617,-0.00124976876406823
4355,162848.17900333,224093.192206061,-21552.1712093911,0.057218744933379
4356,154175.0542734,212378.707428836,-1164.56170223601,0.00309079845752558
4357,148841.286969476,210397.734838785,6150.17819173873,-0.0170695633542218
4358,167360.107597276,223023.071325306,-24993.9789225823,0.069798856706844
4359,154508.858785927,210757.980406858,122.360807215387,0.00107937267484932
4360,163235.526219259,219669.115266829,-17515.4414860886,0.0490393946331639
4361,156940.969992043,212275.240973605,-3827.01096564846,0.0116366016099579
4362,166216.089880795,221783.798123188,-22610.6880039833,0.0626244464438251
4363,165340.540452527,215738.48838448,-15689.8288370075,0.0454016011626713
4364,155702.143675594,216404.534369734,-6717.47804532846,0.0185953207240867
4365,173107.529519609,217054.831856843,-24773.1613764524,0.0715722360617912
4366,136016.913685589,203393.719477862,25978.5668365496,-0.0724972400896781
4367,155274.068027385,211990.892379493,-1875.76040687767,0.00692327083143599
4368,145870.195359674,217584.971602552,1934.0330377745,-0.00867464692977993
4369,156150.456071122,214603.953511683,-5365.20958280494,0.0148426670998249
4370,156336.39846516,207453.850983826,1598.95055101428,-0.00241017495098653
4371,157039.602860929,207767.73099785,581.866141220613,0.00127540887958446
4372,144667.96753375,202381.292433198,18339.9400330519,-0.0491235578013031
4373,163000.480152112,224078.674020112,-21689.9541722243,0.0597637025561349
4374,127195.841693673,198053.457013569,40139.9012927589,-0.111567044842798
4375,167972.711194299,227547.458112692,-30130.9693069906,0.0820705967283079
4376,158539.72793713,233804.95440262,-26955.4823397502,0.067536932948791
4377,144545.929903506,212191.012636621,8652.25745987281,-0.0259215786985431
4378,148589.079942149,210737.320145291,6062.79991256067,-0.0174749993795582
4379,159937.948138325,213936.752616458,-8485.50075478345,0.0250823632033744
4380,175240.216900148,233338.945355862,-43189.9622560106,0.11748583001171
4381,147662.200591386,203302.044917888,14424.9544907263,-0.0383535034990218
4382,149745.573883597,212211.261471918,3432.36464448576,-0.0103376884440352
4383,169239.968979129,218716.747388988,-22567.5163681175,0.0638955661783436
4384,151444.259866482,217773.281677794,-3828.3415442757,0.0088775902943299
4385,153136.547458458,215131.438486923,-2878.78594538075,0.0077828620473609
4386,151824.568421616,208183.539228014,5381.09235037002,-0.0132932335965766
4387,157505.28135735,214664.043577322,-6780.12493467244,0.0184604545627969
4388,150421.181529673,224532.344742681,-9564.32627235353,0.0216481155833816
4389,148780.941469891,206440.494327005,10167.764203104,-0.0275095101359708
4390,152687.126417601,214882.682788382,-2180.60920598282,0.00526838180578243
4391,151080.491283328,203788.091212577,10520.617504095,-0.0265844312230829
4392,140546.063700794,208706.456084988,16136.6802142183,-0.0466567412794384
4393,146520.341910443,219781.281650621,-912.423561064177,-0.00190084056850127
4394,152769.635858558,211079.05153711,1540.51260433212,-0.00290142437704694
4395,162024.125406091,215074.561186694,-11709.4865927848,0.0339441311141139
4396,171872.759434403,220460.478443295,-26944.0378776972,0.0769163645435435
4397,168723.786021624,217760.74969132,-21095.3357129436,0.0605395212045809
4398,151571.883282367,214259.239722043,-441.923004410346,0.000773819998116444
4399,144792.192848786,201606.041285793,18990.9658654214,-0.050153990879372
4400,158501.045532812,212791.036406673,-5902.8819394848,0.0177542189058982
4401,151116.860507908,216097.86491289,-1825.52542079892,0.00347612736888299
4402,157829.709670168,215084.616170126,-7525.12584029394,0.0211063849751683
4403,161171.358269747,213725.714360438,-9507.87263018562,0.0279313844987467
4404,125359.300532063,198100.001279124,41929.8981888127,-0.117323221974274
4405,147919.190601948,205560.149619319,11909.8597787326,-0.0316657465586337
4406,146611.809875927,212810.619775268,5966.77034880436,-0.0181847155742798
4407,159070.51220589,215192.683878064,-8873.99608395383,0.0258900987231164
4408,148463.474647635,207123.121471334,9802.60388103145,-0.0264651261367361
4409,140842.98511203,206832.694806066,17713.5200819045,-0.0500565721333434
4410,169038.161181118,221058.217137368,-24707.1783184857,0.0692569641580507
4411,142600.160702591,208152.310693658,14636.7286037506,-0.0411048590620082
4412,145275.245818535,204420.453944004,15693.5002374614,-0.0419307559264377
4413,133276.642140693,199346.160956694,32766.3969026134,-0.0907595137640714
4414,172521.999305234,226016.711991954,-33149.5112971882,0.0920488054241843
4415,141561.146098337,201319.533570411,22508.5203312526,-0.0608806166891547
4416,149579.966971111,208496.543575401,7312.68945348763,-0.0187125394555923
4417,161986.864037915,212324.292262472,-8921.9563003871,0.0271388180244291
4418,155485.13772035,211392.924214264,-1488.86193461367,0.00493601458786078
4419,149883.255969753,207606.000597917,7899.94343233027,-0.020623589541797
4420,138632.48369747,214734.467018117,12022.2492844131,-0.0371628819991731
4421,142986.418969789,214563.772214428,7839.00881578267,-0.0246962475246821
4422,154062.022664006,214938.211719307,-3611.03438331361,0.00929547670804534
4423,162773.441824846,215573.963792362,-12958.2056172079,0.0370769008403782
4424,138492.009976637,203256.021393812,23641.1686295503,-0.0654742357311181
4425,146856.990263999,207980.529978829,10551.6797571715,-0.0291451325626409
4426,131799.070970562,211711.649015686,21878.4800137525,-0.0650722232995113
4427,140340.105091522,210778.394865857,14270.7000426209,-0.0418597301984884
4428,149314.374794222,212783.54277169,3291.28243408847,-0.0105336079133034
4429,169079.131675438,229209.144869991,-32899.0765454292,0.0892847608499743
4430,147543.791246934,217452.960000641,392.448752425495,-0.00415085102398428
4431,171836.793764568,218444.48365909,-24892.0774236578,0.0725076460731239
4432,154336.647244882,210556.651414879,495.901340239507,-0.00020794864206241
4433,149810.242285615,213718.959524471,1859.99818991398,-0.00576434868802502
4434,135503.291247049,210027.054934355,19858.8538185956,-0.0577114360552698
4435,139096.971605156,206115.342416518,20176.8859783257,-0.057186758431005
4436,150251.935953765,206442.49845741,8694.76558882481,-0.0221919330786902
4437,148534.76031048,209516.765746684,7337.67394283606,-0.0207654392895916
4438,153723.603602544,210053.555712326,1612.04068513063,-0.00298931562772272
4439,147306.646696649,203883.256072141,14199.2972312104,-0.0379751149353885
4440,139812.890759362,203116.260265643,22460.0489749957,-0.0618244091331951
4441,147193.320553087,215746.176754964,2449.70269194909,-0.0092558941192347
4442,147109.094211538,205813.793958206,12466.3118302567,-0.0338154667045097
4443,154690.905627807,212186.538533024,-1488.24416083138,0.0048810893687237
4444,160015.867297317,225445.545274431,-20072.2125717473,0.051866801130056
4445,147965.192114952,213066.01849765,4357.98938739795,-0.0139779572376767
4446,163609.205329528,217843.37627789,-16063.3816074173,0.0457397736471878
4447,140059.057659059,201632.703591858,23697.4387490834,-0.0644973201427363
4448,134645.16249788,208192.478192446,22551.5593096741,-0.0655098671120002
4449,160476.824558469,211342.058190521,-6429.68274898996,0.0199951101499936
4450,143556.297658746,205002.594253708,16830.308087545,-0.0454464544822898
4451,164795.010920563,216476.266192285,-15882.0771128476,0.0462858691994174
4452,152327.113116396,208863.59268988,4198.49419372354,-0.0102398113703872
4453,162056.72236812,219364.749764283,-16032.2721324034,0.044461305378214
4454,159171.350063496,222300.045080825,-16082.1951443212,0.0425021225317066
4455,144367.750015082,211773.325932401,9248.12405251671,-0.0268941560514497
4456,162605.102109607,214699.786218723,-11915.6883283295,0.0345966767057945
4457,140732.849473601,204556.791100971,20099.5594254279,-0.0557876325125776
4458,151338.266180901,209079.655311293,4971.27850780578,-0.0135093231604663
4459,147214.657204196,214584.98720926,3589.55558654323,-0.0127269037962847
4460,154872.074899778,214602.710483675,-4085.58538345381,0.0118779767646464
4461,165180.748023381,222875.844430123,-22667.3924535047,0.0620938164628009
4462,150199.903179741,205410.009385987,9779.2874342716,-0.0256195413542271
4463,153221.120318698,210252.558545547,1915.52113575471,-0.00361192174773503
4464,160269.080782077,219981.391012865,-14861.2717949421,0.0401500584514371
4465,159939.204086919,219189.346569032,-13739.3506559504,0.0371550998064839
4466,147746.542691658,205337.258386794,12305.398921548,-0.0322416993362811
4467,147759.711394427,205273.067609088,12356.4209964844,-0.032592229321419
4468,167517.141729008,217883.463969374,-20011.4056983815,0.057925745271221
4469,162121.673320468,221781.295475745,-18513.7687962132,0.0501039291974819
4470,141836.727456557,213929.52061077,9622.95193267288,-0.029882020844703
4471,156438.837881857,211267.700955587,-2317.33883744467,0.00793476337738105
4472,164197.782291601,228915.488789165,-27724.0710807659,0.0733512728667473
4473,152531.16010269,215491.576501438,-2633.53660412761,0.00651822670984121
4474,158475.348233778,221865.886745957,-14952.0349797342,0.0395259659173638
4475,138322.151111417,206421.438866117,20645.6100224661,-0.0589145743418634
4476,149098.79955155,209121.163329621,7169.23711882863,-0.0192335724979963
4477,156719.004962819,210685.324564623,-2015.12952744163,0.00769417181995209
4478,152287.646501037,218802.111276321,-5700.55777735775,0.0134875911565726
4479,149722.105407464,217113.043357484,-1445.94876494753,0.00161894196489593
4480,163744.084500222,213205.738680344,-11560.6231805658,0.0341320096191305
4481,141060.956273889,205564.810333077,18763.433393034,-0.0523647950729838
4482,169671.511335662,224144.757912879,-28427.069248541,0.0783030778250688
4483,166117.681683983,218884.571531024,-19613.0532150071,0.0555358444464353
4484,142400.57410635,205785.451631179,17203.1742624714,-0.0475551883619103
4485,153868.374489192,213116.623295852,-1595.79778504343,0.00477079121637554
4486,158569.697156705,221927.345021132,-15107.8421778372,0.04018319490156
4487,154623.773179175,218678.237312462,-7912.8104916368,0.0196316920723243
4488,143236.996252774,201823.432056998,20328.7716902282,-0.0546438378551696
4489,166435.864494393,219004.706220208,-20051.370714601,0.056688513777361
4490,172455.650231597,226659.056122972,-33725.5063545687,0.093511018831928
4491,146412.520780538,209337.26712493,9639.41209453234,-0.0269897134466473
4492,150227.744005798,214357.410036851,804.045957350812,-0.00330734323983288
4493,160630.353064056,219193.429614868,-14434.5826789247,0.0398509396024331
4494,148595.484379347,206089.703465817,10704.0121548357,-0.0285098408085843
4495,162653.688423577,209989.495170427,-7253.98359400366,0.0229648515472702
4496,148972.910644326,207260.883875528,9155.40548014612,-0.0244436584191217
4497,160460.375918325,217658.938610423,-12730.1145287485,0.0357326987577102
4498,147681.459401089,213891.534476827,3816.20612208423,-0.0117431906537435
4499,156406.705835181,219297.928874953,-10315.434710134,0.0274588604111973
4500,150401.139853305,207347.31179091,7640.74835578428,-0.0196982839052422
4501,161043.29056491,227903.138060469,-23557.2286253782,0.0610573138705332
4502,154415.354033359,216963.847001124,-5990.00103448244,0.0152013254702961
4503,153183.173051984,210556.47306574,1649.55388227553,-0.00346175024724808
4504,148954.960703716,209767.124651746,6667.11464453832,-0.0183007382744318
4505,150239.592168247,202374.598609212,12775.0092225409,-0.0331667263530477
4506,161053.90406806,215587.755188846,-11252.4592569059,0.0324912640314578
4507,167768.06928093,224181.000526175,-26559.8698071053,0.0744025092522363
4508,168335.90879009,225489.814078375,-28436.5228684656,0.0777219200022507
4509,151270.660462808,209550.383420963,4568.15611622942,-0.0114261670364344
4510,157904.852418434,212550.55853486,-5066.21095329389,0.0149885675170389
4511,139880.039307678,199437.566765699,26071.5939266227,-0.0705358458880109
4512,141654.801641865,206309.648822321,17424.7495358141,-0.0487525265539138
4513,154197.801124159,214861.354393896,-3669.95551805542,0.00960318736793931
4514,153804.540454605,211256.742276288,327.917269106896,-0.000422820836762057
4515,164184.000299134,217856.820228718,-16651.6205278522,0.0480755857260225
4516,144357.580720567,226689.788179871,-5658.16890043853,0.00816895531891803
4517,158795.918264999,213878.726815948,-7285.44508094649,0.021912545488551
4518,147239.321489326,205450.428129334,12699.4503813402,-0.0336990552528882
4519,143824.194306862,202773.557949246,18791.4477438917,-0.050172798560684
4520,163360.426560014,214986.860902517,-12958.0874625308,0.037209059275627
4521,169087.654015867,225433.65881368,-29132.1128295467,0.0809885531000254
4522,142647.233291342,209711.518739555,13030.4479691036,-0.0383608349456417
4523,172265.479180203,219587.80953093,-26464.0887111331,0.0756441795060999
4524,137612.779624367,201787.387380873,25989.03299476,-0.0716515696138933
4525,149920.707932727,213187.949668314,2280.54239895882,-0.00681852552968306
4526,148962.340168416,212122.128912998,4304.73091858608,-0.0120397297461726
4527,150413.353990181,213665.340994473,1310.50501534634,-0.00448203273465311
4528,160391.381079443,238311.647090104,-33313.8281695465,0.083448138644245
4529,162825.483112522,214838.579363278,-12274.8624757991,0.0356481243819441
4530,141595.659996289,206068.787037449,17724.7529662626,-0.0489300880554578
4531,158870.799944575,216319.16669799,-9800.76664256462,0.0281501170410521
4532,183275.167661233,229364.025688207,-47249.9933494405,0.13309476736081
4533,171874.05516612,221261.19656089,-27746.0517270105,0.0783735611589701
4534,145972.769493201,202987.771830486,16428.6586763135,-0.0438549713098066
4535,143827.043672319,210455.284941363,11106.8713863184,-0.0317889885676101
4536,160478.832743823,211269.573372625,-6359.20611644804,0.0201088610776788
4537,138716.849841189,205335.873319548,21336.4768392634,-0.0595290790209756
4538,160171.614437116,216426.416526494,-11208.8309636108,0.0319143689050979
4539,169846.110896281,219039.720220811,-23496.6311170926,0.066774071951826
4540,154381.071816685,209364.524991084,1643.60319223063,-0.00310442909673818
4541,157470.178157822,213640.975031457,-5721.9531892786,0.0164850174583325
4542,159459.342503693,226611.288053304,-20681.4305569975,0.0539825827123581
4543,160372.525971531,215031.827818305,-10015.1537898359,0.0280672995285777
4544,149044.657622746,206336.878718495,10007.6636587586,-0.0266601693441826
4545,134059.419284286,200208.375424117,31121.4052915975,-0.0855615243363143
4546,138868.2096344,204133.764432263,22387.2259333373,-0.0625449919214718
4547,156069.943356394,208768.851271646,550.405371959554,0.000750663520455646
4548,142437.085756827,206481.048463335,16471.0657798381,-0.044851453145978
4549,160925.723757017,221418.536839826,-16955.060596843,0.0456542729612598
4550,178189.747620565,228050.991764303,-40851.5393848686,0.114068257835382
4551,145510.759623118,215231.99031677,4646.45006011194,-0.0155424147180636
4552,163783.302149662,231599.700979432,-29993.8031290935,0.0789178657436375
4553,166321.021779388,226846.461676442,-27778.2834558304,0.0749037185287585
4554,173243.334034792,216689.067480334,-24543.2015151264,0.0711998523456354
4555,176377.338326323,220539.846408722,-31527.9847350454,0.08939205751394
4556,139049.275112385,198024.415810427,28315.5090771884,-0.0766398475712442
4557,169110.967136828,225558.533466461,-29280.3006032893,0.0810472328500258
4558,154976.555543046,215239.113333144,-4826.46887618961,0.0130738294699336
4559,152796.996827412,214203.13789809,-1610.9347255014,0.00377692523928242
4560,162707.037005555,216284.570833457,-13602.4078390112,0.0385405310308286
4561,171499.755073501,224712.345616747,-30822.9006902475,0.0854936390214962
4562,153587.610620628,220021.378821961,-8219.78944258898,0.019404138826291
4563,159597.836770536,218054.87681795,-12263.5135884859,0.0338447751490806
4564,157375.448438712,217494.516967547,-9480.76540625934,0.0259631683231719
4565,158122.742278166,210786.567169892,-3520.10944805812,0.0116901158843493
4566,158867.139585824,218755.670969613,-12233.6105554378,0.033942228462011
4567,158279.436745996,216557.573716813,-9447.81046280981,0.0267080893620726
4568,150344.584899184,206189.866074522,8854.7490262941,-0.0230200148970911
4569,151108.98878616,210570.097221597,3710.1139922429,-0.00963206734891882
4570,156345.93012709,213526.345524612,-4483.07565170125,0.0131089165837716
4571,159403.75957701,215964.77534354,-9979.33492054994,0.0292196384890686
4572,159227.66694775,219606.992273329,-13445.4592210799,0.035359753727916
4573,169960.788072829,222924.805398341,-27496.3934711698,0.0775451311729975
4574,176098.990165884,235830.731355135,-46540.5215210185,0.127237643460951
4575,153688.622295058,209895.301905847,1805.27579909487,-0.00350323550999005
4576,148337.361939609,206610.418938035,10441.4191223564,-0.0280253069833698
4577,148833.797299662,204610.860938238,11944.5417620998,-0.0314826575853928
4578,155837.960479024,210243.741385445,-692.501864469552,0.00325536364497645
4579,153971.848226542,212471.818933557,-1054.46716009878,0.00348687495334032
4580,138635.174493553,209347.232898223,17406.7926082243,-0.0498688453670619
4581,160690.292941809,220333.820678406,-15634.9136202155,0.0426649004051189
4582,150256.941570803,217975.586959395,-2843.32853019767,0.0053559155694941
4583,166335.233916161,226107.46021825,-27053.4941344105,0.0729754179871033
4584,157235.374513994,212772.352338478,-4618.52685247181,0.0145933507328527
4585,148720.818109277,210780.314703,5888.06718772312,-0.0160266634795494
4586,168910.855415577,222398.139694914,-25919.7951104913,0.0725213369529799
4587,152365.774212016,208311.547108797,4711.87867918663,-0.0118733749375634
4588,157375.987977662,215725.756682379,-7712.54466004035,0.0214672114266466
4589,163570.505130378,218009.948510531,-16191.2536409087,0.0459623422425348
4590,168928.445616532,222527.24677279,-26066.4923893227,0.072812136741011
4591,154838.06125297,216461.083497064,-5909.94475003419,0.0156605746476645
4592,165505.587361242,216423.017721039,-16539.4050822808,0.0476750255521819
4593,142732.293374345,211635.330981849,11021.5756438061,-0.0319282253207928
4594,160782.495994638,220603.091234226,-15996.3872288637,0.0434952967586307
4595,151542.572517662,213051.330476685,795.297005652625,-0.00226215144826238
4596,159101.754459281,218637.331947913,-12349.8864071942,0.0332472379611299
4597,150144.406254867,215784.054745269,-539.261000135972,-0.000831319371156625
4598,158403.455951325,213195.39522361,-6209.65117493534,0.0187675390000132
4599,153493.805994126,207842.060001693,4053.33400418115,-0.00978131732374774
4600,146276.336043075,206966.015439832,12146.8485170929,-0.0337360661446507
4601,159519.995456992,207781.341171083,-1912.13662807486,0.00874133858220926
4602,178351.806002271,234136.114233838,-47098.7202361092,0.129021059459401
4603,155617.476248505,214904.184676021,-5132.4609245258,0.0143537472748522
4604,146045.915557386,210408.783377021,8934.5010655928,-0.0258690826988466
4605,153030.920745848,206482.559040068,5875.72021408385,-0.0147208931572109
4606,157711.66803819,215631.478264271,-7953.94630246161,0.0218508720748305
4607,136642.851540484,200849.103672347,27897.2447871688,-0.0770591410333956
4608,138023.614670089,203392.076792527,23973.5085373833,-0.0661867322958755
4609,148371.457304445,221580.770256255,-4563.02756070025,0.00795264352088783
4610,145747.49989834,205721.419523312,13920.2805783474,-0.0377253438428717
4611,149249.248125874,208040.01546116,8099.93641296687,-0.0210741344452689
4612,152078.407464161,221781.249168283,-8470.45663244341,0.0206131786605461
4613,150891.669436706,211632.319096342,2865.21146695205,-0.0081571360316633
4614,153065.97239885,208426.426190482,3896.80141066742,-0.00971073385444013
4615,143105.531406057,205261.977380067,17021.6912138765,-0.0470385732308844
4616,144271.703085259,209562.413676108,11555.0832386333,-0.0320586608107681
4617,128946.704398777,195879.365969704,40563.1296315187,-0.112209891528272
4618,149055.790460515,203638.97725797,12694.4322815153,-0.0328910062297515
4619,150992.924379307,213139.397966203,1256.87765449093,-0.00381714259072046
4620,167011.49795024,232380.195310338,-34002.4932605784,0.0900761196576324
4621,151235.795737464,212751.848487141,1401.55577539583,-0.0040686485507685
4622,136841.706054877,205174.747519752,23372.7464253716,-0.0663050711024535
4623,161499.050235782,219168.649680292,-15278.4999160745,0.0419778400048616
4624,152814.110617903,209726.268882808,2848.82049928833,-0.00647491061763715
4625,154198.38002091,211482.788132709,-291.968153619382,0.000370259037137408
4626,148828.579933267,216859.488761262,-298.868694528879,-0.000605414266236494
4627,143533.157352838,212166.895616856,9689.14703030622,-0.0284147245507526
4628,161463.002945838,213017.898216356,-9091.70116219408,0.0270729586892143
4629,153291.494824107,211465.948098112,631.757077781542,-0.00182871020786211
4630,159561.190256582,215343.011409267,-9515.00166584883,0.0268976901041219
4631,142492.168305049,205526.307455767,17370.7242391843,-0.0478021229796187
4632,162925.818666714,215908.457067881,-13445.0757345954,0.0384456898159226
4633,165956.084385513,230684.318646458,-31251.2030319715,0.0829539313593337
4634,158308.995573371,215735.393923601,-8655.18949697277,0.0244585552914824
4635,157739.308823753,210600.660603725,-2950.76942747849,0.00951288721241713
4636,146710.482315505,204016.513394578,14662.2042899172,-0.0389529699627595
4637,138488.176139729,203577.710089533,23323.3137707377,-0.0640992341521416
4638,154852.063023844,218623.779296208,-8086.64232005103,0.0214089127365823
4639,138041.042432794,203954.071077987,23394.0864892188,-0.0654676207131418
4640,144432.654655824,206960.373657741,13996.1716864348,-0.0386629797620839
4641,139394.956391251,200783.898643464,25210.3449652849,-0.0685349926547099
4642,171722.932523827,228469.594493556,-34803.3270173822,0.0961393088140342
4643,139280.660953166,211143.31687583,14965.2221710045,-0.043793514400769
4644,142012.528564925,204863.375846735,18513.2955883403,-0.0511885696493977
4645,141291.577808758,202789.562932165,21308.059259077,-0.058658034069077
4646,150983.954625676,209663.991196181,4741.25417814328,-0.0131331178045399
4647,164987.004365862,224983.70225997,-24581.5066258314,0.0667954912954592
4648,152383.58355556,214845.770013267,-1840.15356882679,0.00354478340825866
4649,153794.703363685,211476.805682234,117.690954080317,0.000429979433585008
4650,160772.268370299,220224.688527555,-15607.7568978533,0.0424615762744519
4651,150498.146838832,216883.005808153,-1991.95264698524,0.00440014502532494
4652,157011.287870147,217433.743749953,-9055.83162010025,0.0248970081022618
4653,131612.774001255,200299.085897238,33477.3401015072,-0.0931641421573289
4654,171176.805272004,224500.82157822,-30288.4268502242,0.0838796186935447
4655,142785.081909798,200070.333189997,22533.7849002048,-0.0603240142303652
4656,153398.382437866,211440.59018107,550.227381064266,-0.000405972162581078
4657,151295.991027573,218041.351824437,-3948.14285200991,0.00843979889168124
4658,155224.819370364,218662.37481101,-8497.99418137391,0.0219263664323614
4659,147968.46335421,216189.772869297,1230.96377649356,-0.00620323978490858
4660,157040.620139464,214581.781473425,-6233.20161288814,0.0180328321796459
4661,153174.114372598,209052.952332037,3162.13329536456,-0.00682682353568767
4662,159087.237516134,211798.181241656,-5496.21875779046,0.0168984054314606
4663,153520.107011706,208099.568526234,3769.52446205943,-0.00907501694089562
4664,144918.806210571,203981.324633798,16489.0691556311,-0.0446967631206506
4665,145322.426149349,213028.741949897,7038.03190075408,-0.0214303238607473
4666,149115.488475483,206996.02468889,9277.6868356262,-0.0243344695457179
4667,148971.216087974,216742.631718229,-324.647806203808,-0.00119539609025354
4668,162241.2230151,217217.863089544,-14069.8861046432,0.0396966629403108
4669,146260.828363647,205310.874739113,13817.4968972407,-0.0369361319371925
4670,162239.932589058,216727.314310668,-13578.0468997264,0.0388793181102638
4671,156472.919611858,212821.94023076,-3905.65984261793,0.0116963958025688
4672,147604.239819356,210055.223355514,7729.73682513053,-0.0223618852623813
4673,144728.552061388,207327.103488533,13333.5444500793,-0.0366168613476464
4674,124436.432601393,193521.735452413,47431.0319461938,-0.131249271266218
4675,164957.517806184,228348.660043071,-27916.9778492549,0.0747098346277427
4676,150763.675338655,212412.019589491,2213.50507185352,-0.00661556402291717
4677,161609.322307966,210982.575496337,-7202.69780430343,0.0222064799550509
4678,176841.135372253,221272.329929039,-32724.2653012919,0.092998239812715
4679,139959.359122691,208673.495558838,16756.3453184707,-0.0473185897477591
4680,143925.191354574,208230.519871486,13233.4887739395,-0.0377108826949134
4681,159267.189816316,220314.63071603,-14192.620532346,0.0388688428298097
4682,161232.58093925,218365.033011308,-14208.4139505583,0.0402103519705903
4683,166967.912499496,226879.142016887,-28457.8545163837,0.0770243970964153
4684,150759.72343389,214366.677651683,262.798914427229,-0.00126161761633123
4685,169723.643349901,219032.985147466,-23367.4284973668,0.0669458663163276
4686,131834.779137944,197892.165046923,35662.2558151333,-0.0986970410959582
4687,146709.958027883,210653.85168528,8025.39028683788,-0.0226710521982289
4688,145260.775298627,206666.664458383,13461.7602429898,-0.0371975960855825
4689,151891.514213427,208322.216510681,5175.46927589161,-0.0133555432104494
4690,155930.118524322,211398.357482147,-1939.27600646898,0.0057082222585396
4691,152485.535003846,208212.227201722,4691.43779443234,-0.0115429199028377
4692,164134.585081134,220494.79785497,-19240.1829361031,0.0535127682851664
4693,143368.809578853,208499.530909044,13520.8595121023,-0.038461928765129
4694,153321.277218096,207762.853712746,4305.06906915834,-0.0100281542960256
4695,164148.474014521,216872.169167238,-15631.4431817595,0.0443069475083853
4696,152314.789038217,216622.18942939,-3547.7784676067,0.00942012187935789
4697,152028.873112995,213074.342636187,285.984250817506,-2.64704190098904e-07
4698,156952.315602327,222906.331184124,-14469.4467864508,0.0379526719603777
4699,142865.748827169,211049.790811885,11473.660360946,-0.0340893933967703
4700,157887.274450056,217876.047239047,-10374.1216891028,0.0284086428153762
4701,156483.384116396,213242.269658278,-4336.45377467381,0.0124193397837009
4702,162475.288614841,224188.580799886,-21274.6694147268,0.057544542866575
4703,148774.866852492,209000.173042049,7614.16010545875,-0.0211250363685675
4704,163607.084365952,213028.637738475,-11246.522104428,0.0335972301926789
4705,151260.716531572,211257.175254197,2871.30821423087,-0.00806535676879987
4706,164516.710243668,217445.11953178,-16572.6297754479,0.0474333963598612
4707,159128.188791449,220942.787135082,-14681.775926531,0.0394462527603661
4708,147913.924629967,204799.697707099,12675.577662934,-0.0336844961320685
4709,145119.468387177,206896.661691267,13373.0699215563,-0.0362872044766685
4710,161253.481555412,224736.286681226,-20600.5682366375,0.0553374917044874
4711,158463.562010279,218962.901659318,-12037.2636695975,0.0319284060351893
4712,165460.170348686,217202.988414028,-17273.9587627138,0.0492907258521081
4713,154359.835761853,208907.743107872,2121.6211302749,-0.00413460645864552
4714,148970.026554379,212962.818562946,3456.35488267534,-0.0108307992561957
4715,159380.324020864,214474.184598619,-8465.30861948332,0.0248025160555179
4716,159628.892624297,219920.860706081,-14160.5533303784,0.0382957063352065
4717,172893.054925631,219428.763760203,-26932.6186858341,0.0772543595146302
4718,149474.89185979,207924.210456025,7990.09768418485,-0.0218707350492677
4719,156393.43252009,213217.089688836,-4221.32220892608,0.0127366399462717
4720,145093.057701668,206903.16043061,13392.9818677223,-0.0367503911638941
4721,158401.359905593,213880.74578204,-6892.9056876328,0.019352889186164
4722,155945.923121719,213078.338524239,-3635.06164595805,0.0105406505137246
4723,156714.260507136,220441.702481304,-11766.7629884396,0.0305790260710662
4724,141141.02540066,202559.155555535,21689.0190438048,-0.0592538091426746
4725,147882.504936999,211041.770725591,6464.92433741043,-0.0183780949540026
4726,150827.774661872,211549.360987952,3012.06435017573,-0.00804137539143116
4727,156603.115193436,206595.085383701,2190.99942286318,-0.0031552920688011
4728,144527.346206177,207200.020664722,13661.8331291011,-0.0376745509397278
4729,137277.174889252,201146.912079309,26965.1130314388,-0.0747986349021839
4730,146319.491633631,205677.618203642,13392.0901627272,-0.0364109946829792
4731,149550.356503171,211883.088066474,3955.75543035462,-0.0115011396826737
4732,142504.579321169,204657.854879429,18226.7657994017,-0.0494924663329598
4733,140767.853731694,200543.934881013,24077.411387293,-0.0655211847912734
4734,154005.524501746,213966.39337876,-2582.7178805063,0.00736029324118221
4735,152439.784841875,211317.171510059,1632.24364806589,-0.00350258559296964
4736,159996.299902526,214990.616842835,-9597.71674536093,0.0275300181390279
4737,156921.1164286,212292.219876592,-3824.1363051915,0.0116377875068753
4738,154745.310739474,218184.129892657,-7540.24063213024,0.0198738881609293
4739,136209.758246408,195460.730913919,33718.7108396737,-0.0914114759242829
4740,162877.547016854,218198.009071887,-15686.3560887413,0.0443750489883144
4741,159232.590375657,215977.396387809,-9820.78676346585,0.0278564159465425
4742,169912.771168102,218471.971693834,-22995.5428619354,0.066632629900287
4743,154974.527574992,217705.241195186,-7290.56877017836,0.0189816608283518
4744,149256.337356912,211865.703591502,4267.15905158612,-0.0118147751474815
4745,156706.320611954,214296.032276326,-5613.15288828005,0.0162398625546978
4746,133397.318873377,206321.012097758,25670.8690288656,-0.0728890684981051
4747,156073.626039833,211626.640197142,-2311.06623697461,0.00717396613196761
4748,162142.575564845,225028.263098358,-21781.6386632028,0.0580959854374051
4749,166228.196939415,222425.511499758,-23264.5084391732,0.0638830642608531
4750,146094.270471706,207466.246220017,11828.6833082768,-0.0327972944885576
4751,141102.446094855,206363.474759823,17923.2791453224,-0.0498091895828789
4752,163678.085642074,215854.615870456,-14143.5015125305,0.0411126936612023
4753,153933.730155931,208190.648755677,3264.82108839176,-0.0070610746949717
4754,144900.000091811,217306.851931313,3182.34797687607,-0.0124290153591805
4755,143444.776856046,204688.699305231,17255.7238387229,-0.0475873977078457
4756,145951.199659105,201657.863904948,17780.1364359471,-0.0465908129162099
4757,159482.771791945,220021.02946059,-14114.6012525347,0.0378916558775246
4758,148546.175957487,209809.298939556,7033.72510295652,-0.0193309294676021
4759,164631.466672693,221356.188883698,-20598.4555563909,0.0567347835977406
4760,144370.224982555,206995.322728341,14023.6522891047,-0.0391826134504785
4761,162888.527695758,216738.355762071,-14237.6834578299,0.040134289377084
4762,165169.10990762,219085.173590341,-18865.0834979607,0.0534437122424372
4763,167346.111149928,215854.154658074,-17811.0658080018,0.0520069996971439
4764,163372.007106996,223325.370467162,-21308.1775741579,0.0571649806134285
4765,168310.903598303,219132.306427992,-22054.0100262949,0.0621030709082183
4766,153648.06997948,209773.295680652,1967.83433986723,-0.00443147446682174
4767,159765.902721276,217812.015884661,-12188.7186059369,0.0336485226048841
4768,141891.625690423,205090.697685022,18406.8766245551,-0.0509828707103768
4769,154071.078083156,225133.461811812,-13815.3398949674,0.034652541321786
4770,147667.65118924,207942.014342946,9779.53446781385,-0.0263420194095224
4771,154071.479366724,225234.510597233,-13916.7899639564,0.0338216654696966
4772,148851.82653156,210386.89044732,6150.48302111955,-0.0166791439968624
4773,150189.5841466,213195.16370902,2004.45214438101,-0.00668952671504479
4774,168489.011948503,215846.135139457,-18945.9470879607,0.0554614203034212
4775,174384.008219146,223925.303525875,-32920.1117450215,0.0922077611766357
4776,164284.100097057,216049.292599909,-14944.1926969656,0.0431327940610105
4777,152775.864135605,210354.028100694,2259.30776370177,-0.006047606310523
4778,165288.096481439,220056.210191151,-19955.1066725905,0.0549472169963007
4779,178314.225303289,221104.497231019,-34029.5225343081,0.0972273018823769
4780,146403.420557416,208525.052299094,10460.7271434893,-0.0293766416532591
4781,145980.481261921,206076.461077422,13332.2576606572,-0.0360188049070616
4782,163330.35116046,219474.860790056,-17416.011950515,0.0494939504213993
4783,182296.799701321,229385.961194695,-46293.5608960165,0.130040000081854
4784,164486.576610131,220937.99233919,-20035.3689493205,0.0560425307341425
4785,156863.293530051,216911.132455597,-8385.22598564817,0.0227574417775027
4786,170966.193264587,222837.6982246,-28414.6914891869,0.0787834274450243
4787,146671.033234413,212094.635945174,6623.53082041274,-0.0187679388153843
4788,139756.721860335,198372.409125691,27260.0690139735,-0.0740881506528429
4789,174226.38842917,222032.30764552,-30869.4960746891,0.0878136488118992
4790,156439.599440141,208582.263824735,367.336735124409,0.00107446626494844
4791,152609.933497892,208972.941016612,3806.3254854962,-0.00960613409475207
4792,132036.31003593,206574.16127805,26778.7286860202,-0.0780069268697636
4793,153839.858836391,210442.736272439,1106.60489117034,-0.00191506995368653
4794,146445.993378648,206940.971581673,12002.2350396788,-0.0322577513758293
4795,142767.386759003,212743.618452797,9878.19478819973,-0.0299595502086303
4796,158304.610583801,217493.630617952,-10409.0412017527,0.0291008139143829
4797,160140.929191123,214865.034051171,-9616.76324229437,0.0278387295616153
4798,152069.95598941,214532.578677826,-1213.3346672359,0.00254697485793964
4799,151333.821880153,212234.973982208,1820.40413763898,-0.00571350078935817
4800,133064.708207888,198595.008258124,33729.4835339882,-0.0932034583295887
4801,163644.41265474,215203.358742838,-13458.5713975782,0.0399497714468887
4802,143112.30097791,203798.534809067,18478.3642130234,-0.0498026628458993
4803,175958.343545515,220635.942433045,-31205.08597856,0.0881729263181155
4804,162442.604246229,220619.797629696,-17673.2018759255,0.048768137383536
4805,149173.831101031,214921.431699762,1293.93719920696,-0.00608945142409262
4806,170020.248725676,234837.790796347,-39468.8395220233,0.10483681389917
4807,156982.825268038,217167.683837242,-8761.30910527991,0.0236097271652381
4808,152719.996808352,215934.274518059,-3265.07132641086,0.00806361312157156
4809,150339.524250158,209642.116897732,5407.55885210965,-0.0135920741023484
4810,151137.701413026,211872.371553733,2379.12703324022,-0.00675540073418449
4811,143195.653755741,221003.256339079,1190.28990517982,-0.00886315694078603
4812,146094.287616338,210490.894435047,8804.01794861536,-0.0256017876056878
4813,157721.516930971,212740.317524891,-5072.6344558617,0.0152491923387617
4814,155891.257116897,206191.833057049,3306.10982605402,-0.00671329502605685
4815,151069.809681675,208939.638865714,5379.7514526106,-0.0143087600875843
4816,156734.921618691,215993.932329707,-7339.65394839825,0.021036750702498
4817,161787.386084023,219094.200140396,-15492.3862244196,0.042876744761825
4818,169231.764757544,219812.826927216,-23655.3916847597,0.0674549766044764
4819,144911.718555743,204211.912227806,16265.5692164513,-0.0432682363036064
4820,146439.703136012,213199.181712452,5750.31515153567,-0.0174113513657446
4821,153412.440175398,216294.17189403,-4317.41206942842,0.0109725097969484
4822,149819.970558966,204577.146479065,10992.0829619691,-0.0289963220800413
4823,141632.419145477,208148.246311643,15608.5345428804,-0.0442492366813763
4824,159411.178252736,213807.244725752,-7829.22297848837,0.0228364096942778
4825,141438.731981818,206512.05854137,17438.4094768118,-0.0484481713169204
4826,134270.489905052,202026.722048791,29091.9880461569,-0.0811187677870648
4827,173910.328432463,215908.914062895,-24430.0424953584,0.0716258964852951
4828,157257.596076649,210775.312286702,-2643.70836335159,0.00918766134963646
4829,144393.954098751,207233.97512443,13761.2707768189,-0.037804056712026
4830,148107.711539399,216053.536680676,1227.95177992486,-0.00560268871850854
4831,153820.39512484,218766.490206885,-7197.68533172458,0.0177256591627809
4832,150548.308110673,207257.477594416,7583.41429491085,-0.0196198834225702
4833,178217.749706147,221959.452499969,-34788.0022061152,0.0994627312945084
4834,139745.35369645,203357.308369392,22286.5379341578,-0.0614259290651075
4835,160376.401104224,216861.533696572,-11848.7348007962,0.0333432331586246
4836,145900.467601446,206045.316703033,13443.4156955214,-0.035654412231452
4837,139964.643887783,205190.546370879,20234.0097413374,-0.0561242403838866
4838,161291.327961202,214973.177619515,-10875.3055807169,0.0314451175699754
4839,144645.784413196,203880.810882498,16862.6047043064,-0.0461462027295791
4840,168639.972765702,216676.005965812,-19926.7787315139,0.057374671752643
4841,140808.327881513,205498.934681488,19081.9374369989,-0.0534472285427741
4842,173313.207592356,241137.431660152,-49061.439252508,0.129950378917052
4843,155655.698155993,211739.46719308,-2005.96534907253,0.00667392061514573
4844,155599.229258648,211481.669581402,-1691.69884004974,0.00596813941514171
4845,151202.795940873,209508.198257197,4678.20580193034,-0.0121786626724703
4846,161110.211861125,217799.178531842,-13520.1903929667,0.0384069779913327
4847,157609.934892866,213654.207655357,-5874.9425482229,0.0170060991825833
4848,137661.363813492,205748.316542471,21979.5196440375,-0.0622704981490279
4849,151001.878045303,211356.996062725,3030.3258919724,-0.00805292454358266
4850,154585.758747955,213283.783181696,-2480.34192965052,0.00727987244505614
4851,160948.303030381,214771.746772631,-10330.8498030123,0.0295242190681171
4852,167829.395770779,219938.641455887,-22378.8372266662,0.0627423812188594
4853,159775.411622018,216185.548567789,-10571.7601898078,0.0295394843438533
4854,158214.93390617,226401.694998329,-19227.4289044992,0.0503287078342484
4855,151421.216552581,212626.622334436,1341.36111298337,-0.00372878901729865
4856,162463.391525547,222022.768512478,-19096.960038025,0.0516465872437045
4857,131676.619151511,197320.775579307,36391.8052691823,-0.100187835889425
4858,142619.477798924,207029.577047201,15740.1451538748,-0.0438390494973419
4859,150510.570776645,207912.420878166,6966.20834518981,-0.0184034104446102
4860,153137.990827863,213848.274288524,-1597.06511638657,0.00394900256716694
4861,146162.189022222,203929.129935083,15297.8810426949,-0.0413611342726941
4862,145558.107682102,210879.317876851,8951.7744410474,-0.02603146808401
4863,152679.763503528,206088.809215584,6620.62728088821,-0.0165871351899368
4864,150935.091190044,210270.426260759,4183.68254919682,-0.0106943338444813
4865,133480.127626733,202639.371355478,29269.7010177894,-0.0827439662890668
4866,159792.179971005,223742.027041448,-18145.0070124529,0.0482409022706698
4867,175108.165393226,222720.251689052,-32439.2170822778,0.0913556199259675
4868,164921.380074211,216745.177401614,-16277.3574758244,0.0461556691430273
4869,151218.31300529,211501.959241415,2668.92775329464,-0.00656876138703206
4870,159311.329933327,210579.530045924,-4501.65997925104,0.0151837372529787
4871,141865.429070658,209303.11924166,14220.6516876818,-0.0412179970062499
4872,161794.525513806,215874.439147495,-12279.7646613017,0.035460146624024
4873,155375.653711189,212163.500522827,-2149.95423401525,0.00685106607101393
4874,140665.944927526,203095.689857409,21627.565215066,-0.0591503677106164
4875,145071.712791941,205230.908847962,15086.5783600976,-0.0404822738195847
4876,132758.485216411,199069.854780487,33560.8600031029,-0.093114150238633
4877,149240.697109706,208513.282797178,7635.22009311622,-0.01989739920026
4878,156594.992015039,212997.868881728,-4203.66089676681,0.0120993575714078
4879,149810.670371544,209485.849042012,6092.68058644468,-0.0174753164087772
4880,169174.026703087,217691.08401228,-21475.9107153672,0.0608191106314868
4881,134716.652240905,194677.133883389,35995.4138757058,-0.0982066878991796
4882,153337.128348239,210859.702687669,1192.36896409217,-0.00193325617989149
4883,161629.711448859,218389.10376612,-14629.6152149789,0.0408384714915471
4884,140141.32197072,202736.979548599,22510.8984806804,-0.0624531381747607
4885,153789.986505365,211286.329975092,312.883519543044,-0.000210919368555808
4886,153226.277759149,212065.718736911,97.2035039399634,-0.000200682181212271
4887,158507.797206497,213183.187635285,-6301.78484178119,0.0186701064113103
4888,145961.319846886,206272.026454091,13155.8536990236,-0.0357823163053399
4889,152665.2878826,213537.446895786,-813.534778386413,0.00234932889468111
4890,154774.905697354,210424.604353784,189.689948861545,0.000722500056407296
4891,156211.439822484,208650.993278843,526.766898672504,0.000999403597053875
4892,130379.305616851,195562.173680652,39447.7207024977,-0.108635976835318
4893,153982.933702895,218205.680660844,-6799.41436373908,0.0184873813795728
4894,122655.242148076,188048.469261169,54685.4885907548,-0.150304282924571
4895,142313.215135647,205547.103604699,17528.8812596546,-0.048398403658008
4896,151622.529969755,212003.684452537,1762.98557770846,-0.00420545807714189
4897,152256.863682752,213709.996137282,-577.659820034518,0.00131666589841645
4898,152475.157307668,211061.127400014,1852.91529231746,-0.00435742741935545
4899,143049.261665766,204216.5467091,18123.3916251341,-0.0490999202452255
4900,163835.223105006,213704.102691714,-12150.1257967201,0.0364231040179289
4901,161593.103696965,229977.327603453,-26181.2313004179,0.0676387096832087
4902,153167.50245856,216968.202386182,-4746.50484474137,0.0113410575832706
4903,158943.786128089,212800.77355062,-6355.35967870901,0.0183553571497385
4904,155106.868020179,209644.773132546,637.55884727498,-9.72770115735641e-05
4905,167633.410513737,236117.628670121,-38361.8391838582,0.101546811391163
4906,143182.501852127,203209.439187399,18997.2589604738,-0.0518257089727629
4907,136367.64057417,204502.963131473,24518.596294357,-0.0693143228333665
4908,152519.410070215,211126.08912021,1743.70080957568,-0.00435825778971244
4909,150177.479044222,208018.492447025,7193.22850875382,-0.0189820764702819
4910,160592.689803658,218635.616158826,-13839.1059624839,0.0372412373077309
4911,146053.724318849,207994.780119672,11340.6955614798,-0.0309639520499492
4912,148186.697766453,207342.710316292,9859.79191725474,-0.0263721412783076
4913,141483.955882268,209442.041796671,14463.2023210609,-0.0409546907586611
4914,154942.001214714,208929.435978711,1517.76280657499,-0.00200130192491109
4915,163278.621065192,215435.211524558,-13324.6325897492,0.0384682968538195
4916,175558.640251237,226258.213298896,-36427.6535501325,0.101351945275749
4917,156384.124351077,213982.216400393,-4977.14075146953,0.0146419827301778
4918,163450.769584971,212097.499397303,-10159.068982274,0.0311035520379194
4919,162785.821977568,225639.605449749,-23036.2274273167,0.0625667595976071
4920,138969.693661268,202822.996062115,23596.5102766164,-0.0652071035430991
4921,155764.784528279,216433.750831325,-6809.33535960357,0.0183667703853145
4922,155614.237269782,216404.263347458,-6629.30061723961,0.0170068745563052
4923,163552.977059124,217427.819554688,-15591.5966138121,0.0447507075958502
4924,149704.851324712,212475.17790267,3209.17077261774,-0.00937593743130372
4925,164370.852978541,222278.033142957,-21259.6861214977,0.0574752007515171
4926,151190.880486935,211569.135606413,2629.18390665256,-0.00687670756644339
4927,154094.265159492,214244.070254274,-2949.13541376585,0.00801055564705008
4928,153510.184548842,226187.41060698,-14308.395155822,0.0349660398494675
4929,133835.385197834,199867.080393372,31686.7344087943,-0.0870026723250226
4930,154908.515860804,212934.236119184,-2453.55197998782,0.00757728041824828
4931,143438.836485963,208978.606303098,12971.7572109396,-0.0371865987164231
4932,143561.605691786,209695.714851719,12131.8794564944,-0.0346569291655868
4933,137900.739103795,204731.602226006,22756.8586701985,-0.0636497912553778
4934,167344.816193889,218622.276935853,-20577.8931297418,0.0588550702593809
4935,157059.2500918,220263.141637681,-11933.1917294816,0.0299081646161912
4936,135116.96518253,206141.838528009,24130.396289461,-0.0691515244060197
4937,146703.283093552,214367.928800531,4317.98810591747,-0.0146596741263539
4938,143132.161006285,205602.995150519,16654.0438431961,-0.0458391687405701
4939,135464.980466048,195068.658370908,34855.5611630437,-0.095234471892749
4940,167005.617558138,218905.795350383,-20522.212908521,0.05799020672057
4941,144921.89939064,207740.381151376,12726.9194579843,-0.0355048884416188
4942,156154.45319156,207348.931733834,1885.81507460662,-0.00219987646555899
4943,165757.934884633,226847.906480908,-27216.6413655406,0.0728696131200867
4944,171067.522914591,216760.004752933,-22438.3276675245,0.064924507949279
4945,157733.667129819,209876.733608712,-2221.2007385316,0.008442797119891
4946,146618.260838823,205409.024509261,13361.9146519161,-0.0358188669296423
4947,146382.322829408,220821.435713261,-1814.55854266876,9.78849829151208e-05
4948,161379.169384625,214935.216386108,-10925.1857707331,0.0311922028279218
4949,151153.946305539,208684.019809764,5551.23388469638,-0.0147590279762528
4950,181211.707517866,234096.573679355,-49919.0811972202,0.138022485073213
4951,170423.580292446,223721.645531757,-28756.0258242029,0.0805561254130243
4952,154436.416764275,216572.135803959,-5619.35256823379,0.0145610587756164
4953,136031.580008578,204834.949010011,24522.6709814107,-0.0696747872188252
4954,136733.445555554,206609.382612654,22046.3718317917,-0.0625987754994713
4955,173023.658329383,224105.326060318,-31739.7843897013,0.0889086456202778
4956,138106.917080914,205836.647685441,21445.6352336446,-0.0600874736343838
4957,164614.391382563,216992.712695939,-16217.9040785026,0.046998077561804
4958,156942.20198745,219659.311165004,-11212.3131524546,0.0296363852980051
4959,150435.114341783,220686.285280429,-5732.19962221262,0.0109804968646111
4960,140099.395125973,205678.637014382,19611.1678596452,-0.0549874451765353
4961,152251.430773677,213479.663443653,-341.894217329333,0.000231325263609967
4962,143379.260009055,209943.944199959,12065.9957909868,-0.0352693306982935
4963,149266.276905171,210169.142199596,5953.78089523345,-0.0168650795966424
4964,153410.369762379,212084.202154711,-105.371917089506,0.000961339492387198
4965,144357.1485303,209080.911007515,11951.1404621846,-0.03381144198445
4966,177716.009093692,224712.880085648,-37039.6891793401,0.104465997526988
4967,167281.181603832,221777.750216548,-23669.7318203798,0.0648993628576602
4968,149141.575949363,210401.437171775,5846.18687886186,-0.0159807255497649
4969,161365.871548138,219833.66497779,-15810.3365259279,0.0436382876001286
4970,158586.198877542,223686.57343074,-16883.5723082823,0.0436491818416539
4971,149868.673673668,213658.486876639,1862.03944969334,-0.00662209738172029
4972,152844.906022516,209648.821745441,2895.47223204264,-0.00694429620087373
4973,164934.580052424,225026.211858154,-24571.5919105774,0.0669301985244048
4974,148043.737987909,212780.934505007,4564.52750708471,-0.013813018792281
4975,137286.916526268,202313.569136236,25788.7143374964,-0.0707730021518741
4976,142097.160125497,206255.583303656,17036.4565708466,-0.0469092606309978
4977,147581.012176254,206794.527837496,11013.6599862504,-0.0297740079141297
4978,143818.894489687,204230.72994227,17339.5755680424,-0.0471744217679039
4979,182021.463259644,225672.61750878,-42304.8807684241,0.119996852862091
4980,137185.41049442,200194.740706173,28009.0487994069,-0.07660791622829
4981,149145.168752043,206507.53852958,9736.49271837767,-0.0258390464318609
4982,161416.627715237,214365.946112209,-10393.3738274458,0.0289377283070377
4983,148456.400696401,208444.46446172,8488.33484187839,-0.0232632143859595
4984,154290.202915246,213714.622014912,-2615.62493015762,0.00701270117055627
4985,139279.591210332,200033.579866962,26076.0289227059,-0.0713274894445277
4986,153113.897434569,212410.238804543,-134.936239111179,7.90915441165362e-05
4987,149436.621600902,213753.296852554,2199.28154654417,-0.00774702888217007
4988,157712.545024324,219687.676576592,-12011.0216009159,0.0315205716905988
4989,147659.469706944,205840.770073766,11888.9602192901,-0.0314284949049781
4990,161859.183701863,219425.597610537,-15895.5813124003,0.0435325995572833
4991,147209.803123601,217657.82108516,521.575791239564,-0.00477429806527343
4992,173158.330668374,217563.248419014,-25332.3790873878,0.0730455520144188
4993,163838.751923932,223193.763357697,-21643.3152816297,0.0591005385825948
4994,143450.327849858,204112.557899013,17826.314251129,-0.0489130196017292
4995,165370.072207026,214948.109602416,-14928.9818094418,0.0440296481196675
4996,158640.419072013,215817.974435472,-9069.19350748585,0.0256910117008077
4997,174376.137624122,220209.462796795,-29196.4004209171,0.0839477265724819
4998,160204.269007372,214185.340824963,-9000.40983233432,0.0263257687955551
4999,156592.893254442,211114.770610036,-2318.46386447811,0.00850798563924023
5000,140210.095636596,206235.149837401,18943.9545260028,-0.0527154351722935
5001,157831.619201473,221858.102633017,-14300.5218344903,0.0382217605649377
5002,164783.440617434,217095.312469121,-16489.5530865546,0.0466688699127017
5003,141269.969941991,201093.863964378,23025.366093631,-0.0622874342439327
5004,155227.354720139,217665.496445512,-7503.65116565156,0.0203082220905608
5005,153704.465152915,212206.514466797,-521.7796197118,0.0020448985483486
5006,160560.667912052,222825.130426157,-17996.5983382094,0.048331130788034
5007,145333.862910408,210254.272457411,9801.06463218137,-0.0273290855479436
5008,152768.321838254,214393.269175028,-1772.39101328206,0.00427777968000616
5009,170219.440697751,216558.50838562,-21388.7490833713,0.0617560297951709
5010,143117.140254066,209847.74254167,12424.3172042634,-0.0355667896294503
5011,161877.13644115,219572.208640446,-16060.145081596,0.0443170129631988
5012,162065.066507944,215495.921843469,-12171.7883514134,0.0354321997815396
5013,151652.297110824,214793.296067506,-1056.39317833009,0.00211310583559485
5014,155412.933948311,216262.61253402,-6286.34648233058,0.0169539866345964
5015,141082.677476815,210414.707970652,13891.8145525323,-0.0404129466243246
5016,138578.876910399,211553.551757519,15256.7713320823,-0.0454890593902977
5017,151849.714242291,211528.625032705,2010.86072500428,-0.0052696591216799
5018,143360.84102586,208821.217411937,13207.1415622029,-0.0375184239743178
5019,150741.771663885,206584.573113755,8062.85522236058,-0.0205345672440784
5020,146496.504278083,207821.663493009,11071.0322289088,-0.0298700665267296
5021,141702.278865865,207558.593434286,16128.3276998486,-0.0449011290745292
5022,130995.07280743,207288.003871037,27106.123321533,-0.0790790880005888
5023,159607.5165994,214337.741997712,-8556.05859711213,0.0253908504530186
5024,168867.79191846,222722.37710604,-26200.9690245005,0.072533181500459
5025,156449.01133796,217663.411477217,-8723.222815177,0.0231700402637757
5026,145916.992610607,207750.553344274,11721.6540451189,-0.0318230790106263
5027,159699.700030837,214416.925707345,-8727.42573818221,0.0252373249543189
5028,157262.353039875,213018.125668089,-4891.27870796394,0.0156182953603979
5029,156192.838637413,213369.253829197,-4172.89246660995,0.0127875081243603
5030,156944.165792008,220158.376066295,-11713.3418583035,0.0308684851207916
5031,169728.845875258,225273.262286301,-29612.9081615593,0.08126989163201
5032,131709.705254926,200111.140346915,33568.3543981596,-0.093540778940611
5033,146355.119188536,203502.071550913,15532.0092605508,-0.0414758998752777
5034,155742.893039635,214051.550086564,-4405.24312619917,0.0122604251862212
5035,133627.178964943,198027.458969706,33734.5620653512,-0.0928496103923376
5036,152654.618504832,207078.882545667,5655.69894950045,-0.0136478136008493
5037,152028.88326008,207956.995112524,5403.32162739604,-0.0133482587042791
5038,123756.141575255,196077.784506399,45555.273918346,-0.126918800675878
5039,147255.935287831,211563.306497915,6569.95821425394,-0.0194017629616219
5040,141303.398997283,209846.491839866,14239.3091628509,-0.0415271385630485
5041,139024.501251503,207861.670258398,18503.0284900996,-0.0530210603787996
5042,155243.702703616,210639.917489741,-494.420193357102,0.00193481855696474
5043,142697.977336503,202986.975431541,19704.2472319555,-0.0529514459733909
5044,153476.017574137,224596.620241984,-12683.4378161211,0.0301818080676949
5045,171296.324990196,221555.846885045,-27462.9718752404,0.0769291031106097
5046,145473.870184942,207130.980590808,12784.3492242499,-0.035512364837966
5047,147774.504925118,205295.34433783,12319.3507370524,-0.0328695687732288
5048,146919.889588122,221199.752112888,-2730.44170101004,0.00254598196484116
5049,162797.632568346,224699.715776812,-22108.1483451581,0.0597700558692594
5050,148199.744138432,209264.994164661,7924.46169690648,-0.0219688978451501
5051,150111.340967326,211537.033471556,3740.8255611179,-0.0106954144683895
5052,156247.238606265,212620.12153449,-3478.16014075436,0.0109076759440808
5053,162826.234990467,218314.970394301,-15752.0053847673,0.0439540734921619
5054,165152.812738488,219926.061357143,-19689.6740956313,0.0552980042568492
5055,147707.385967098,208593.821287508,9087.99274539377,-0.0248497903112905
5056,163210.911566932,218624.833824315,-16446.5453912466,0.0466174336260558
5057,155328.210667417,209377.1866648,683.802667783515,0.000170387942902005
5058,154793.920235764,208727.95708186,1867.32268237654,-0.00337750407023387
5059,135127.148236608,203649.749274098,26612.3024892939,-0.0738126871213105
5060,161585.648561792,225580.354981031,-21776.8035428235,0.0574261531567653
5061,146431.841661521,206954.708776458,12002.6495620211,-0.0330621914028026
5062,143219.804386263,206005.862801655,16163.5328120817,-0.0444814473029021
5063,148900.574122438,210616.260927926,5872.36494963657,-0.0162225076747977
5064,161980.406004425,215225.710284115,-11816.9162885403,0.0341033288933197
5065,168620.446070943,222367.450030284,-25598.6961012266,0.0706412151303179
5066,159968.003218651,210326.387192636,-4905.19041128678,0.0159658867829195
5067,141139.251676505,210886.022128104,13363.9261953903,-0.0394139564349996
5068,154259.277475608,214829.117903143,-3699.19537875045,0.0107107511013238
5069,144922.764137215,213213.965122939,7252.47073984571,-0.021931034664118
5070,160269.763103117,213390.515882735,-8271.0789858526,0.0246673617842646
5071,147814.946040321,207738.810343427,9835.44361625187,-0.0262398957733224
5072,153633.190967995,212082.890791946,-326.881759941287,0.0016445163653444
5073,147816.677494783,203330.829845001,14241.6926602156,-0.0369985140078375
5074,159914.285326896,216812.854966098,-11337.9402929936,0.032282240517719
5075,159958.493793415,226990.405311931,-21559.6991053456,0.0553338905382286
5076,166979.329464096,227408.431217472,-28998.560681568,0.0782453560973663
5077,157679.787607505,219481.840340746,-11772.4279482507,0.0313511742168645
5078,139340.602567582,198105.356949009,27943.2404834096,-0.0748895766024431
5079,142584.746603282,203924.780847805,18879.6725489137,-0.0517109045755285
5080,146601.779132611,217618.155384056,1169.2654833328,-0.00677480685356795
5081,168405.860448896,221010.742317086,-24027.4027659823,0.0668286353617377
5082,153462.756287364,212835.347179041,-908.903466405463,0.00236869813036968
5083,155597.220602357,216674.951785103,-6882.97238746035,0.0184247404363362
5084,149863.391656961,215626.03023904,-100.221896000963,-0.00184757511756167
5085,156874.992072525,215860.695961383,-7346.48803390737,0.0205678005347748
5086,147982.299668488,221939.839476538,-4532.9391450265,0.00834208226363024
5087,136699.345704324,200747.523343365,27942.3309523109,-0.0768684690547397
5088,135933.325660243,206013.742762306,23442.131577451,-0.0660268410689675
5089,143423.61703682,210786.15058939,11179.4323737901,-0.032015134556124
5090,157214.161488197,214361.733315102,-6186.69480329857,0.0176289242944888
5091,141871.50814193,210247.551714822,13270.1401432475,-0.0380108079047606
5092,153246.156136018,209303.22680917,2839.81705481187,-0.00662099487015906
5093,152982.556999381,209524.825972856,2881.81702776288,-0.00652853909493622
5094,143939.48329765,205242.763152739,16206.9535496105,-0.0439182748088774
5095,155388.551169483,208125.524863356,1875.12396716041,-0.00313038537009008
5096,146257.261087524,207243.337138553,11888.601773923,-0.032435805043879
5097,147022.634205504,211646.98540245,6719.58039204689,-0.0195921181417344
5098,150464.913233937,215361.666159579,-437.379393515235,-0.000427641199898305
5099,162420.487026981,218014.803975693,-15046.0910026741,0.0422558394488143
5100,146021.426560034,203019.741238752,16348.0322012142,-0.0439263494550684
5101,147628.889412154,205773.359296555,11986.9512912908,-0.0316481278247094
5102,158817.806508852,217294.328831146,-10722.9353399983,0.0304697694717368
5103,154515.814362847,215340.408094012,-4467.0224568586,0.0122838822552804
5104,163226.704011084,216090.918635381,-13928.4226464646,0.0401677726026843
5105,157134.236003175,213261.162372062,-5006.1983752377,0.0152985037222958
5106,136809.913922638,206730.553480214,21848.7325971473,-0.0629409781647857
5107,138511.48675927,205571.211098748,21306.5021419822,-0.0589664691604005
5108,150450.449414308,212222.469046678,2716.28153901483,-0.00757520219836084
5109,161987.428170456,216473.498505096,-13071.7266755526,0.0369061867520466
5110,130836.406847028,201404.086368768,33148.706784204,-0.0933061881674803
5111,145392.638198454,204785.589225109,15210.9725764371,-0.0404002960481555
5112,141685.9597846,205429.609275718,18273.6309396821,-0.050647127976486
5113,160106.853004018,217308.838925683,-12026.4919297009,0.0341013878806953
5114,157880.858152603,212628.802164879,-5120.46031748212,0.0164025898385848
5115,149200.33850792,205765.602679539,10423.2588125409,-0.0272698469370155
5116,148299.177448533,204340.254506216,12749.7680452507,-0.0337391426579803
5117,159456.836660129,214658.633020519,-8726.26968064817,0.0256425620086707
5118,160994.878603582,217293.610612494,-12899.2892160758,0.0360011637099406
5119,143341.342976739,211148.098901771,10899.7581214901,-0.0312413974183033
5120,146410.829108117,206599.535379485,12378.8355123976,-0.0339953047755671
5121,140640.227742055,204092.986354711,20655.9859032342,-0.0570079247360642
5122,139044.773894126,210548.821960476,15795.6041453978,-0.0460541831559149
5123,151552.473640241,209327.067469324,4509.6588904353,-0.0118202630026441
5124,145641.156709705,208971.640712707,10776.4025775879,-0.0301143379060476
5125,156887.067314921,218225.328369097,-9723.19568401825,0.0260237348365878
5126,156691.801762154,212997.036129962,-4299.6378921158,0.0130975015035593
5127,159565.536474511,210764.260273602,-4940.59674811264,0.0162323229705211
5128,157159.394065746,214616.799108949,-6386.99317469494,0.0184837432095227
5129,156015.687628819,211837.284147419,-2463.77177623822,0.00873449382565938
5130,165068.826843475,216082.150650589,-15761.7774940646,0.0446814723909371
5131,165080.485199838,222059.392676182,-21750.6778760198,0.0591110391085422
5132,145023.760785252,210317.556099664,10047.8831150843,-0.0293472743957104
5133,173344.097626985,224341.190956101,-32296.088583086,0.0902866618685878
5134,147984.106451828,213123.878698167,4281.21485000465,-0.0127866102380699
5135,131756.452984274,199471.095245093,34161.6517706332,-0.0948184772722741
5136,140731.103237866,201057.424268575,23600.6724935595,-0.0637265758679636
5137,154199.183623344,210570.356421041,619.659955614887,0.000247654324804395
5138,153475.923782457,209801.062272264,2112.21394527878,-0.00418995235145191
5139,154611.730400099,213374.994013369,-2597.52441346803,0.00772596328717902
5140,159026.497580001,232529.149239751,-26166.4468197523,0.0664001529329019
5141,142007.801171699,201462.102358767,21919.2964695339,-0.0590475738249022
5142,152289.471963919,208501.430395921,4598.29764015914,-0.0116071655610435
5143,150998.222830633,209048.872529834,5342.10463953222,-0.0137001993648445
5144,158149.445213177,213655.404516094,-6415.64972927066,0.0182690838404355
5145,147411.268708805,204643.039239798,13334.8920513972,-0.0355076787528285
5146,142461.519067754,208909.430548909,14018.2503833369,-0.0391295345718639
5147,154406.910035517,208360.008168545,2622.28179593862,-0.00545834423138464
5148,167971.445353339,215205.264917963,-17787.5102713027,0.0518896397196722
5149,152371.370770324,208745.356610914,4272.4726187627,-0.0108009067602014
5150,154726.002492514,216340.81726474,-5677.6197572535,0.0153197758536944
5151,143026.854293198,205825.379263626,16536.9664431763,-0.0458405388866643
5152,150614.415690642,218398.858768147,-3624.07445878891,0.007051440642989
5153,151750.601512323,214028.053706893,-389.45521921519,0.000644068928344008
5154,142382.282700139,217634.129929688,5372.78737017274,-0.0204049662190005
5155,161691.789695508,215892.455544083,-12195.0452395917,0.0351548755363333
5156,175151.551458676,224489.579982758,-34251.9314414341,0.0971330537911284
5157,150260.702721902,208205.392902064,6923.1043760344,-0.0184499474988975
5158,167971.689133773,218875.385335888,-21457.8744696608,0.061034931519452
5159,157306.419230132,217872.895353513,-9790.11458364461,0.0269356136476954
5160,156303.827447296,214749.171888855,-5663.7993361507,0.016198823258638
5161,153875.458316766,213361.815230079,-1848.07354684517,0.00539352050390716
5162,159978.4073533,219171.813493491,-13761.020846791,0.0381323476929418
5163,151121.692242622,208000.513479285,6266.99427809339,-0.0160184017235971
5164,137962.160049636,211994.603290959,15432.4366594054,-0.0458919647872407
5165,163557.756057663,214662.862662667,-12831.4187203304,0.0376629404751522
5166,157826.411657883,208815.839329392,-1253.05098727503,0.00540054963537988
5167,149701.081256835,211264.367706496,4423.75103666843,-0.0130813259475277
5168,166806.557740146,215101.494154247,-16518.8518943934,0.0480089651476849
5169,137980.672781038,208250.777348422,19157.7498705399,-0.054937505978489
5170,149541.475474351,210239.383092131,5608.34143351793,-0.0145959856416489
5171,148163.073647988,208371.141022922,8854.98532909033,-0.0237878045391144
5172,135620.314201152,208797.371911539,20971.5138873093,-0.060338941785452
5173,141196.161632028,199893.980535536,24299.0578324357,-0.0666445891573575
5174,142545.742711877,206266.234668263,16577.2226198605,-0.0462350397694258
5175,156304.560932556,211614.102512354,-2529.46344490984,0.00772345778221227
5176,152838.828230386,211420.418680018,1129.95308959583,-0.00193671421768105
5177,180248.02964775,222694.251273022,-37553.0809207721,0.10642963770053
5178,150098.235687608,209158.7605656,6132.20374679123,-0.0168391177830586
5179,156880.340284339,218320.491573964,-9811.63185830245,0.0263270476142767
5180,147603.173042292,212471.92985811,5314.09709959774,-0.0157370194960494
5181,155066.067824978,213928.688182002,-3605.55600698007,0.0109495818169614
5182,166076.079124792,224354.555794918,-25041.4349197101,0.0689812753639241
5183,143924.171953679,205861.549316022,15603.4787302984,-0.0428346269312182
5184,146707.247628891,207075.712518838,11606.2398522717,-0.0311366808048393
5185,166406.771214366,223310.380264955,-24327.9514793213,0.0675303583480604
5186,160389.131424628,218465.952859946,-13465.8842845739,0.0371240482236306
5187,157966.792515827,214938.591002419,-7516.18351824564,0.0215225798840154
5188,166320.556676033,221852.003848372,-22783.3605244051,0.0631312378358877
5189,138851.254722244,206367.495695396,20170.4495823602,-0.0569935567320936
5190,163281.29675719,218367.072296142,-16259.1690533322,0.0458643034901749
5191,160801.178501939,226095.365015852,-21507.3435177908,0.0564956356484779
5192,150737.084197058,214111.230271061,540.885531880718,-0.00247927989544301
5193,167117.486981546,221034.40000102,-22762.6869825657,0.0629149127834839
5194,158380.643263563,213594.58935787,-6586.03262143326,0.0195608901667625
5195,137787.652127956,208611.956640084,18989.5912319597,-0.054454398400564
5196,149843.884800229,214157.241844163,1388.07335560798,-0.00492109951916048
5197,149646.148160391,212225.864701595,3517.18713801325,-0.0106259684434681
5198,153891.390108672,222504.576231745,-11006.766340417,0.0270159970384849
5199,152291.097376283,213084.015862675,14.0867610418354,-0.0004900067963887
5200,157103.017016605,218560.970976508,-10274.7879931128,0.0276479777743325
5201,138035.991766126,202912.460115768,24440.7481181056,-0.0673302754441581
5202,134121.488178389,201985.434886102,29282.2769355085,-0.0818437355708712
5203,154159.411486729,205806.759079711,5423.0294335591,-0.0113374407689708
5204,158666.405944243,217291.36564697,-10568.5715912131,0.0291473619445686
5205,146099.804062363,207168.719539928,12120.6763977083,-0.0329531662533343
5206,154819.662805905,222629.343276071,-12059.8060819758,0.0300612162641663
5207,157611.940564271,214097.52661571,-6320.2671799814,0.0186884777577981
5208,158499.670723256,213220.311940609,-6330.78266386536,0.0190101471880671
5209,162068.174617381,218045.706819233,-14724.6814366139,0.041007553663921
5210,156380.174987436,216081.621816322,-7072.59680375829,0.0187261183244333
5211,163179.894528816,217282.036052221,-15072.7305810367,0.0429932730415493
5212,153329.641970962,215143.804853329,-3084.24682429043,0.00783154080368421
5213,147421.228876769,205633.155822987,12334.8153002443,-0.0330197259847865
5214,149956.383210835,208226.56712109,7206.24966807436,-0.0192758685358964
5215,130842.29972115,205495.830443683,29051.0698351673,-0.0827789169830608
5216,151856.450132957,216037.748622485,-2504.99875544239,0.00617685211188865
5217,156144.790396119,209813.961470996,-569.551867115719,0.00361265837188906
5218,150318.903967706,204603.441425645,10466.8546066488,-0.0265033347230518
5219,143674.906256067,205602.847705872,16111.4460380613,-0.0436972279854029
5220,156610.733537597,210497.488423025,-1719.02196062123,0.00643562175769834
5221,145327.851651491,204194.391385987,15866.9569625217,-0.0426964438656671
5222,157030.367868939,216005.679143497,-7646.84701243625,0.0201663954262538
5223,134394.363535212,209409.772942571,21585.0635222176,-0.0625160137216193
5224,163287.745998353,223689.760000683,-21588.3059990354,0.0581191817513764
5225,151972.756037515,210306.216135696,3110.22782678984,-0.0081185131302584
5226,144200.169311021,203941.474643523,17247.5560454552,-0.0459443621483222
5227,158621.83105684,210780.852380742,-4013.48343758116,0.012959318550744
5228,134805.848953948,201595.71156634,28987.6394797121,-0.0813579446776663
5229,144747.636496356,201801.905426133,18839.6580775106,-0.0505480842208321
5230,142771.459700197,208706.310346936,13911.4299528669,-0.0397045642986977
5231,168544.178088145,232372.858425433,-35527.836513578,0.0953660754011742
5232,129428.803197113,195637.972106459,40322.4246964275,-0.111008802790453
5233,176400.444666826,220296.95810742,-31308.2027742458,0.0905123272366804
5234,133004.571162501,202780.275257773,29604.3535797267,-0.0826505114346967
5235,151491.04712348,214917.390270745,-1019.23739422526,0.00143529897937868
5236,145143.051852511,207278.674208309,12967.4739391796,-0.0359489128517427
5237,162437.363258885,220389.480010623,-17437.6432695087,0.0480233683113422
5238,154905.08361414,209409.181049602,1074.93533625704,-0.000640865124734465
5239,168149.849914359,216032.066026085,-18792.7159404439,0.0543760521540759
5240,165692.11379596,221049.80348813,-21352.7172840899,0.0590578829419924
5241,141291.383913915,200847.276594121,23250.5394919644,-0.0631255803716986
5242,157146.503560292,222476.355407069,-14233.6589673613,0.0377346884425079
5243,156942.80905322,209368.951461278,-922.560514497978,0.00450018166946247
5244,158168.725669455,216989.35057423,-9768.87624368578,0.0273882394445001
5245,160556.285077544,218329.583902036,-13496.6689795805,0.0371349113044581
5246,137223.330102149,202279.88885143,25885.9810464208,-0.0716505301748566
5247,153393.284239982,206090.170637052,5905.74512296624,-0.0139902205779018
5248,161194.369464009,214516.38512007,-10321.5545840789,0.0301377960780435
5249,159459.788517272,213409.961948534,-7480.55046580604,0.0220400625938907
5250,168107.816765202,221283.511457783,-24002.1282229855,0.067345844668556
5251,157267.529058887,210881.569782776,-2759.89884166239,0.00949191577809218
5252,146748.358239943,213586.397047801,5054.44471225573,-0.0154527166634223
5253,164995.747401898,223145.116347733,-22751.6637496309,0.0615862625923489
5254,158563.047411402,213080.871461592,-6254.7188729943,0.0187641651509658
5255,160270.01820219,222305.054913918,-17185.8731161075,0.0465313363909653
5256,147670.756982978,211462.591456731,6255.85156029143,-0.0178740946613353
5257,144340.178845078,209077.284467706,11971.736687216,-0.0334110927266392
5258,166604.666927416,222401.857359322,-23617.3242867385,0.0645841402442952
5259,136560.32820996,199165.120584505,29663.7512055347,-0.0812350115198689
5260,156140.425413626,213791.250354698,-4542.47576832428,0.0138630888015601
5261,150033.963095999,209889.434571574,5465.80233242695,-0.0145423080770646
5262,154502.418485027,213826.526242535,-2939.74472756131,0.00909527939612288
5263,172007.630507581,228915.998268063,-35534.4287756434,0.0977993410957345
5264,144045.310056011,211979.28689582,9364.6030481687,-0.0277150691297703
5265,136023.068440744,206047.315872542,23318.8156867134,-0.0653464938417451
5266,143763.547459986,203735.135317145,17890.5172228688,-0.0480788327269915
5267,152168.454895918,211419.487681383,1801.25742269843,-0.0045717383830309
5268,151722.538039108,211404.139392704,2262.52256818843,-0.00578509536542079
5269,158664.316604365,211276.629780339,-4551.74638470466,0.014176396445177
5270,153266.226927249,213224.815504658,-1101.84243190737,0.00339918311421561
5271,159070.214827417,212926.016833196,-6607.03166061256,0.0197265661449086
5272,161520.105418348,213732.334119655,-9863.23953800282,0.0292601188572017
5273,154433.225831383,212998.295386376,-2042.32121775934,0.00563562123799615
5274,150147.797510085,211440.135349727,3801.2671401882,-0.0116849640337567
5275,158657.399066523,213028.120071321,-6296.3191378442,0.0185086452721472
5276,134265.932703655,201737.564414682,29385.7028816634,-0.0826031516236524
5277,151315.139165427,214483.159640838,-409.098806265334,0.000820200342530898
5278,165217.599314914,216075.086294579,-15903.4856094926,0.0456561193951953
5279,155631.701370316,208073.129375416,1684.36925426777,-0.00259625415239501
5280,156388.428081854,208605.586726002,395.185192144942,0.000868948309007031
5281,152551.768935522,212002.652183523,834.778880954604,-0.00158223862836673
5282,153958.020121091,209270.554250266,2160.62562864274,-0.00437026933893666
5283,165608.749765621,216908.63340066,-17128.183166281,0.0485699363206578
5284,151141.327703031,210063.689934062,4184.18236290716,-0.0106455063655732
5285,151811.757205365,217354.87517788,-3777.43238324422,0.00878611318398707
5286,154467.554864211,216255.176882306,-5333.53174651723,0.0135824416711689
5287,137671.67099839,200994.801558839,26722.7274427713,-0.0735919301570205
5288,145787.877102854,203814.640402719,15786.6824944271,-0.0419989885081469
5289,166974.651718157,216782.422373682,-18367.8740918381,0.0525564571810789
5290,143442.534909107,204707.857805251,17238.8072856417,-0.0465665220678346
5291,143330.697167391,205041.759466005,17016.7433666044,-0.0460108061006955
5292,155700.449600662,212094.878156791,-2406.12775745365,0.0066471797820898
5293,151675.213437598,210741.363863792,2972.62269861042,-0.0069698249540066
5294,157754.283522734,213368.94259566,-5734.02611839387,0.0171579761859228
5295,140347.622791231,200171.142510477,24870.4346982913,-0.0674526254439161
5296,147453.210825706,205429.040650016,12506.9485242771,-0.0333715231472398
5297,136973.056731883,198669.672494742,29746.4707733745,-0.081427386504802
5298,171890.002040801,220772.393068144,-27273.1951089452,0.0773106284676802
5299,149288.440655003,206494.98631744,9605.77302755701,-0.0252322104731479
5300,147248.880861241,214702.141290418,3438.17784834112,-0.0123246209495617
5301,162832.237129899,211728.80828647,-9171.84541636845,0.0288563510585974
5302,149855.883503137,212484.009653677,3049.30684318655,-0.00883072062175906
5303,153154.940342469,208259.412757721,3974.84689981071,-0.00979197505876529
5304,153882.00492679,206459.868819235,5047.32625397487,-0.0120009496548904
5305,162154.45456234,218524.694825596,-15289.9493879356,0.0427749012833872
5306,156209.894078729,212391.522534041,-3212.21661276993,0.0102261400715453
5307,171740.582329189,219390.200311315,-25741.5826405038,0.0729563579694251
5308,154784.84124628,216742.999640699,-6138.6408869786,0.0172202799490902
5309,143437.784868278,201333.19829751,20618.2168342124,-0.0555830936809299
5310,154649.963748696,213270.323061363,-2531.08681005944,0.00762559453047002
5311,154069.049242608,208215.250940989,3104.89981640218,-0.00663397703292522
5312,153836.692620909,211155.756411809,396.750967281812,-0.000140061000431397
5313,145162.7343686,205944.41269856,14282.0529328396,-0.0391797130682654
5314,165866.8473513,222201.378112121,-22679.0254634212,0.0624053109457888
5315,165351.101061245,220502.616128652,-20464.5171898971,0.057965379518893
5316,139115.655467543,203533.471046997,22740.0734854598,-0.0634472544683408
5317,163942.721557288,221044.89730639,-19598.418863678,0.053136482837834
5318,134499.350627436,199709.875701971,31179.9736705929,-0.0862393139681296
5319,157988.194867488,224138.925709411,-16737.9205768989,0.0427441781474641
5320,146852.154819128,214492.739930955,4044.30524991709,-0.0131295070213817
5321,137168.350672562,198679.22909615,29541.6202312877,-0.0811956006442757
5322,154927.32577382,207613.894637103,2847.97958907718,-0.00558224377877021
5323,168544.915655176,218291.807444893,-21447.5231000694,0.0609104256557693
5324,136490.98486867,200842.656595517,28055.5585358134,-0.0774916161436013
5325,152026.903300451,214116.493707852,-754.19700830389,0.00109158117438173
5326,159235.693507247,216703.997100146,-10550.4906073934,0.0295822459597449
5327,156730.82326205,218823.418999752,-10165.0422618014,0.0268241062084172
5328,148806.461330924,205692.164047919,10890.5746211567,-0.0288929407976028
5329,148796.109319932,222534.825689636,-5941.73500956822,0.0112755604291046
5330,147363.315219689,207580.10665468,10445.7781256311,-0.0280333413851265
5331,152190.313685893,213553.180184205,-354.29387009819,0.000583734623206922
5332,156569.749767311,220950.338986966,-12130.8887542768,0.0308630916142024
5333,156556.071927116,215168.019641444,-6334.8915685601,0.0171758771358631
5334,134277.621986221,198808.262939911,32303.3150738682,-0.0890488938835796
5335,158185.763780829,215589.064269462,-8385.62805029057,0.0236430113374726
5336,145698.046294939,203270.387456705,16420.7662483558,-0.0431070281866491
5337,156880.086102274,215858.129809846,-7349.01591212023,0.0205938148229743
5338,162120.187400236,215586.530745697,-12317.5181459326,0.0356550063586351
5339,141034.11040495,206207.996562432,18147.0930326175,-0.0501502771165765
5340,156357.10124352,218362.835910563,-9330.73715408315,0.0250660555439344
5341,158170.591321448,214247.683877604,-7029.07519905112,0.0203129950976968
5342,167873.156801225,229522.451072217,-32006.4078734423,0.0864671447489673
5343,153162.26273973,213052.702783256,-825.765522986127,0.00151000197742468
5344,160986.973690961,225073.271436324,-20671.0451272847,0.0549322229440998
5345,150622.782709729,209330.954852263,5435.46243800799,-0.0141555340314423
5346,156885.533021758,222655.010127913,-14151.3431496716,0.0369030015644373
5347,135228.610553132,204891.43780483,25269.1516420383,-0.0713839120541944
5348,135945.494799761,203840.114277391,25603.590922848,-0.0718172620973436
5349,143465.009121728,206157.991043621,15766.199834651,-0.0431790630836275
5350,166036.462643751,223477.036498078,-24124.299141829,0.0658946186004493
5351,148018.523491388,205183.621325631,12187.0551829813,-0.0329614552103501
5352,138895.612433851,201027.297938183,25466.2896279651,-0.0696016965240635
5353,133046.999360848,199812.599458841,32529.6011803116,-0.0902223303942137
5354,149660.245251126,207665.429360627,8063.52538824693,-0.0216585107993
5355,159707.520983165,212569.479763805,-6887.8007469697,0.0202673353538157
5356,157967.121020767,215438.142225039,-8016.06324580609,0.0228320671199832
5357,153559.668301515,215095.127992926,-3265.5962944405,0.00866786814049537
5358,127539.495461157,197399.286539469,40450.4179993737,-0.112633608329733
5359,165859.346594307,210955.30058792,-11425.4471822269,0.0349011980555909
5360,141610.347881732,203197.331511966,20581.5206063016,-0.0559936781607946
5361,134210.482097784,198893.550440878,32285.1674613383,-0.0881097299578906
5362,172885.679933388,221508.773787939,-29005.2537213272,0.0824891043132665
5363,158270.690073743,211835.876920377,-4717.36699411966,0.0145432451357174
5364,165362.265192699,214406.407891937,-14379.4730846367,0.0415866155017248
5365,159016.819851905,218131.433777167,-11759.0536290724,0.0320444275767256
5366,153930.873255949,218090.788343391,-6632.46159933985,0.0166526443806618
5367,167248.411916187,224182.042034279,-26041.2539504656,0.0710220175907264
5368,154228.615481687,209591.548408473,1569.03610984067,-0.00256695607224358
5369,161096.701945957,222400.088566797,-18107.5905127539,0.0490958413483524
5370,145441.856633163,208219.446483999,11727.8968828382,-0.0314658807138452
5371,132487.174555568,201122.152310623,31779.873133809,-0.0892059775868529
5372,161990.580334725,213696.62052411,-10298.0008588352,0.030918440780469
5373,172709.476070708,220828.328455542,-28148.60452625,0.0804052630542016
5374,155724.36933154,209661.693439011,3.13722944963956,0.00147931771627636
5375,155469.779823059,211252.502023139,-1333.08184619824,0.00510423466109715
5376,148822.695648973,212670.154815799,3896.34953522874,-0.0125521977895635
5377,149147.797189122,209907.848839315,6333.5539715637,-0.016793578036878
5378,152537.223795162,212189.794816161,662.181388677855,-0.00194876512113836
5379,160074.753332822,222203.724695139,-16889.2780279617,0.0446996691124674
5380,150369.839111756,211951.423440541,3067.93744770362,-0.00825210957974114
5381,161162.241218571,210418.748904578,-6191.79012314876,0.0201907382993556
5382,131739.362933222,195542.078409954,38107.7586568238,-0.10461812330315
5383,138379.217207542,200833.097839709,26176.8849527491,-0.071751557496517
5384,158421.756100735,224674.508961391,-17707.0650621266,0.0447258913960659
5385,143117.418704204,215686.805651826,6584.97564396943,-0.0217277881627589
5386,159823.540249111,214815.654100902,-9249.99435001303,0.0269284361060118
5387,160528.886069796,218581.534080544,-13721.2201503393,0.0387306143926603
5388,159747.533938293,213415.836758764,-7774.17069705692,0.0239590585951794
5389,144452.426321483,207778.44857632,13158.3251021969,-0.0363640149025427
5390,140754.568172168,204260.740142158,20373.8916856742,-0.0562391805559176
5391,143978.177478439,203945.101002901,17465.92151866,-0.0478612616748747
5392,144923.901570678,207064.330322035,13400.9681072876,-0.03696588779771
5393,155344.595014718,211694.467596654,-1649.86261137208,0.00567702518284771
5394,165164.585397411,225097.825596547,-24873.2109939579,0.0687310941555044
5395,164147.966350996,225178.716750083,-23937.4831010795,0.0650022054167439
5396,161235.380245409,219844.393781661,-15690.5740270698,0.0435256642936012
5397,141157.816010749,202733.062980378,21498.321008873,-0.0584192960664949
5398,161709.757050372,210263.285740976,-6583.84279134736,0.0209072715253135
5399,138928.486789322,208446.457757181,18014.2554534969,-0.0513510654655568
5400,131603.183760656,192905.607563474,40880.4086758698,-0.111209687801683
5401,155899.839997981,212346.756973439,-2857.39697141998,0.00878676748533959
5402,149431.386790499,211495.374250492,4462.43895900907,-0.0122849531637615
5403,154017.690729257,216479.382585586,-5107.87331484334,0.0135955563863672
5404,158135.348902715,226150.789015444,-18896.9379181592,0.0486531054915712
5405,153977.697838647,213334.562706665,-1923.06054531201,0.00595084176019411
5406,164361.114858289,227325.285886112,-26297.2007444017,0.0695793086457386
5407,151707.425727197,206243.487944574,7438.28632822871,-0.0188908758873326
5408,155533.401916545,214333.92842659,-4478.13034313516,0.0136992724538416
5409,149611.236288927,204312.680619067,11465.2830920052,-0.029337227540687
5410,156114.27356323,204833.590267947,4441.33616882301,-0.0087496633473185
5411,166106.132912497,218172.259617426,-18889.1925299233,0.0541514657018323
5412,161722.031652822,219297.444804492,-15630.2764573143,0.0433746851823378
5413,142797.945303151,204462.814943751,18128.4397530979,-0.0492633026987156
5414,146350.374706897,208017.819271897,11021.0060212057,-0.0298857188100989
5415,141771.143744039,215639.860497279,7978.19575868157,-0.0263726331355993
5416,158035.561208053,211741.551778519,-4387.91298657155,0.013128845452218
5417,151352.849755044,206692.694658211,7343.65558674472,-0.0182858583842476
5418,153321.062233522,206564.803263169,5503.33450330893,-0.0128344333725121
5419,148169.221676119,214629.495753073,2590.48257080821,-0.00848797141506931
5420,153341.487854789,222017.768333132,-9970.05618792115,0.0244945601112139
5421,153161.620323433,216988.821988247,-4761.24231167993,0.0126791609836782
5422,146821.606601244,211670.510879259,6897.08251949743,-0.0199734913380622
5423,155493.896720278,212513.977814031,-2618.67453430936,0.00855743313695501
5424,162712.067025984,222701.676618329,-20024.5436443131,0.054577816060814
5425,148643.837139321,207032.681422195,9712.68143848394,-0.0251764356976746
5426,142912.203032911,202638.632965427,19838.3640016619,-0.0538692353466435
5427,136969.875642416,205711.686664228,22707.6376933558,-0.0642852177571516
5428,159564.857127729,215252.831121319,-9428.48824904778,0.0274130204754277
5429,175905.536402706,219843.789318972,-30360.1257216778,0.0874332794153122
5430,174284.837120056,227043.496926106,-35939.1340461616,0.0995497368151887
5431,149724.069300497,210991.591648915,4673.53905058774,-0.0131408578766913
5432,151345.909425878,214687.636634825,-644.346060702752,0.00114480752643391
5433,147681.787968675,210366.077757578,7341.33427374664,-0.019589750145638
5434,155582.308636089,210456.731280383,-649.839916471683,0.00350918770153296
5435,165213.011328927,218631.863053583,-18455.6743825105,0.0520914938457232
5436,151352.323580626,203681.693784708,10355.1826346665,-0.0256489950221498
5437,154051.237687273,214359.987211854,-3022.02489912725,0.00797314444506287
5438,167874.358492973,215890.888147137,-18376.0466401098,0.0529208656762806
5439,150561.607385802,210050.913304135,4776.67931006331,-0.0120987057451225
5440,150672.896791693,207453.615131247,7262.68807705998,-0.0186006692396074
5441,156008.678501482,218220.696861083,-8840.17536256561,0.0232460489246814
5442,154896.188641137,222988.705641793,-12495.6942829297,0.0311243064485452
5443,138981.51941058,202072.486798869,24335.193790551,-0.0663085886045343
5444,158201.998762498,220309.133997181,-13121.9327596789,0.0345813145813545
5445,145469.899096522,207071.962218038,12847.3386854399,-0.0345604644400531
5446,153110.455575983,212997.758809386,-719.014385369199,0.00200410767164836
5447,132357.046218783,196816.559308498,36215.5944727185,-0.0993531473104909
5448,152400.463343891,212767.516921295,221.219734813436,-0.0007562652215576
5449,138058.437007558,214867.7404592,12463.022533242,-0.0389812916746279
5450,155154.945918089,211788.19778365,-1553.94370173861,0.00495872472812633
5451,148259.738501612,214925.439061736,2204.02243665222,-0.00792611594135455
5452,158263.266119943,214451.936816682,-7326.00293662545,0.0209937202515519
5453,143802.139282534,205864.629052606,15722.4316648596,-0.0430304552681805
5454,147002.762357038,204383.706602432,14002.7310405293,-0.037615343424311
5455,151243.809577266,210426.735805275,3718.65461745922,-0.00936515486478919
5456,138963.917819191,199013.848831482,27411.4333493269,-0.0745780267964933
5457,161303.176618599,227067.506825263,-22981.4834438613,0.0605050406788156
5458,161077.45847848,220586.985046561,-16275.243525041,0.0435186108331666
5459,152814.40957298,205026.938005239,7547.8524217818,-0.0181038900776803
5460,157990.822927767,218367.970171142,-10969.5930989096,0.0294260644510918
5461,145470.84491381,206010.049617174,13908.3054690163,-0.037606940788756
5462,177465.176057636,229021.082077799,-41097.0581354349,0.113939516000691
5463,154972.365136234,211760.344957013,-1343.51009324723,0.00460474052130077
5464,153409.452689937,209862.38363379,2117.36367627321,-0.00472355642032372
5465,147985.311281025,211377.723639947,6026.16507902846,-0.0170144993557837
5466,152474.582499149,214361.143429551,-1446.52592869959,0.0038373712213533
5467,161045.942139605,215258.551575724,-10915.293715329,0.0319757392130847
5468,166512.108321726,221711.567930423,-22834.4762521486,0.0630340332225988
5469,165338.666852747,217268.346486252,-17217.8133389991,0.0498045021449999
5470,147232.961591201,207821.459925119,10334.7784836802,-0.0278213211494579
5471,151456.008021466,210417.961308017,3515.23067051725,-0.00908991102015964
5472,137341.988035278,201877.177238777,26170.0347259456,-0.0723911630924717
5473,128756.087653122,199442.62544822,37190.4868986579,-0.103643092969614
5474,156792.060779213,211446.604588907,-2849.46536811936,0.00918368050179126
5475,149379.190453707,210958.433413527,5051.57613276585,-0.0145550771163846
5476,159209.180901824,211977.473943134,-5797.45484495786,0.0176846938102189
5477,166534.623274561,214837.235013324,-15982.6582878842,0.0470815870506844
5478,164158.480711039,229801.766838644,-28571.0475496831,0.0752667853952387
5479,147995.559358886,206421.447626503,10972.1930146112,-0.028788258590247
5480,143214.887933851,209519.990535041,12654.3215311077,-0.0364809882008389
5481,133309.518850833,199434.370572422,32645.3105767451,-0.0906760272658679
5482,146854.935451142,210350.309659538,8183.95488931955,-0.0236179087521636
5483,164139.507522416,213128.30154105,-11878.6090634662,0.0352362851613227
5484,146242.282956201,204520.958476694,14625.9585671052,-0.0391756767477007
5485,146297.371030698,210540.73027708,8551.09869222174,-0.0250022122855521
5486,159437.511012263,216931.336861577,-10979.6478738398,0.0305290276834367
5487,135306.617276084,198283.901789547,31798.680934369,-0.0868029383550735
5488,146286.312444422,202249.241245262,16853.6463103161,-0.0448501147134657
5489,140081.702062365,203646.911518795,21660.5864188407,-0.0596611762653707
5490,153437.240764614,227172.845140487,-15220.8859051013,0.0372314810693117
5491,153055.841759979,211351.184688661,982.173551360087,-0.00226773855666079
5492,126606.839013719,197381.568389626,41400.792596655,-0.115082718257373
5493,146506.660345234,206161.360864236,12721.1787905302,-0.0343848158961038
5494,151749.168989842,213190.538208557,449.492801600369,-0.00141713566754263
5495,159978.207616133,216160.368898598,-10749.3765147311,0.0306202225848663
5496,155634.270844821,218141.548305629,-8386.61915044952,0.0220424762591225
5497,153759.621992777,214896.379493128,-3266.8014859042,0.00916337387000518
5498,165606.339697373,220922.513666554,-21139.653363927,0.0589157928646818
5499,134841.253924198,204006.874154463,26541.0719213391,-0.0740570273321107
5500,153711.13757192,212678.478348743,-1000.41592066287,0.00305589515240829
5501,152460.14353989,215868.173199505,-2939.11673939577,0.00721346736296851
5502,163184.699529201,224799.330231809,-22594.82976101,0.0601458109680965
5503,142148.629825433,205871.087121058,17369.4830535093,-0.0480977996782421
5504,151330.392113977,212903.480388689,1155.32749733416,-0.00395052654575845
5505,164337.358215242,211501.865952887,-10450.0241681293,0.0310901028186319
5506,157131.0532134,215737.045302409,-7478.89851580892,0.0206047309915785
5507,168503.278803091,230463.231121935,-33577.309925026,0.0908667627098757
5508,145057.339113417,206024.228008546,14307.6328780373,-0.0397164806497627
5509,161954.405572698,220644.207733619,-17209.4133063175,0.0462130332758742
5510,147305.359361814,206214.363050489,11869.4775876979,-0.031634765336334
5511,148175.928085905,209181.831346158,8031.44056793698,-0.0216209933755496
5512,151406.218979368,218208.387240287,-4225.40621965501,0.00984748902308006
5513,143381.20901551,213169.508457151,8838.48252733931,-0.0273459435742046
5514,142805.769524536,203852.261695962,18731.168779502,-0.0514996418246524
5515,153140.904725904,211181.263523905,1067.03175019036,-0.00132031379613062
5516,175008.288374696,220706.971987652,-30326.060362348,0.0865535529233351
5517,170403.306143932,226961.636731369,-31975.7428753013,0.0874806177830628
5518,176078.242589847,236921.878174578,-47610.9207644257,0.128704422827377
5519,148080.106402701,207740.120975049,9568.97262225038,-0.0261952396429743
5520,138013.063041577,198129.665259127,29246.4716992966,-0.0794586600655899
5521,174116.449754338,225939.083562534,-34666.3333168717,0.0961433736719045
5522,164567.786365918,222624.596315872,-21803.18268179,0.0598342511282176
5523,133241.791010083,205822.029239088,26325.3797508294,-0.0754879707176189
5524,157338.376738489,211418.071302303,-3367.24804079189,0.0109900358282669
5525,138933.876132192,209486.599473965,16968.7243938428,-0.0497771610788442
5526,164015.578488508,223465.158359348,-22091.5368478562,0.0606371656247229
5527,161239.606580804,214443.461541405,-10293.8681222086,0.0299663535529379
5528,158586.405385988,212692.987599284,-5890.19298527134,0.0183999425124958
5529,163723.002528985,216083.634504013,-14417.4370329984,0.0411642932996293
5530,141368.059773707,201828.364415504,22192.7758107893,-0.0600133771031071
5531,164850.35228448,211599.886579322,-11061.0388638022,0.0336383063775369
5532,152843.673485057,215886.481565044,-3340.95505010121,0.00821831982485338
5533,158180.424765699,209051.990357128,-1843.21512282704,0.00779587899777573
5534,165664.62732975,224557.57917075,-24833.0065004995,0.0665915842012232
5535,147409.851733853,206848.254882245,11131.0933839019,-0.029540789358053
5536,153196.277253537,215997.581937845,-3804.65919138206,0.00982218928556867
5537,152318.97142467,208486.319593441,4583.90898188931,-0.011397671240752
5538,159397.328270487,215842.467479666,-9850.59575015359,0.0274589368039785
5539,133589.860404272,202947.556044395,28851.7835513325,-0.0811983667311336
5540,142305.023199048,205166.50727739,17917.669523562,-0.0491443621082133
5541,164584.388872786,213971.74729504,-13166.9361678258,0.038586658713512
5542,152155.942180998,210935.81283344,2297.44498556264,-0.00610888525487996
5543,148900.951942073,205684.826767539,10803.4212903885,-0.0277168996476858
5544,141999.886833225,205373.793494307,18015.5196724681,-0.05044647259468
5545,150755.585517839,210995.004068223,3638.61041393748,-0.00932530186378414
5546,146571.334127866,213203.766264672,5614.0996074623,-0.0175137148670107
5547,135757.884714256,204047.607225688,25583.7080600558,-0.0721484602134331
5548,156261.709993797,218640.006745629,-9512.51673942583,0.0255989471320564
5549,148296.738960229,210120.592570729,6971.86846904154,-0.0193843445260725
5550,146647.2291865,210579.009354126,8162.96145937435,-0.023255848666323
5551,146899.936933922,209783.522239995,8705.74082608317,-0.0233794763400591
5552,136939.010159379,201554.035114711,26896.1547259096,-0.0740937532479018
5553,143206.078691608,214346.239811917,7836.8814964742,-0.0244581110578116
5554,144892.396134852,207136.66775448,13360.136110668,-0.0366935952769475
5555,154028.871200727,211596.255392295,-235.926593021955,0.00162654367962183
5556,153277.390448239,213196.741286893,-1084.93173513206,0.00302358986932244
5557,166566.275514421,211294.980090575,-12472.0556049967,0.037477148580228
5558,161394.441270448,215908.928068969,-11914.1693394172,0.0346433833396093
5559,145367.280344844,202530.832034021,17491.0876211344,-0.0467475452272446
5560,146333.602695165,205080.686775508,13974.9105293274,-0.0375747287695513
5561,149523.595769442,212812.816677112,3052.78755344596,-0.00918531295417291
5562,152990.760738796,212602.38301127,-203.94375006546,0.000945937927211157
5563,148189.917893823,210855.252323622,6344.02978255466,-0.0182892333402433
5564,161076.964269596,212569.49043322,-8257.25470281584,0.025103237032854
5565,154937.264152043,209407.937849632,1043.99799832451,-0.000985024700746469
5566,162210.571348463,215705.511152897,-12526.8825013606,0.0361209849725993
5567,155934.3589236,211478.407802788,-2023.56672638824,0.00656467717811926
5568,151010.53426352,213286.083047742,1092.58268873818,-0.00359293370627471
5569,166428.915769939,217166.373958092,-18206.0897280306,0.0517502889668186
5570,153114.209640902,214990.679289696,-2715.68893059826,0.0063019152987934
5571,166732.951305743,224544.799447086,-25888.550752829,0.0703822971093941
5572,121734.982412728,192858.314987417,50795.9025998547,-0.141185964655564
5573,149079.30813094,210506.352652079,5803.53921698115,-0.0159145896722174
5574,160112.780726234,224898.763083671,-19622.3438099053,0.0519022135039353
5575,144888.581504905,203488.434678826,17012.1838162691,-0.0455108169566675
5576,157017.923645729,208040.949109252,330.327245019085,0.00135619884963868
5577,155540.191683707,215967.511251181,-6118.5029348883,0.016791153359423
5578,165990.263055437,216206.550982057,-16807.6140374936,0.0484559512781181
5579,164801.984908514,221634.270183182,-21047.055091696,0.0578162562592403
5580,144991.293788746,211515.572280497,8882.33393075695,-0.0261556654984452
5581,159078.419228927,216338.02837477,-10027.2476036974,0.0281926330298202
5582,137066.036901354,194757.800778305,33565.3623203408,-0.0912450775604207
5583,167229.51274607,228374.198728934,-30214.511475004,0.081034463831423
5584,155411.954108924,213966.785437866,-3989.53954678954,0.0113842719204
5585,163608.814543091,222055.118663047,-20274.7332061382,0.0559994233232383
5586,143557.094436495,207651.21821335,14180.8873501556,-0.0400357141000373
5587,169158.016094543,223196.350846602,-26965.1669411445,0.0753673031484475
5588,137664.89510532,204937.913155058,22786.3917396224,-0.0634992089362184
5589,161366.014564475,217348.059093346,-13324.8736578203,0.0380378458461392
5590,167299.552973526,217116.426345573,-19026.7793190993,0.0547542409155266
5591,150419.284929567,213200.53060372,1769.38446671265,-0.00495780754813684
5592,149229.184470157,221814.498538124,-5654.48300828162,0.0117518383852481
5593,156256.700559887,209911.619184227,-779.119744113239,0.00425794186878759
5594,143255.281922843,206452.586790297,15681.3312868596,-0.04311818947279
5595,138279.782847575,208595.996450244,18513.4207021815,-0.0525033128085595
5596,155905.122295492,212578.966594361,-3094.88888985326,0.00895705842511968
5597,155997.387544878,229275.692898676,-19883.8804435543,0.049561650618565
5598,157529.475598407,214030.860449995,-6171.13604840118,0.0182289069950238
5599,167483.97217226,217603.662684343,-19698.4348566025,0.0566298726562284
5600,149620.338069784,209629.104631975,6139.75729824172,-0.0160347482443547
5601,143920.798112796,204647.057503702,16821.3443835017,-0.0453652684703687
5602,144513.030514804,211693.803273842,9182.36621135421,-0.0277133988717154
5603,152193.146553776,207061.828662115,6134.22478410945,-0.014807358952437
5604,172275.072294347,221937.516759868,-28823.3890542152,0.0817127588152486
5605,158525.455876066,221357.946330294,-14494.2022063592,0.0381812024755452
5606,141249.562923323,206199.216331716,17940.4207449616,-0.0501066899723167
5607,161237.357536072,214525.710097283,-10373.8676333551,0.0308134611373446
5608,133578.285732903,199692.380247801,32118.534019296,-0.0887015779877785
5609,138282.388016701,202546.329495879,24560.4824874206,-0.0678472919503498
5610,135538.691239916,205226.16507584,24624.3436842439,-0.0690831611302971
5611,148566.942555366,212990.032750621,3832.22469401301,-0.0117039033989581
5612,151753.405378046,217651.946366418,-4016.15174446476,0.00964237946521451
5613,160472.980815756,214632.939473188,-9716.72028894338,0.0276717639112578
5614,160616.343959196,216746.015159938,-11973.1591191333,0.0336490868872964
5615,148094.224538444,203805.915666783,13489.0597947733,-0.0351262033906968
5616,157105.378497793,215479.293695486,-7195.4721932796,0.0202595664023792
5617,171121.174748437,216992.644428142,-22724.6191765792,0.0652727538785616
5618,163644.794874679,216557.138747801,-14812.7336224804,0.041944996510112
5619,138315.504680523,206280.144750635,20793.5505688418,-0.0586453217404475
5620,151633.68311871,210806.999081612,2948.51779967739,-0.00729330172179641
5621,142205.58965652,204850.353504548,18333.2568389325,-0.0502315143019736
5622,146340.146557118,202826.277862919,16222.7755799631,-0.0435519723126301
5623,146529.776232823,213257.798469953,5601.62529722328,-0.0170525514298523
5624,155359.34164734,209730.268223739,299.590128921031,0.00043868688586471
5625,150795.594839952,205174.903084577,9418.702075471,-0.0231078993315444
5626,151803.011647737,211065.84975831,2520.33859395335,-0.00679598445382799
5627,163735.50606269,217589.472533354,-15935.7785960438,0.0455430585865552
5628,157123.953402635,210075.680933032,-1810.43433566712,0.0075290911880703
5629,155974.07484053,210748.45843633,-1333.33327685925,0.00481760665347183
5630,149345.036467045,207350.979029122,8693.18450383242,-0.0225683907479057
5631,166422.797987016,215482.429857714,-16516.0278447306,0.0485550623407537
5632,160037.888399982,219496.388849002,-14145.0772489835,0.0388585486642064
5633,151732.571064069,211441.659920251,2214.96901567961,-0.00588609643483769
5634,144466.479263045,209039.397597752,11883.3231392035,-0.0333566490489223
5635,135442.425127521,199101.06873908,30845.706133398,-0.0848179141347692
5636,147485.721058508,210123.263699657,7780.21524183458,-0.0211750241279743
5637,152247.40633077,211999.414117753,1142.37955147761,-0.00357555786182651
5638,161933.032619442,216142.343004576,-12686.1756240177,0.0353142006118799
5639,171058.042275845,217205.335144843,-22874.1774206883,0.0653028924907736
5640,158906.23318372,213675.613128036,-7192.64631175593,0.0214502247922153
5641,163762.103144388,213377.363385438,-11750.2665298262,0.0351388412653193
5642,156587.826292711,211480.612764979,-2679.23905768973,0.00861608960832308
5643,168210.834358225,220608.045120592,-23429.6794788166,0.0656243004406502
5644,144947.583132163,210823.656309237,9617.96055859962,-0.0275055994840786
5645,150537.150856527,214848.271743094,3.7774003786617,-0.00174197113825017
5646,155690.235785881,213007.379350402,-3308.4151362828,0.00962343814973177
5647,156463.662365759,220510.856844943,-11585.3192107018,0.0302945099726983
5648,156410.568529653,213954.711954298,-4976.08048395062,0.0145388132781862
5649,159090.766937775,212410.075439966,-6111.64237774041,0.018314833388323
5650,142703.286298978,197490.124497396,25195.7892036267,-0.0673371635313222
5651,165585.877044844,216355.786751915,-16552.463796759,0.0477476562530798
5652,148862.115954404,208463.91720413,8063.16684146546,-0.0210593576277787
5653,168666.93870741,224384.456650657,-27662.1953580678,0.0754098225585557
5654,159764.280945348,218160.493257652,-12535.5742030005,0.0349861479216732
5655,147530.887025979,214664.085269756,3194.22770426533,-0.0102229671112718
5656,151368.432205712,205229.598105206,8791.16968908248,-0.0224387375684323
5657,158154.922234286,212479.927159238,-5245.64939352387,0.0162802395680832
5658,139843.530129379,212144.149240534,13401.5206300874,-0.0404398256606518
5659,156268.919052862,213919.141055243,-4798.86010810506,0.0138394807349016
5660,152646.286363054,207076.52398324,5666.3896537064,-0.0136452937718357
5661,139313.756650335,200771.377848314,25304.0655013507,-0.0687194848927698
5662,159077.340324716,215655.979827164,-9344.12015187967,0.0268400059287829
5663,154626.502214423,216714.90331436,-5952.2055287828,0.0161689077771731
5664,139250.171942004,204826.182540836,21312.8455171602,-0.0591157129348668
5665,157751.045020579,216756.644201144,-9118.48922172299,0.0249603968826453
5666,127319.034808782,201633.904809826,36436.2603813912,-0.102841397081555
5667,143145.528004718,202779.974146669,19463.6978486134,-0.0522136646178709
5668,163106.42728524,217277.370574403,-14994.597859643,0.0423214499717644
5669,142158.204300787,211192.699601405,12038.2960978085,-0.0354532070374463
5670,158231.907451786,212795.535652231,-5638.24310401635,0.0173400005646614
5671,146915.841531149,206845.567416635,11627.791052216,-0.0313123428956786
5672,133093.404089053,199294.551466897,33001.2444440501,-0.0913186904558556
5673,170131.684723058,224832.461957746,-29574.9466808047,0.0817496784505408
5674,177542.066722732,234011.684468486,-46164.5511912188,0.126250162554087
5675,144433.346080301,213502.12510749,7453.72881220939,-0.0229640711439798
5676,159511.55079873,211110.727071345,-5233.07787007588,0.0167901501918228
5677,141930.583375392,205954.251640343,17504.3649842649,-0.0480938438711878
5678,156602.048043699,208255.623360457,531.52859584376,0.00052963457749804
5679,134214.108429961,196359.04963906,34816.0419309784,-0.0958303607598345
5680,162491.603099568,216921.006362098,-14023.4094616666,0.0401780658399433
5681,156288.29068451,213810.140438692,-4709.23112320265,0.0139022558520907
5682,142573.443333606,218174.069660369,4641.6870060254,-0.0170483327852677
5683,150758.639885116,209642.230986294,4988.32912859024,-0.0129977554960731
5684,136676.877802814,205213.735770876,23498.5864263109,-0.0660961352275801
5685,163709.081932889,212007.4610967,-10327.3430295887,0.0307830009596628
5686,158103.721578358,210091.389242784,-2805.91082114162,0.00998136484268201
5687,135862.055036644,200747.048469248,28780.0964941081,-0.0790705969748274
5688,181015.852213322,228610.861765104,-44237.5139784254,0.123721167746822
5689,149836.545240899,209656.840133873,5895.81462522782,-0.0157429706535495
5690,147113.166814458,208607.756989358,9668.27619618416,-0.0268807062058078
5691,158191.580035716,216283.112183333,-9085.49221904908,0.0256844588584684
5692,150747.510157565,211972.925418474,2668.76442396088,-0.00743000113194751
5693,157432.109686049,213737.90362418,-5780.81331022881,0.0169933207757551
5694,160328.220365701,215956.469352316,-10895.4897180176,0.0311149674595506
5695,147307.028652677,208451.818923491,9630.35242383229,-0.0263671092934812
5696,160094.551114839,217591.515630608,-12296.8667454468,0.0339285891044392
5697,151224.678456926,209921.371792878,4243.14975019573,-0.0112328282254497
5698,142255.01340808,204156.196162954,18977.9904289652,-0.0513671575651947
5699,149827.679821385,211688.320285874,3873.19989274099,-0.0109120113432107
5700,183967.390239673,235386.093171138,-53964.2834108108,0.149263433232631
5701,150136.042348179,219033.980934033,-3780.82328221196,0.00789797147870888
5702,161700.853232612,225823.211812436,-22134.8650450478,0.0579349720036498
5703,171093.422100567,224151.648246905,-29855.8703474716,0.0824698310863278
5704,142968.337976606,208521.439766102,13899.4222572925,-0.0397766209341699
5705,147316.022972188,206341.965154736,11731.2118730766,-0.0315321443796228
5706,173842.737546952,218640.066383236,-27093.6039301882,0.0778104671996763
5707,165380.534032295,221793.540762758,-21784.8747950526,0.0599446967142205
5708,145654.304947103,208936.438768199,10798.4562846976,-0.0297505235024723
5709,151692.819957166,209890.42929909,3805.95074374351,-0.0101510782365725
5710,142363.103631302,206188.546209989,16837.550158709,-0.0469466945035909
5711,149485.424417466,207066.532878578,8837.24270395603,-0.0232560895733617
5712,147705.488543325,208171.599454401,9512.11200227408,-0.0257527208671317
5713,186092.474593152,230571.575505834,-51274.8500989869,0.143783262640637
5714,158990.937891602,223878.151757821,-17479.889649423,0.045899941184723
5715,149210.890349489,211423.688330062,4754.62132044876,-0.0130905781326086
5716,151762.090650758,215444.381917412,-1817.27256816992,0.00320741322801619
5717,142521.344094782,204104.439305438,18763.4165997799,-0.0515473103874503
5718,167018.817332261,221925.821168249,-23555.4385005098,0.0659777985929038
5719,163216.360520759,220651.594110755,-18478.7546315139,0.0507141296466328
5720,144090.880244459,204622.955848767,16675.3639067743,-0.0445267632766499
5721,143482.803229395,207503.033137955,14403.3636326496,-0.0395195756140495
5722,158292.407201841,216385.219137214,-9288.42633905442,0.0258311332117079
5723,171781.803843598,227137.125796033,-33529.7296396313,0.0922056342808734
5724,154678.501739871,215044.81818688,-4334.11992675095,0.011622605250987
5725,148630.212809552,210939.017640476,5819.96954997163,-0.0173220552134419
5726,156868.935254066,209982.759982143,-1462.49523620907,0.00555858047750584
5727,157292.396885752,211309.185530183,-3212.38241593528,0.00949804944725588
5728,151753.426457805,213398.646440817,237.127101377817,-0.00145982150613408
5729,155173.76819642,217337.205813452,-7121.77400987159,0.0180375731698994
5730,168242.694136316,221261.602589033,-24115.0967253491,0.0682473289070809
5731,166531.773213767,218120.460244252,-19263.0334580183,0.0553112903002807
5732,150830.809076258,210133.166343559,4425.22458018322,-0.0115414580013932
5733,147614.074857275,206418.336013614,11356.7891291113,-0.0305031567654054
5734,140678.453255261,202372.35201711,22338.3947276283,-0.0611708088513699
5735,153942.357710383,217198.622123727,-5751.7798341093,0.0144853197260887
5736,157953.44695516,217329.190480855,-9893.4374360157,0.027685501945879
5737,152583.875640372,211192.722276237,1612.60208339122,-0.00458315019059113
5738,143519.465803409,206658.263891834,15211.470304757,-0.0417740256217969
5739,149093.181756658,211234.377919929,5061.64032341255,-0.0144168813517586
5740,151608.31553542,210169.552529444,3611.33193513588,-0.00904139068014584
5741,155113.343370886,211000.221591966,-724.364962852036,0.00275949117932256
5742,164740.545279721,221814.814988546,-21166.1602682664,0.0589087522064569
5743,148982.220990322,216245.604102183,161.374907495279,-0.00337939505849182
5744,147151.497883989,208441.537066745,9796.16504926537,-0.0266409345198728
5745,147063.284401352,212746.803673047,5579.11192560178,-0.0171302831714663
5746,150629.369115307,217907.90494974,-3148.07406504691,0.00595779622099276
5747,137770.308421921,209458.029614007,18160.8619640722,-0.0523943242265434
5748,146966.876371769,207684.489630782,10737.833997449,-0.029185782848732
5749,142361.662802703,204106.496113362,18921.0410839354,-0.0518982145404944
5750,152841.180564366,207987.097551874,4560.92188375961,-0.0109817573718814
5751,163555.197378535,214187.025385569,-12353.0227641034,0.0363981253186926
5752,163412.12086225,216874.244271123,-14897.1651333736,0.042313421712698
5753,162255.382110544,218585.191722992,-15451.3738335354,0.0433972422860125
5754,151068.645869969,210546.246079166,3774.30805086566,-0.0108887013127553
5755,148133.841884555,207245.268060375,10010.0900550697,-0.0266757537459557
5756,157008.110180702,213435.824179552,-5054.73436025373,0.0149848602432293
5757,157113.163799813,208563.143292495,-287.107092308404,0.0033123717188162
5758,147207.994485415,210352.014951999,7829.19056258583,-0.0221976237180261
5759,152158.958956189,208683.606539329,4546.63450448198,-0.010712494764485
5760,162924.378687787,222395.609329195,-19930.7880169826,0.0535127059310693
5761,156977.549867367,216708.231893261,-8296.58176062745,0.0230989077371388
5762,140178.398008518,209464.536185165,15746.2658063164,-0.045869282969024
5763,169942.868825102,228106.701249084,-32660.370074186,0.0888003986839539
5764,154731.508207427,216426.881048136,-5769.1892555629,0.0156118916943709
5765,143356.93699748,201981.786856238,20050.4761462821,-0.0539423743752811
5766,151467.098001859,211052.086927304,2870.01507083728,-0.00762541834736384
5767,150482.052103502,208323.467199333,6583.68069716525,-0.0174139180050165
5768,140201.74123469,210751.92710721,14435.5316581004,-0.0425916078348424
5769,140844.173698801,206335.030374255,18209.9959269442,-0.0508538524056381
5770,149105.490371545,217080.941555755,-797.231927300745,-0.000381575936107213
5771,154133.616032592,215573.402247688,-4317.81828028063,0.0119484101436403
5772,143963.893884075,204404.697101807,17020.6090141185,-0.0458802483041039
5773,143487.651874464,210169.605900236,11731.9422252995,-0.033561826875256
5774,147788.79929071,212980.877973357,4619.52273593267,-0.0147159402139041
5775,166160.354618605,221151.478876348,-21922.6334949534,0.0612107010375685
5776,148670.51750659,225415.343060748,-8696.66056733875,0.0185696535759095
5777,146175.531373456,210259.592048189,8954.07657835522,-0.0254902000405063
5778,143921.038031087,209838.4499269,11629.7120420136,-0.0328585737057014
5779,178500.830690077,235079.381767897,-48191.012457974,0.131789215297532
5780,166151.387412904,214546.237976683,-15308.4253895872,0.0445006726176865
5781,163487.000310831,220804.948069657,-18902.7483804879,0.0523498353599327
5782,157129.287990505,209820.712116181,-1560.80010668532,0.00637570187827489
5783,149709.873626205,208258.230246503,7421.09612729255,-0.0197229263739445
5784,163264.428596092,215325.299197394,-13200.5277934863,0.0382551298636788
5785,147716.761897081,222577.001697786,-4904.56359486672,0.00930200343617289
5786,163197.598457029,214511.217652057,-12319.6161090859,0.0360151140196679
5787,152755.43760021,219882.455206962,-7248.69280717173,0.0168065081157944
5788,138957.857074168,208337.25825099,18094.0846748418,-0.0510877725451076
5789,169316.25006899,233283.120786825,-37210.170855815,0.100118004823103
5790,144094.358080532,209407.590896943,11887.2510225251,-0.0329247139130943
5791,161375.063638439,223431.651031011,-19417.5146694499,0.052011957757512
5792,139634.1296547,207938.480794641,17816.589550659,-0.0507549035524693
5793,161274.547348257,210738.807837732,-6624.15518598928,0.0209221654195286
5794,146281.981020869,213963.794870355,5143.42410877533,-0.0166709520890881
5795,163229.362709889,214230.886608784,-12071.0493186734,0.0355591493285228
5796,145718.771030011,203807.913105436,15862.5158645526,-0.0421715789632702
5797,160777.784310563,211910.09373242,-7298.67804298346,0.0223435108217763
5798,167920.389369319,217649.727386344,-20180.9167556634,0.0576740414010152
5799,154669.70283118,208363.588953038,2355.9082157815,-0.0042272289007757
5800,139495.312762624,203214.737730434,22679.1495069422,-0.0627176793758762
5801,125712.669512416,195018.36380826,44658.1666793243,-0.123297625768724
5802,164896.463796885,219286.253652026,-18793.5174489113,0.0528747182739462
5803,161689.497551445,222244.805304142,-18545.1028555873,0.0501754316792297
5804,155844.234572339,204949.716113191,4595.24931447039,-0.00901685452182267
5805,161307.929022905,225573.532429063,-21492.2614519676,0.0568755714084419
5806,139598.091695813,200284.876385635,25506.2319185521,-0.0695735774269856
5807,154781.885498955,211141.695155378,-534.380654332519,0.00166047403184708
5808,147491.307305705,214194.836040362,3703.05665393214,-0.0119810351745407
5809,159046.801177867,215902.915901819,-9560.51707968657,0.0272299452218062
5810,164095.299013943,214825.40620449,-13531.5052184323,0.0400759162246182
5811,154653.170959322,209955.050698366,780.978342312097,-0.000499749863406794
5812,168940.583591658,216283.432881121,-19834.8164727797,0.0570001999307588
5813,137846.213917459,206174.225352518,21368.7607300227,-0.0609979991058063
5814,152220.685468444,206893.967230498,6274.54730105778,-0.0152546794157858
5815,156443.479573469,226065.161533723,-17119.4411071924,0.0442664549429331
5816,158152.425732033,211029.599747984,-3792.82548001705,0.0119688631841793
5817,152915.413928511,211178.801844486,1294.98422700289,-0.00340956856052153
5818,139207.096722964,198697.488786853,27484.6144901825,-0.0741574717751426
5819,138449.548290688,202351.876477452,24587.7752318604,-0.0676947431521416
5820,150735.019514689,218733.244951618,-4079.06446630723,0.00886901086183802
5821,143754.33158102,214774.255440929,6860.61297805107,-0.021712812993665
5822,172450.469576471,220058.36627128,-27119.6358477506,0.0775594847061027
5823,148860.022083909,202573.883818683,13955.2940974082,-0.0359831891980729
5824,170187.35008389,217084.869533967,-21883.0196178579,0.0628612650134122
5825,171612.683719255,226168.039690045,-32391.5234093006,0.0892717570656707
5826,154834.576675113,221169.266694313,-10614.6433694258,0.0269795990553922
5827,172342.415550226,217557.012565028,-24510.2281152541,0.0707737683290129
5828,138347.285758888,204290.611184076,22751.3030570363,-0.0632511060666362
5829,176191.273289282,224544.149005916,-35346.2222951981,0.099591920621584
5830,142336.711238118,208637.434175242,14415.0545866392,-0.0408203426319088
5831,160444.469525299,211739.82845427,-6795.09797956928,0.0211195978573503
5832,152243.468459384,206206.698070951,6939.03346966504,-0.0178926174553136
5833,149933.087523376,208723.698501173,6732.41397545143,-0.0190660086097573
5834,161870.134568303,214717.229494733,-11198.1640630359,0.0323269570051078
5835,166343.39236242,216754.343366418,-17708.5357288378,0.0511175437687894
5836,138963.128033964,205924.64946948,20501.4224965564,-0.0579061207650456
5837,143898.70812425,213840.605124377,7649.88675137312,-0.0234242419615041
5838,162296.074714429,218972.488762685,-15879.3634771144,0.0437665588440628
5839,149676.187463249,208141.260394831,7571.7521419194,-0.0194270318273034
5840,139219.296243745,200939.425622513,25230.4781337416,-0.0685834861346025
5841,144098.43196955,202728.463690572,18562.3043398776,-0.0499540181847816
5842,137030.852600876,202974.421181855,25383.9262172689,-0.0697815398698241
5843,152384.055105793,211216.127492217,1789.01740198996,-0.0047247508516582
5844,154042.378946965,213197.781378563,-1850.96032552869,0.00507108259838251
5845,149561.74492064,214247.361907563,1580.09317179688,-0.00552188188955522
5846,163150.639624312,216108.124647904,-13869.5642722162,0.0393068092574124
5847,146035.059047286,207166.991060013,12187.1498927015,-0.0335608239821753
5848,140615.996929851,207063.027844072,17710.1752260777,-0.0501743036597653
5849,153331.4950489,206696.247510924,5361.45744017587,-0.0123338154467727
5850,146986.638751179,209073.309002291,9329.25224653026,-0.0264270955318847
5851,148496.325172591,224906.552035898,-8013.67720848945,0.0167834970386722
5852,137759.965151509,212613.210861462,15016.0239870296,-0.045611708942484
5853,151540.409202695,204412.629134759,9436.16166254639,-0.0240202679806613
5854,159048.58230756,212220.553916385,-5879.93622394506,0.0187528831393543
5855,157661.421932725,213932.576391256,-6204.79832398175,0.0180266890156689
5856,141671.106640473,208025.941226829,15692.1521326977,-0.0439226868143487
5857,159971.696390848,215701.434868634,-10283.9312594818,0.0299839692183958
5858,168579.49175076,228554.844615007,-31745.1363657674,0.0858663890856659
5859,164592.146633834,220579.579928415,-19782.5265622488,0.0544977441353879
5860,160184.386758303,215910.539554294,-10705.726312596,0.0302583124451884
5861,165909.44323691,227336.144469267,-27856.3877061773,0.0756576795260487
5862,159477.317199797,212622.090979761,-6710.2081795581,0.0202331154625437
5863,155078.195507566,213526.698588463,-3215.69409602915,0.00932186267513035
5864,157290.194682917,214188.980596011,-6089.97527892841,0.0174175236640198
5865,152205.253045142,208219.76699313,4964.17996172793,-0.0125901744442985
5866,150718.472955495,211424.572278004,3246.15476650093,-0.00949221053947727
5867,137259.245473476,217116.391945631,11013.5625808932,-0.035463592515494
5868,154481.023832946,217403.982517045,-6495.80634999124,0.016205749239288
5869,161472.374425116,215289.002915316,-11372.1773404321,0.0324994624762766
5870,163665.934018256,217043.665383768,-15320.3994020242,0.0438949365429445
5871,132871.048604652,203528.502926419,28989.6484689286,-0.0817936211658904
5872,161134.531915268,213974.023117609,-9719.35503287666,0.0281258255637647
5873,155838.614898758,213178.367097502,-3627.78199626057,0.0118788548355024
5874,152320.662560246,209423.352653181,3645.18478657264,-0.00908491934125791
5875,151543.485492031,214467.427404374,-621.712896404031,0.00108435197250319
5876,153578.396923584,212259.944163616,-449.141087199794,0.00120403848827438
5877,140210.632567689,202941.790177319,22236.7772549915,-0.0611291800913418
5878,172251.727182049,230313.927279801,-37176.45446185,0.10127564911149
5879,159336.864203624,210182.174058704,-4129.838262328,0.0141742316497094
5880,147572.584434751,214846.411466902,2970.20409834688,-0.0105353685111388
5881,142531.38026878,202677.097983557,20180.7217476627,-0.0544041011144098
5882,155968.762986129,207931.288379846,1489.14863402484,-0.00184763881841656
5883,142137.196247039,203618.986099348,19633.0176536135,-0.0536175106483438
5884,148147.50631878,208276.214284305,8965.4793969153,-0.023414813038313
5885,158025.583715721,210386.131630307,-3022.51534602785,0.0109994959727635
5886,170802.317835885,223739.11588676,-29152.2337226448,0.0814813595513337
5887,137196.113976446,199834.8644526,28358.221570954,-0.0777471190477936
5888,156040.900891244,212090.101551809,-2741.80244305276,0.00877219515516132
5889,159116.772216322,221043.880953654,-14771.4531699765,0.0387002867751629
5890,144179.992165473,203768.324550018,17440.8832845092,-0.0467916370846501
5891,149030.567910135,204376.567937285,11982.0641525798,-0.0306495713426149
5892,143037.68726943,212081.67142485,10269.84130572,-0.0300474426903026
5893,157720.460481382,210950.148384132,-3281.4088655138,0.0104945115880612
5894,148184.069061008,210257.406831005,6947.72410798742,-0.0192897400670939
5895,152078.154459018,208873.438408303,4437.60713267862,-0.011252118846463
5896,156757.100098425,223502.056009701,-14869.9561081255,0.0390669407688498
5897,166782.749108442,214401.784838731,-15795.3339471721,0.0467080172605943
5898,161970.771339169,229105.148939625,-25686.7202787939,0.0689163456543873
5899,136337.76790225,203575.637791329,25475.7943064203,-0.0709911319570544
5900,148952.174196265,209389.289768137,7047.73603559803,-0.018481178868758
5901,161009.807904608,217314.078528053,-12934.6864326607,0.0363689244315151
5902,153041.220399533,211435.306997069,912.672603397805,-0.00183909687591106
5903,158288.987682883,213038.241444186,-5938.02912706835,0.0171353480165429
5904,146502.282694958,221373.280886005,-2486.36358096328,0.00276501546982886
5905,153859.991345124,207233.508575846,4295.70007903042,-0.00964464643050319
5906,161081.83222292,220748.043969796,-16440.6761927161,0.0450448236035639
5907,156887.502542987,217965.395436561,-9463.69797954842,0.0253889383629866
5908,144021.98451495,203850.368813291,17516.8466717593,-0.0477911657392116
5909,150202.571896725,206322.919622352,8863.70848092239,-0.0225158636695988
5910,151889.3967918,219040.663514985,-5540.86030678469,0.0124365684887507
5911,138323.076054392,201169.869509585,25896.2544360228,-0.0715210651894682
5912,154887.93685866,212888.079498646,-2386.81635730615,0.00738107215810291
5913,157478.123536799,219800.191530521,-11889.1150673208,0.0310684304663473
5914,146641.243773614,202714.903352397,16033.0528739887,-0.0425862653097654
5915,160447.520928093,221359.348350624,-16417.6692787178,0.0438871957646331
5916,141437.54260911,203644.759191317,20306.8981995732,-0.0560930932618814
5917,155400.263124068,219282.316958871,-9293.38008293905,0.025281096513765
5918,149828.772565357,211420.667925987,4139.75950865628,-0.0108899281050675
5919,135796.622258727,203902.334484538,25690.2432567351,-0.0721874168925438
5920,156609.313801497,219926.280663674,-11146.3944651716,0.0293619191061607
5921,148282.095431652,206659.531228443,10447.5733399052,-0.0280572469846293
5922,133795.39102733,193872.494891872,37721.3140807984,-0.102674229712967
5923,147267.145929265,209152.373063206,8969.68100752903,-0.0248171127958613
5924,144619.582826241,208206.50877186,12563.1084018992,-0.0352216796856793
5925,153371.639225505,219896.600404724,-7879.03963022848,0.0196785501262867
5926,129055.146706321,202268.76748901,34065.2858046688,-0.0962436423431749
5927,168551.472590364,222086.903927663,-25249.1765180275,0.0704933052343611
5928,139872.066750751,196228.761353307,29288.3718959416,-0.0784819968091774
5929,146951.49347218,208329.78508576,10107.9214420599,-0.0270852956647281
5930,149275.340624963,204852.453867596,11261.4055074407,-0.0294626296506159
5931,159963.649331872,220514.623805271,-15089.0731371432,0.040644073693675
5932,151943.51753908,210751.612554294,2694.06990662654,-0.00625673068894512
5933,163739.292919507,222077.801812394,-20427.8947319006,0.0557252447525122
5934,144336.092334366,214813.049187922,6240.05847771215,-0.0199179155464611
5935,149117.635846642,211858.755196619,4412.80895673827,-0.0131730877285219
5936,155389.190969951,209863.932882932,136.07614711771,0.00157318282051097
5937,149103.384789388,206642.810237599,9643.00497301301,-0.0252802064369094
5938,162039.191648543,215495.491229339,-12145.4828778812,0.0348172453264437
5939,152978.201704662,218754.37837773,-6343.38008239173,0.0144806195633744
5940,152438.039237604,213914.983848462,-963.823086066812,0.00249040762689747
5941,150880.334203347,209350.953270991,5157.91252566205,-0.0134891323400321
5942,155749.914779566,212730.05415218,-3090.76893174561,0.00893112537863757
5943,140396.427157432,204055.00720253,20937.765640038,-0.0577732669907563
5944,147046.651120064,207673.515528243,10669.0333516935,-0.0285803829471775
5945,146801.532253008,210364.585757192,8223.0819898005,-0.0226826385350138
5946,157488.139366816,217504.656141254,-9603.59550806991,0.0261247968954969
5947,156426.187706596,212144.790698148,-3181.77840474359,0.0101917314416884
5948,151889.701635502,211802.380121611,1697.11824288662,-0.00454018685532256
5949,163454.322752577,218246.167083206,-16311.2898357827,0.0465147476499027
5950,157928.351848954,214343.830590402,-6882.98243935575,0.019231586487954
5951,157382.671481026,213828.491646293,-5821.96312731941,0.0171310609804593
5952,155421.897030106,212240.663628186,-2273.36065829202,0.00688658897386646
5953,174099.394634099,218511.845741317,-27222.0403754156,0.0780541627742444
5954,166132.244220144,217591.197241008,-18334.2414611525,0.0528449835246338
5955,163167.621587069,223130.905998132,-20909.3275852006,0.0566875914253892
5956,154334.882138168,209120.306513167,1934.01134866482,-0.00375446344121263
5957,161379.364811861,230341.954381724,-26332.1191935856,0.0681068596649557
5958,150281.459223765,213117.431913431,1990.3088628038,-0.00553739125719255
5959,148971.759666006,210523.035670384,5894.4046636108,-0.0166523995521367
5960,147585.013276303,216862.533201787,941.653521910135,-0.00570637918780893
5961,148710.280065284,211118.651629053,5560.26830566343,-0.0156283076476464
5962,169197.568492541,224899.191459613,-28707.5599521545,0.0797702776967913
5963,148193.737147231,208381.809977973,8813.65287479578,-0.0240794379404706
5964,141317.963450901,203020.474738654,21050.7618104454,-0.0571476454007792
5965,165649.966561485,222516.665512434,-22777.4320739185,0.062509007934879
5966,147507.6883439,209700.937753517,8180.57390258304,-0.0229507392051349
5967,155945.689285799,213105.088174343,-3661.57746014226,0.0108887227794307
5968,159911.043237482,215010.471357784,-9532.31459526648,0.0269307155281954
5969,164372.155048747,216789.732285594,-15772.6873343416,0.0456903873283549
5970,135860.321506276,201369.05068116,28159.8278125642,-0.0775605723493828
5971,134914.166210888,201013.06201331,29461.971775802,-0.0812323195496245
5972,143744.118261929,205239.532643472,16405.5490945981,-0.0446148454602264
5973,137049.19253485,197040.342656391,31299.6648087594,-0.0849035040356398
5974,165063.00359355,213829.401040084,-13503.2046336341,0.0398597255858215
5975,142094.965302998,213222.506684256,10071.7280127464,-0.0310315490488752
5976,146891.620634448,209575.693419093,8921.88594645861,-0.0246372262030251
5977,149718.011033163,219773.576303092,-4102.38733625546,0.00820092472020605
5978,165958.196191892,217113.112086983,-17682.1082788745,0.0511395674970031
5979,151977.262857159,221334.460523898,-7922.52338105702,0.019036329204174
5980,150735.658625504,208471.789752167,6181.75162232964,-0.0163205098701539
5981,128439.594432605,195751.902384628,41197.7031827678,-0.114280132515439
5982,166273.057433843,227092.109901232,-27975.9673350747,0.0751428983489126
5983,159619.029807686,218381.065746967,-12610.8955546533,0.0347190859707332
5984,161991.238489736,218196.173680872,-14798.212170608,0.0415699886108827
5985,155808.666118732,214819.43990195,-5238.90602068132,0.0135743086712461
5986,151757.791797466,209334.073720118,4297.3344824161,-0.0101375284454823
5987,162419.284019084,214843.302392836,-11873.3864119201,0.0341875470218987
5988,167636.668036075,214974.292282258,-17221.7603183329,0.049898260589892
5989,156049.56590239,215166.252744501,-5826.61864689126,0.0164202954808823
5990,149659.371899189,204382.757783274,11347.0703175372,-0.0295356521564669
5991,156901.873688193,209068.746859942,-581.420548134949,0.00416125757138264
5992,149009.720669046,211079.78045367,5299.69887728425,-0.0146164957929757
5993,142270.257048955,208296.466414216,14822.476536829,-0.042332481232086
5994,162264.734094772,224932.215259533,-21807.7493543049,0.058536824219231
5995,155602.281572237,216470.102039655,-6683.18361189187,0.0179977363210478
5996,150988.845244056,208290.988485509,6109.3662704351,-0.0154686516426675
5997,163181.650804364,220024.278365896,-17816.7291702605,0.0503062068672601
5998,155921.191707331,210164.439746262,-696.431453593017,0.00275558675104451
5999,139411.006688704,196896.200450248,29081.9928610479,-0.078653359501234
6000,153106.382233989,211820.760272114,462.057493896398,-0.000718563509936612
6001,150964.985195514,211668.226839203,2755.98796528316,-0.00694203153763763
6002,157227.060042437,213103.340104211,-4941.20014664804,0.014705430319306
6003,160673.317187002,218049.458045266,-13333.5752322681,0.0365855904608142
6004,150979.192786889,208273.148353548,6136.85885956325,-0.016195423263456
6005,161400.542206544,220662.395876232,-16673.7380827758,0.0459167996159494
6006,163567.787166632,219749.840708954,-17928.4278755858,0.0500020498981438
6007,154517.96465669,210510.057704538,361.177638771653,0.000357735499522639
6008,154813.603971092,211662.541246654,-1086.94521774573,0.00456690712360905
6009,144323.550267041,201353.879495311,19711.7702376486,-0.0530378738430462
6010,148986.40086937,213845.111845006,2557.68728562415,-0.00882396041600377
6011,153438.343969136,212878.590035162,-927.734004298167,0.00283771846094958
6012,150742.473925578,206054.821409034,8591.90466538881,-0.0211937119301716
6013,177865.939739478,227146.861326057,-39623.6010655347,0.111717868513811
6014,158626.16590795,225915.483536354,-19152.4494443043,0.048790965756885
6015,143074.867177039,203764.4944167,18549.8384062609,-0.0504125282471937
6016,158783.302269624,216354.376827218,-9748.47909684171,0.0276741788770495
6017,143001.49087052,210940.089260599,11447.6198688805,-0.0330555389533094
6018,152688.443229272,211418.291952013,1282.46481871512,-0.00284889881847644
6019,139244.168469453,204959.900859005,21185.1306715423,-0.0590479883244894
6020,157989.728339686,219360.302287286,-11960.8306269726,0.0322373117890166
6021,146852.450949154,208916.21240679,9620.53664405533,-0.0264510430628689
6022,166293.780169228,221491.765260703,-22396.3454299304,0.0626833117286491
6023,152728.148125665,206397.163503801,6263.88837053388,-0.0152776175561527
6024,153964.690290841,211043.673904058,380.835805101262,0.00104398406284056
6025,152653.937130726,215924.668693406,-3189.40582413151,0.00791452976123202
6026,144830.01544154,203344.170823847,17215.0137346131,-0.0466365757749458
6027,139723.91353889,211513.125798095,14152.160663015,-0.0430550191101184
6028,165910.327556102,217012.337252229,-17533.4648083301,0.0510962563793695
6029,162564.969117612,215018.171981334,-12193.9410989459,0.0346228702153905
6030,148802.740995158,206679.180629219,9907.27837562369,-0.0253589567933569
6031,142579.830984187,207533.782019837,15275.5869959766,-0.0428730671440724
6032,151451.659278654,210858.175351275,3079.36537007126,-0.00727873390604223
6033,156358.874736571,220538.460452453,-11508.135189024,0.0301867982327251
6034,160128.957363621,215757.070396675,-10496.8277602955,0.0296621236215362
6035,137356.506267126,206671.1342993,21361.559433574,-0.0606155095806643
6036,132391.650040038,195287.813997195,37709.7359627675,-0.1032939518831
6037,166184.58203061,218129.940040813,-18925.3220714229,0.0543186459385456
6038,161358.940592771,213317.422039467,-9287.16263223783,0.0275902294002968
6039,153756.050782258,206268.99617648,5364.15304126224,-0.0119107617109874
6040,148198.329551789,210690.161171986,6500.70927622513,-0.0183564947423355
6041,153752.970417928,212996.179563355,-1359.94998128276,0.00452030154113751
6042,146018.407409869,207765.55127509,11605.2413150412,-0.0320158906473427
6043,150714.632236545,205757.208670518,8917.35909293679,-0.0225655336616898
6044,171773.160103567,221174.687211512,-27558.6473150794,0.0781366754397808
6045,147240.996037636,202527.234228416,15620.9697339481,-0.0410786769084349
6046,153644.59884058,213508.346416239,-1763.74525681901,0.00510728759875301
6047,161989.281275455,215049.480237061,-11649.5615125162,0.0337649163124255
6048,154602.996660627,215471.926607543,-4685.72326817032,0.0126827586812151
6049,154998.431783366,215911.151361707,-5520.38314507267,0.0155535166627433
6050,150123.241293876,219808.550443528,-4542.59173740464,0.00863709648122638
6051,158512.061034493,209655.617402935,-2778.4784374286,0.00953028690417573
6052,149674.176880357,208709.061044164,7005.96207547962,-0.0181781099632698
6053,145771.123675547,216215.12069033,3402.95563412289,-0.0122434916517235
6054,156424.789171997,213637.907218768,-4673.49639076524,0.0136312168579389
6055,152250.580053198,206919.886691543,6218.73325525917,-0.0157343991747166
6056,175316.31228688,223245.200415548,-33172.3127024287,0.0939865284027197
6057,131996.944247089,200721.897007268,32670.3587456436,-0.0913598873757687
6058,149361.595410162,207698.996573129,8328.60801670887,-0.0221017132799178
6059,167021.355425341,224933.271285814,-26565.4267111552,0.0722924006946878
6060,147970.614763759,214460.693854435,2957.89138180576,-0.0102375138648718
6061,167012.338089864,216078.100307201,-17701.2383970654,0.0511728560450449
6062,142584.689202705,204844.815621543,17959.6951757518,-0.0490862914624005
6063,149451.10963005,213902.402867523,2035.6875024272,-0.00697984542894654
6064,165052.271575902,221904.026148082,-21567.0977239847,0.0588922724408108
6065,151622.820022346,207872.865700469,5893.51427718514,-0.0148710685634243
6066,144080.424228356,202655.193382403,18653.582389241,-0.0499199629392234
6067,162341.738252869,213910.691154655,-10863.2294075243,0.0320268319294597
6068,138939.849334806,217080.457165232,9368.89349996235,-0.0308251421527697
6069,142514.738293681,201111.19157318,21763.2701331389,-0.0584578064596991
6070,159441.42049704,219288.871281043,-13341.0917780835,0.036244789237359
6071,147276.246247399,212327.303810993,5785.64994160767,-0.0181101656688421
6072,141854.777459621,217677.924364751,5856.49817562761,-0.0211268359172299
6073,161980.097225421,214402.472314292,-10993.3695397126,0.0315412544726251
6074,151289.012530004,212887.434173869,1212.75329612661,-0.00354469036809719
6075,161128.006327493,216506.913741617,-12245.7200691098,0.0350528708026139
6076,165363.998308893,221233.436602629,-21208.2349115221,0.057803088079278
6077,142287.019074142,205459.152946857,17643.0279790013,-0.0485952537337837
6078,129850.389592133,197338.065216911,38200.745190956,-0.106286936182825
6079,140257.097892839,206440.430696922,18691.6714102385,-0.0526963894585729
6080,153890.46100806,206607.815782844,4890.92320909566,-0.0109661534706126
6081,154084.370652494,213048.957225513,-1744.12787800719,0.00547901594231443
6082,140167.715493302,204580.299597585,20641.1849091136,-0.0570194217330533
6083,145441.336588261,207509.476842994,12438.3865687447,-0.0341462469504895
6084,161264.622151052,225899.013133869,-21774.4352849214,0.0573274685087183
6085,160446.81007779,220966.109375791,-16023.7194535805,0.0436478437963445
6086,148784.063579964,212673.418442872,3931.71797716414,-0.011824112028849
6087,144411.006925159,213069.124346668,7909.06872817216,-0.0230730069407907
6088,160240.111595917,209308.784885611,-4159.69648152805,0.014693312678981
6089,154177.149961663,210702.592565669,509.457472668786,-0.00088043451164793
6090,155613.233542028,210308.127340013,-532.160882040218,0.00311829394868314
6091,162633.470392098,215229.038305527,-12473.3086976247,0.0358356154882056
6092,144962.463176573,204427.69628172,15999.0405417077,-0.0434428047313544
6093,156856.584803443,221379.244788149,-12846.6295915917,0.0330065507269132
6094,154591.11235845,207741.875846963,3056.21179458714,-0.00658653694429922
6095,149573.833225884,209130.920270709,6684.44650340738,-0.0178865704294136
6096,158663.330989364,216086.041849365,-9360.17283872882,0.0263847227714835
6097,162245.489386135,216127.512951948,-12983.8023380831,0.0366004402109389
6098,164108.057377372,219634.759093982,-18353.6164713547,0.0523298158032284
6099,161177.535216792,210962.012689568,-6750.3479063604,0.0213695268032123
6100,143064.852083442,203914.204250984,18410.1436655743,-0.0497438249274373
6101,136677.848584897,213824.232300019,14887.1191150846,-0.0451712889875887
6102,172164.552630158,219397.104900184,-26172.4575303412,0.0734611374535444
6103,159407.213691604,213192.987004436,-7211.00069604017,0.021270833177881
6104,159509.215177824,213632.971798671,-7752.98697649507,0.0225446805953323
6105,157559.23041631,216316.19937136,-8486.22978766984,0.0233091807870714
6106,141351.284563972,206947.331305401,17090.584130628,-0.048099291398469
6107,163399.699774206,221117.667353854,-19128.1671280605,0.0528050844402009
6108,145380.331092528,204603.305104256,15405.5638032156,-0.0415543134035598
6109,142737.739881975,207918.124423487,14733.3356945384,-0.0420138565522175
6110,142149.432287429,204571.842471589,18667.9252409823,-0.0513708130148792
6111,155039.060283751,213857.421606772,-3507.28189052345,0.0100659664944799
6112,146372.590590158,210499.124158381,8517.48525146063,-0.0242144266532091
6113,153746.606169419,209461.133898193,2181.45993238792,-0.00452994879870657
6114,167132.398729799,220148.872176945,-21892.0709067438,0.0608479260015573
6115,154553.471563281,215118.832689638,-4283.10425291891,0.0118026228021301
6116,168072.136061741,212246.332188532,-14929.268250273,0.0450596242636253
6117,168207.002237412,223084.745560921,-25902.5477983333,0.0719987659927245
6118,147911.483275501,209646.545998313,7831.17072618561,-0.02143678808365
6119,167453.840263499,218179.079432502,-20243.7196960012,0.0574703586410292
6120,153298.276103984,204446.149701929,7644.77419408673,-0.0185141044139666
6121,164554.237262812,215045.633785368,-14210.6710481792,0.0413316190978434
6122,169444.205821514,217890.462191032,-21945.4680125462,0.0629439262536657
6123,162315.426621114,218458.998757086,-15385.2253781994,0.0430995061534911
6124,168380.898869292,216817.192495559,-19808.8913648517,0.0578150614505088
6125,142372.612985136,201438.485570461,21578.1014444032,-0.058307361600047
6126,147540.205191308,205336.469404648,12512.5254040441,-0.0334245873171129
6127,158037.091530771,216052.401641544,-8700.29317231517,0.0236346050074568
6128,161848.732677055,210668.492421276,-7128.0250983311,0.0227940294095182
6129,142025.643957123,209076.51429375,14287.0417491266,-0.0407036017535419
6130,166359.80719912,218242.916279598,-19213.5234787176,0.0545341070400901
6131,144578.69840183,203969.21604844,16841.2855497301,-0.045392152873183
6132,139243.49482027,201188.121667588,24957.5835121418,-0.0677266061404263
6133,144943.95243612,204948.937114219,15496.3104496613,-0.0420218361677783
6134,138187.936203738,207088.066335071,20113.1974611913,-0.0566246205499408
6135,135753.964578299,204725.998262227,24909.2371594735,-0.0701860760252091
6136,140443.402582483,209398.924390165,15546.873027352,-0.0452121147243891
6137,153263.834107424,216463.442044961,-4338.0761523855,0.0113809772770935
6138,142873.651089359,204293.544113088,18222.0047975528,-0.0498850550172016
6139,167071.687353175,219763.427760612,-21445.9151137873,0.0595766714926886
6140,155945.449006029,210433.300221888,-989.549227917509,0.00464171124385141
6141,162672.080601491,219727.835767045,-17010.7163685358,0.0467459821176643
6142,127430.396668039,199426.636400518,38532.166931443,-0.107670084031096
6143,143760.51137866,206033.094914666,15595.5937066741,-0.0428302435203207
6144,155950.244631803,211900.249281078,-2461.29391288088,0.00833593095771584
6145,150403.18954877,212042.241626579,2943.76882465131,-0.00804821426611379
6146,150930.511005183,212939.356781989,1519.33221282769,-0.00509969797566741
6147,166111.685282928,217590.332057434,-18312.8173403625,0.0511945552059347
6148,140959.907612181,203007.951918226,21421.3404695927,-0.0588560663738758
6149,172780.928186149,228514.019820761,-35905.7480069098,0.098908826968368
6150,144552.303866102,205285.971293258,15550.9248406402,-0.042740066542559
6151,157817.557540722,219003.866002003,-11432.223542725,0.0302779244191814
6152,149337.073850876,209231.931598113,6820.19455101038,-0.0180835145647476
6153,134574.858058466,200451.450119149,30362.8918223857,-0.0835821695359847
6154,145569.381378585,200996.010750199,18823.807871216,-0.050067290103111
6155,160009.716098544,220102.075007635,-14722.5911061783,0.0404153184431132
6156,152919.635867828,210982.384985499,1487.17914667324,-0.00312039482637534
6157,143855.332434569,210019.373050363,11514.4945150689,-0.0331187318015114
6158,138248.882562756,207105.264965814,20035.0524714303,-0.057505994598747
6159,163624.937595687,224696.070804401,-22931.8084000875,0.0615765727582655
6160,165126.851012944,225045.287863583,-24782.9388765265,0.067496087317641
6161,129093.416836683,201213.981903216,35081.8012601009,-0.0984846634620847
6162,163133.261748138,225420.327296747,-23164.389044885,0.061692177767079
6163,159775.299708261,219121.514447495,-13507.6141557566,0.0376906314949363
6164,152301.776986976,213247.817602521,-160.394589496835,0.0012309396394972
6165,150297.555376375,216087.408920826,-995.764297200658,0.00118125783919077
6166,160815.252219846,224769.053490654,-20195.1057105001,0.0538076216206868
6167,150701.330303199,222349.377471066,-7661.5077742642,0.0168594999007668
6168,142040.030586763,203401.028418183,19948.1409950544,-0.0545689288371496
6169,154255.782932233,214041.337274332,-2907.92020656477,0.00724102777500601
6170,155235.276704932,221578.87522336,-11424.9519282923,0.0289667116550686
6171,158293.405988948,215202.514879328,-8106.72086827579,0.0231702320529569
6172,159000.080485519,209816.845396947,-3427.72588246613,0.0124431776913045
6173,166929.830309875,223382.643123277,-24923.273433152,0.0681753513803563
6174,150896.181739953,211877.719088682,2615.2991713651,-0.00768221075237175
6175,141315.939762936,201430.138904981,22643.1213320834,-0.0615196551290879
6176,159015.064359602,212657.887366294,-6283.75172589574,0.019163872233283
6177,157727.220337219,219986.374295015,-12324.3946322334,0.0321103530395596
6178,153041.570130592,207896.358773586,4451.27109582227,-0.0109753253130515
6179,139814.757758717,205635.457331069,19938.9849102139,-0.0559843029482074
6180,155030.628073219,217777.36275571,-7418.79082892911,0.0197175979624673
6181,150047.585017398,207301.461683007,8040.15329959482,-0.0204076585333761
6182,137492.948483259,205549.29975966,22346.951757081,-0.063484737122073
6183,140344.303054728,204907.323076812,20137.5738684601,-0.0559568966448161
6184,153677.748124048,221432.091295933,-9720.63941998099,0.024447342796928
6185,141557.111199388,205063.534489636,18768.5543109762,-0.0515842222565243
6186,172180.543227319,226465.062560119,-33256.4057874387,0.0925546996137159
6187,154602.558491127,210633.16947241,153.472036463616,0.000569354669761737
6188,186461.328944843,235175.699976867,-56247.82892171,0.156685383710734
6189,154823.871290187,218442.450063309,-7877.12135349587,0.0210386953838723
6190,164358.594531252,225280.155126422,-24249.549657674,0.0653014679975948
6191,154530.576415061,215250.795205052,-4392.17162011383,0.0117550820518649
6192,167663.932910165,233542.046119542,-35816.7790297071,0.0952401583600514
6193,167998.880801345,219874.095487062,-22483.7762884069,0.0617623262616378
6194,138787.923303174,204371.308037829,22229.9686589973,-0.0616606097092919
6195,151948.642643709,209995.135054189,3445.42230210238,-0.00870496759751005
6196,169167.183225676,232146.423443749,-35924.4066694256,0.0964833563979308
6197,159239.061913645,219760.662870984,-13610.5247846293,0.0379022433318103
6198,131636.748333636,195797.904071653,37954.5475947114,-0.104185265561041
6199,153980.423976405,208972.671957599,2436.10406599648,-0.00529718833457011
6200,141960.662819908,208707.268003799,14721.2691762933,-0.0423074954471643
6201,168505.103220248,222397.984036734,-25513.8872569814,0.0716539696368218
6202,152712.937435419,208827.112403891,3849.15016069054,-0.00901777518430107
6203,152581.982444638,210358.862204096,2448.35535126558,-0.00595045685452657
6204,148925.794892017,212756.434983136,3706.9701248472,-0.0114094134113389
6205,139597.817677524,204866.298177556,20925.0841449201,-0.0581770142959373
6206,152945.149014,208751.245111982,3692.80587401753,-0.00819329851760892
6207,146306.69361901,204371.154654602,14711.3517263881,-0.0392746752314187
6208,139896.967905012,202336.591808346,23155.6402866424,-0.0633787756060968
6209,146571.62544648,208955.423532082,9862.15102143859,-0.0270671761325478
6210,148831.381375159,209777.181736674,6780.63688816718,-0.0187599807551999
6211,163693.696990911,215882.637529072,-14187.1345199824,0.0405534017528843
6212,158512.785709732,212228.341391257,-5351.92710098898,0.0169477268556482
6213,152800.134116701,218373.947655115,-5784.88177181565,0.0139426947024168
6214,150711.729812948,206819.965426534,7857.50476051815,-0.0198630082518527
6215,168599.687113727,225285.057033313,-28495.5441470396,0.0789945330256328
6216,155322.164016443,213538.775835246,-3471.73985168955,0.0100428213290506
6217,156307.318008531,215216.466531081,-6134.58453961229,0.0162416474348057
6218,156346.703654354,210923.678887862,-1881.18254221574,0.00664840906248807
6219,145024.439355073,206149.985915114,14214.7747298124,-0.0389722588618069
6220,145444.455110218,206926.45984046,13018.2850493214,-0.0358942384677173
6221,148535.459433569,206742.088377924,10111.6521885077,-0.0274566609317489
6222,135892.995510293,210508.224766552,18987.9797231546,-0.0555557617734449
6223,164842.894728834,222967.112365822,-22420.8070946556,0.061832354018452
6224,143792.548670081,206313.054883999,15283.5964459201,-0.0416442875755361
6225,165847.122266538,218287.697601792,-18745.6198683296,0.0522388592633763
6226,161271.988001917,212595.635302366,-8478.42330428271,0.0257630286423806
6227,147396.564694622,205712.002122351,12280.633183027,-0.0326670052411735
6228,146380.105079272,203130.664011295,15878.4309094328,-0.0413934708363217
6229,152233.562401068,210684.70155217,2470.93604676245,-0.00639006540692326
6230,134808.259419666,202710.61999256,27870.3205877746,-0.0777945011572374
6231,136845.28817989,204749.372839951,23794.5389801587,-0.0669634065083041
6232,138511.179773193,200905.071193042,25972.9490337652,-0.071387349119461
6233,156964.091451087,219340.447522985,-10915.3389740715,0.0280669353745315
6234,146650.160444855,207064.037495074,11675.0020600712,-0.0317013251987181
6235,161033.679200377,212270.916193251,-7915.39539362845,0.0240477538387392
6236,134553.310344795,198623.82902509,32212.0606301153,-0.0887243124665169
6237,161702.658787331,211511.462862948,-7824.92165027978,0.024081173233808
6238,148755.992467144,209269.320771542,7363.88676131418,-0.019980425077111
6239,148416.591624714,208124.339683049,8848.26869223703,-0.02344309444106
6240,148097.393024399,218590.883515842,-1299.07654024073,0.000139267815158733
6241,170054.706377139,222357.494467377,-27023.0008445162,0.0760561174562326
6242,153048.689735639,218237.592939693,-5897.08267533174,0.0141104718980663
6243,157626.717935272,210043.676150703,-2281.1940859757,0.00893725008775216
6244,154330.715926398,213934.318319102,-2875.83424549986,0.00776347737115176
6245,158595.069855523,214399.909698641,-7605.77955416433,0.0218535937389932
6246,150666.102197809,210712.476547639,4010.62125455198,-0.0107547010550672
6247,148559.559008703,215454.248524085,1375.3924672128,-0.00643356953424058
6248,143223.393304265,211746.965611489,10418.8410842458,-0.0311931615314226
6249,161736.387081757,219963.120568906,-16310.3076506624,0.04523930836401
6250,138567.821664345,200503.963739605,26317.4145960504,-0.0719269042307077
6251,142393.326771803,209547.418176087,13448.4550521096,-0.0388946344501005
6252,150278.989180434,208010.28308607,7099.92773349601,-0.0180551953525681
6253,156851.386638705,206419.48599084,2118.32737045566,-0.00329946113964196
6254,152242.386516935,211801.514180943,1345.29930212122,-0.00331515733884336
6255,145233.376486723,205276.687792049,14879.1357212277,-0.040462289901029
6256,147730.059907641,211268.61220198,6390.52789037902,-0.0189285460214118
6257,147640.454618588,212818.439226201,4930.30615521077,-0.0155493408923687
6258,178073.84110111,217944.237128097,-30628.8782292068,0.0892466658996421
6259,152770.62774612,209996.244997935,2622.32725594548,-0.0063786277623679
6260,164360.528523163,216802.071979704,-15773.4005028669,0.0442117495450623
6261,154295.231819118,212859.302491182,-1765.33431030065,0.00581206402070604
6262,142447.385694142,206235.615026861,16706.1992789967,-0.0461626961360397
6263,152008.481232672,211667.781915294,1712.93685203401,-0.00484506117828807
6264,148360.790358999,211592.308209355,5436.10143164586,-0.0150785545349162
6265,162812.854714766,226735.172320067,-24158.827034833,0.0655097696229247
6266,153042.903866732,212019.357359359,326.938773908594,-0.000342579672124632
6267,157525.94533234,217600.327466952,-9737.07279929204,0.0271891129817468
6268,143723.948228136,207221.299698062,14443.9520738026,-0.0398970234341676
6269,148902.623958882,208454.821022333,8031.75501878478,-0.0208644498442744
6270,171183.005938288,224922.852700292,-30716.6586385803,0.0858820568990016
6271,152835.012327341,211378.318046817,1175.86962584266,-0.0024419873509559
6272,153507.262512024,223094.406810131,-11212.4693221552,0.0269433583922798
6273,155019.083361823,216358.116994395,-5988.0003562179,0.0165015286026103
6274,152301.980580098,209342.436717754,3744.78270214802,-0.0101055066171256
6275,158833.040916918,214186.270633761,-7630.11155067844,0.0217767524675087
6276,157419.954796273,212688.575432404,-4719.33022867661,0.0139728304080931
6277,154667.037250842,218142.370727032,-7420.20797787426,0.018738319725644
6278,156861.491822011,213510.090027818,-4982.3818498287,0.0150200809981169
6279,153712.887675122,211326.833169493,349.479155384412,-0.00069345266694237
6280,154374.063505862,210882.484658345,132.651835792698,0.0013412310606433
6281,158212.536696907,207154.510274123,22.1530289697694,0.00308675281387136
6282,149269.875982538,208117.736972161,8001.58704530163,-0.0215526084163871
6283,154640.646440501,211823.729813236,-1075.1762537373,0.00382526714959682
6284,146083.507776308,213054.866481089,6250.82574260305,-0.0193308939125079
6285,156791.089444971,211422.572674765,-2824.46211973595,0.0095313748530695
6286,150479.514122155,216857.233560358,-1947.54768251255,0.00338391016481106
6287,153421.005910081,217762.793666885,-5794.59957696573,0.0138919272583532
6288,145174.523012567,205770.153241258,14444.5237461752,-0.0397864462808959
6289,161272.50106829,220681.504517079,-16564.8055853695,0.0451870529127456
6290,159726.230045666,216748.209516634,-11085.2395623004,0.0316509535837372
6291,150881.181910586,217995.417708056,-3487.39961864153,0.00711011916890915
6292,151375.191923093,216556.508459953,-2542.5003830457,0.00535204133533551
6293,149227.865447232,208079.116448811,8082.2181039569,-0.0221579001011453
6294,145710.153589957,204240.655270693,15438.3911393508,-0.0417715118555497
6295,164988.335086869,217174.482980774,-16773.6180676425,0.0478549101043004
6296,142553.218189806,212240.716677293,10595.2651329013,-0.0312499945342057
6297,156681.475722981,210668.361890257,-1960.63761323766,0.00718450682221499
6298,163715.643250396,214388.651783395,-12715.0950337913,0.0382387645726105
6299,155693.729799064,212434.182588544,-2738.71238760784,0.00847980756647708
6300,144909.902895673,208195.023823337,12284.2732809894,-0.0342105148874263
6301,157492.943484969,218072.659036787,-10176.4025217556,0.0275072649587894
6302,151059.33550246,210518.72932179,3811.13517575001,-0.0104161941745672
6303,162740.271678464,226772.945363771,-24124.0170422348,0.0634561307966195
6304,158044.811310715,214829.469382741,-7485.08069345623,0.0218942688910338
6305,155661.926711048,215435.964510802,-5708.69122185011,0.0154079403355735
6306,159064.435729904,219323.844221162,-12999.0799510661,0.0354495111638852
6307,137855.013873828,209617.244744047,17916.9413821251,-0.0526416155263295
6308,153116.219907124,208082.819200467,4190.16089240852,-0.0102332234585542
6309,148851.245617879,205744.756204764,10793.1981773578,-0.0278861600357057
6310,160717.102029661,216156.843331862,-11484.7453615227,0.0325891266733462
6311,148956.29019034,207893.215235498,8539.69457416248,-0.0233459721778013
6312,139565.807519833,210720.24219253,15103.1502876363,-0.0450604677681197
6313,137552.943820336,203881.634064493,23954.6221151702,-0.0664189068695703
6314,172411.297453034,228111.652438254,-35133.7498912877,0.0968348130788261
6315,159672.160399427,225071.857804269,-19354.818203696,0.0517048486282824
6316,163468.441536742,217262.166415891,-15341.4079526328,0.0438539167059364
6317,150262.066091559,205818.865977352,9308.2679310891,-0.0239863645587656
6318,156514.510858935,213381.463383009,-4506.77424194361,0.0134048990334012
6319,148658.591124357,210388.027703945,6342.58117169881,-0.0175106140153132
6320,149038.220990132,207529.396069142,8821.58294072544,-0.0234475401708173
6321,148027.075337058,210673.996373848,6688.12828909402,-0.018574120963378
6322,152475.725260197,210267.196739579,2646.27800022427,-0.00683839899864122
6323,149002.267848749,207626.240356339,8760.69179491216,-0.0232295975874211
6324,155153.348654339,210114.475660375,121.37568528601,0.000971096533923925
6325,157721.208491925,216633.801297484,-8965.8097894087,0.0247224943742819
6326,146422.299629044,212995.885154026,5971.01521693042,-0.0179159374511378
6327,145317.748728383,212360.825712103,7710.6255595148,-0.0230775718992132
6328,150246.362735523,211853.446913959,3289.39035051828,-0.00912460176620308
6329,153630.176298123,206823.811540119,4935.21216175763,-0.0110349660496314
6330,149995.28331708,214562.609103191,831.307579729415,-0.00306631422084427
6331,162496.954052763,215683.821609455,-12791.5756622174,0.0371812147644271
6332,132484.554501546,199627.499756302,33277.1457421525,-0.0924294449349922
6333,152440.713127052,210325.599276704,2622.88759624324,-0.00635652078540064
6334,144465.410729798,206549.735461337,14374.0538088643,-0.0401443740068747
6335,136519.985107515,203096.071887819,25773.1430046661,-0.0713127518233306
6336,166777.769056022,218625.13432763,-20013.7033836513,0.056727004318505
6337,135694.610824952,202905.923268993,26788.6659060552,-0.0741246654308759
6338,151681.281682705,203746.130068453,9961.78824884119,-0.0253345670281076
6339,159909.53806,210450.466147917,-4970.8042079173,0.0160489641802305
6340,151433.87784251,216317.402374619,-2362.08021712833,0.0045368655139065
6341,157408.788325228,212899.21886251,-4918.80718773772,0.0148236239284515
6342,143526.794323439,206281.458943764,15580.9467327974,-0.0434751322785304
6343,146990.055630403,208075.14923331,10323.9951362874,-0.028181371511337
6344,162271.282562411,221215.167310905,-18097.249873316,0.0492365177850699
6345,144616.827816073,204585.877609149,16186.4945747778,-0.0437706704747374
6346,154872.704488798,213594.929636137,-3078.43412493408,0.00914078493157996
6347,155971.371563364,214387.64569418,-4969.81725754408,0.0136518716283511
6348,167157.105160258,217526.624417477,-19294.5295777351,0.0552318726092677
6349,146929.556621264,207721.94735538,10737.6960233557,-0.0295742102548504
6350,149763.489975233,206607.510800211,9018.19922455592,-0.0234147759302647
6351,132916.221409663,208104.868993302,24368.1095970356,-0.0705293646209905
6352,167570.824420362,214831.873612477,-17013.498032839,0.0493360133313518
6353,144842.942540459,205098.053657844,15448.2038016969,-0.0421725259628644
6354,151816.502475571,207968.10154045,5604.59598397842,-0.0139315231334298
6355,153635.859340309,212671.425584577,-918.084924885945,0.00291081453291204
6356,161052.33210542,216506.460801024,-12169.5929064447,0.0344971752629167
6357,154686.339506098,215102.641869749,-4399.78137584752,0.0126012025047073
6358,166506.98127019,225527.994062636,-26645.7753328265,0.0716633010142031
6359,155603.356082022,210958.323511297,-1172.47959331889,0.00441997638026409
6360,175026.296007485,224087.207305012,-33724.3033124962,0.0940314599644016
6361,151155.052871005,206236.169270919,7997.9778580761,-0.019885823526583
6362,164172.253536584,220558.414765667,-19341.468302251,0.053739828332015
6363,163630.920548865,214540.234780832,-12781.9553296972,0.037644969129958
6364,134445.424762016,195933.10307786,35010.6721601243,-0.0951707816776253
6365,157955.552028461,221792.535255115,-14358.8872835758,0.0379480950487324
6366,150423.874400143,205881.381563281,9083.94403657602,-0.0236891440391663
6367,167786.688212269,223001.226146446,-25398.7143587148,0.0702040425994948
6368,136507.295556189,201260.028777092,27621.8756667191,-0.0761491311632596
6369,155853.168124623,219979.594625564,-10443.5627501863,0.0277777056905004
6370,155919.648383549,215290.307354931,-5820.75573848042,0.017040315935451
6371,152020.431378447,209427.225806644,3941.54281490931,-0.00985140765198687
6372,150571.655360451,216640.588074951,-1823.04343540163,0.00251362362783244
6373,143794.538968751,210980.172251266,10614.4887799833,-0.0313681971915342
6374,149946.036441806,211802.91683465,3640.24672354438,-0.0101948186825784
6375,152664.490573716,213282.838290629,-558.12886434485,0.000800064954579911
6376,161115.681875374,211180.476223271,-6906.95809864445,0.0218562842983038
6377,149730.977390999,207295.132149067,8363.09045993455,-0.0214103429249677
6378,159861.215606372,218666.032815625,-13138.0484219969,0.0356832351245661
6379,163148.789663993,219723.30537834,-17482.8950423331,0.0486155930969194
6380,146760.587554631,203726.818376203,14901.794069166,-0.0401710162545275
6381,155861.209062944,211988.1734437,-2460.18250664353,0.00797072728109223
6382,166705.609028444,220539.396781353,-21855.8058097972,0.0617996417682212
6383,145757.691592909,201857.189924519,17774.3184825724,-0.0471116386190353
6384,138639.148212713,202481.884283736,24268.1675035507,-0.0667732587129746
6385,144817.503233064,211667.137566576,8904.55920035945,-0.0261725538068524
6386,159271.314011469,212872.045910712,-6754.15992218134,0.0196406971673086
6387,160620.827759054,213712.314680484,-8943.94243953779,0.0266576152513541
6388,146229.66987875,214772.705580408,4386.82454084238,-0.0140888312158982
6389,158625.100632454,214077.046802678,-7312.94743513205,0.0215946512175597
6390,151108.771351675,216005.835672076,-1725.40702375077,0.00264959032292392
6391,161001.702436356,227512.5432114,-23125.0456477558,0.0608784153317844
6392,161401.796729294,221808.871885116,-17821.4686144101,0.0482210259068979
6393,145379.460294559,212394.83449639,7614.9052090515,-0.0226815611753318
6394,163534.322585149,220058.801929667,-18203.924514816,0.0505366534851191
6395,133845.831182696,201146.421351861,30396.9474654433,-0.0845083438804937
6396,150035.10982565,213233.582435429,2120.50773892167,-0.00596185425302081
6397,151034.024267664,220051.2090962,-5696.03336386423,0.0122395127428803
6398,143423.515765775,201673.595454922,20292.0887793033,-0.0550371142916622
6399,164345.902408573,221589.254430449,-20545.9568390214,0.0563475902817634
6400,151939.855441269,210765.63382817,2683.71073056076,-0.00737030307149863
6401,139412.387606855,207858.289130089,18118.5232630554,-0.0516002331465344
6402,161817.011359083,224132.089078763,-20559.9004378468,0.0554216312431275
6403,167026.293750758,225821.626855243,-27458.7206060013,0.0752962709167409
6404,151102.111052064,214715.882694895,-428.793746958778,0.000282526325093667
6405,155755.107735711,213351.522384595,-3717.43012030522,0.0109509527114357
6406,138091.744312383,210230.30561185,17067.1500757668,-0.0504215182958789
6407,165850.045611107,218094.160209221,-18555.0058203277,0.0522143950243111
6408,139250.215128948,204558.332639736,21580.6522313164,-0.0600520099816918
6409,157988.96303137,216860.146828316,-9459.90985968633,0.0262281016626606
6410,141533.505778409,202850.200777702,21005.4934438893,-0.0573705728067879
6411,153504.688061185,213415.590849671,-1531.07891085645,0.00486141556256444
6412,142633.049042721,210606.565014922,12149.585942357,-0.035843347396071
6413,153684.568037733,204591.405695149,7113.22626711836,-0.0168727017988687
6414,150669.496502223,211434.620601348,3285.08289642917,-0.00897621813433871
6415,144829.219349471,208254.560159591,12305.4204909374,-0.0352636338686968
6416,152060.328314033,207143.772841893,6185.09884407412,-0.0155581573713977
6417,146251.918458646,211134.467145145,8002.81439620932,-0.0232740658158789
6418,151366.890619129,206143.71217956,7878.59720131109,-0.0202443019393534
6419,135732.257527946,197971.885279762,31685.0571922926,-0.0861527406503543
6420,153295.310438341,217970.208751238,-5876.31918957905,0.0145146017197662
6421,152107.957462109,207945.164976836,5336.07756105525,-0.0138068668175947
6422,153303.062455211,202401.972312242,9684.16523254657,-0.0230863839160143
6423,159292.936341452,209777.798796316,-3681.53513776814,0.0124823637278023
6424,132292.888548869,197695.23685806,35401.074593071,-0.0982989270766482
6425,149588.165419551,211553.166509686,4247.86807076243,-0.0118851834270984
6426,147468.943347686,208335.027402295,9585.22925001924,-0.025626361009831
6427,159953.907992479,210698.164151115,-5262.87214359321,0.0168705884739931
6428,153184.701902894,204721.037744104,7483.46035300195,-0.0185832643024597
6429,143867.1703156,204181.456038482,17340.5736459176,-0.0475222227018074
6430,157808.827943091,209865.412661056,-2285.04060414672,0.00826683429682312
6431,157734.761875542,215180.306426131,-7525.86830167222,0.020579834416024
6432,160443.994030742,225619.020357637,-20673.8143883787,0.0540923273078921
6433,145468.437049256,208990.257975067,10930.5049756768,-0.0301472827004195
6434,150575.165578518,215711.783110341,-897.748688858293,0.00107942077571196
6435,158756.044526081,214234.824370647,-7601.66889672767,0.0222360414812573
6436,145288.97568963,205712.089914662,14388.1343957087,-0.0395304313898885
6437,165744.574087094,222252.130020626,-22607.50410772,0.0622521197065564
6438,139405.940783304,208122.458373428,17860.8008432685,-0.0511935197009819
6439,153864.470924001,220200.603617474,-8675.87454147497,0.021972409644638
6440,156480.254677849,216717.007463662,-7808.06214151153,0.0209960893761906
6441,173748.273111453,223788.485274964,-32147.5583864166,0.0909640054719866
6442,151349.167701175,204244.695277546,9795.33702127874,-0.0249241973087829
6443,147854.481116267,208099.722546308,9434.99633742537,-0.0254488103681113
6444,151388.73270459,210107.161238406,3893.30605700309,-0.0100809022585459
6445,148131.451265713,204364.47442023,12893.2743140573,-0.0334070572656127
6446,148671.841826408,216737.648892051,-20.2907184584183,-0.0024694408222679
6447,148023.40227901,208534.149783529,8831.64793746168,-0.0236423302275511
6448,168561.486107675,235136.947825222,-38309.2339328971,0.102356012572229
6449,179124.154955335,228762.812554683,-42497.7675100183,0.117334377888984
6450,148242.520084211,207395.280873041,9751.39904274809,-0.0262047524348336
6451,139191.68642659,207497.576514831,18699.9370585792,-0.0530359472433367
6452,148720.7299507,210752.437387027,5916.03266227356,-0.0163466941706053
6453,157989.705821668,210029.608753525,-2630.11457519286,0.00925368711204408
6454,152341.839296404,206187.473692552,6859.88701104373,-0.016364387487742
6455,145887.447688837,210320.185929491,9181.56638167176,-0.0262670353842757
6456,145665.573249544,209366.247600757,10357.3791496995,-0.0292314937357401
6457,153846.282986848,207056.877912693,4486.03910045879,-0.0101272408751999
6458,153688.068484064,211616.509471741,84.6220441944315,0.000723241890990762
6459,158153.065770882,223847.658552916,-16611.5243237987,0.0435728348614329
6460,144538.165265685,206893.052529668,13957.9822046469,-0.038906180176358
6461,159410.268075898,214611.084801956,-8632.15287785372,0.0253709010047389
6462,147799.171464493,205653.935599906,11936.0929356006,-0.0314969216203125
6463,136602.187033575,205264.798121045,23522.2148453803,-0.0658521815787962
6464,145738.494762508,207737.879418807,11912.8258186851,-0.0328168869903858
6465,142726.493528992,209004.6926191,13658.0138519076,-0.0384488768615502
6466,147748.092832923,208844.792712926,8796.31445415178,-0.0240048270466345
6467,161262.769326498,218970.760248462,-14844.3295749603,0.0409134578190517
6468,177589.515434551,229662.08955488,-41862.4049894307,0.115654893829701
6469,150180.26728759,214112.387989167,1096.54472324316,-0.00372764011045599
6470,169835.079444078,229347.493025218,-33793.3724692966,0.0916225209482987
6471,144739.580482583,208325.965346106,12323.6541713112,-0.0349941723951456
6472,149860.340600968,214813.87599642,714.983402612503,-0.00242952406897022
6473,153148.995400452,216401.4517905,-4161.2471909516,0.0100455397182124
6474,165285.737000887,223836.314049156,-23732.851050043,0.0643950897722482
6475,147142.847608715,208873.173989446,9373.17840183969,-0.0254530471822412
6476,174940.54173989,220343.892361495,-29895.234101385,0.0852569439871164
6477,150264.352450451,207821.109474454,7303.73807509575,-0.0189627283898301
6478,142134.636330902,210114.400200279,13140.1634688189,-0.0379509372653186
6479,153142.795530088,211497.123208124,749.28126178775,-0.00149334129930727
6480,155836.612914956,215925.080491018,-6372.49340597383,0.0174991309809356
6481,171751.600447901,225181.583965937,-31543.9844138383,0.0872038117584028
6482,162504.655682736,216189.270538793,-13304.7262215292,0.0383838197646076
6483,128595.824286575,196343.80531531,40449.5703981143,-0.112122133805013
6484,160257.325329943,219471.780925506,-14339.9062554493,0.0388531270189873
6485,145920.282903666,204036.035984186,15432.8811121486,-0.0416957687740116
6486,154963.976059612,206381.343091383,4043.88084900525,-0.0083098625955057
6487,151199.394526444,209184.378913341,5005.42656021484,-0.0129636072330249
6488,159136.931062062,208352.341009041,-2100.07207110286,0.00814941706277302
6489,159803.899042162,211486.614295204,-5901.3133373665,0.0180489573651179
6490,147710.676376359,210847.344279473,6831.17934416822,-0.0187028462120427
6491,154432.145539901,209460.157185473,1496.8972746259,-0.00246825465078735
6492,157559.616524974,220255.665664292,-12426.0821892657,0.0316051357617579
6493,152716.657248092,215489.350542929,-2816.80779102154,0.00739306423732004
6494,162153.48039957,225869.417957615,-22633.6983571855,0.0610485490108682
6495,156762.491061239,213817.452592118,-5190.74365335755,0.0152591038892244
6496,153887.344476035,212310.820802076,-808.965278110642,0.00225146999797216
6497,156666.299467517,217922.993542967,-9200.09301048407,0.02436920541602
6498,136380.023587788,200614.887521567,28394.2888906445,-0.0785053846632889
6499,156880.144254878,215072.224673516,-6563.1689283938,0.0178790049251114
6500,159292.400088306,222749.488083958,-16652.6881722642,0.0430531120837601
6501,155149.627077138,213048.981305159,-2809.40838229674,0.00866280859821586
6502,144319.305657151,206118.937860109,14950.9564827398,-0.0410158902373014
6503,142716.025203172,209232.971131928,13440.2036649001,-0.0385867733883803
6504,155662.908046848,219571.310309603,-9845.01835645112,0.0257171419090637
6505,166176.791245668,231570.74733754,-32358.3385832075,0.0861929042262036
6506,142497.234076397,206132.23183875,16759.7340848535,-0.0461492592735215
6507,158732.899730833,221353.260136939,-14696.9598677715,0.0390347835787755
6508,156177.897913812,213929.164216294,-4717.86213010584,0.0139961748140327
6509,149315.824761215,211813.616281012,4259.75895777316,-0.0119670680514873
6510,172429.522579806,226056.13493312,-33096.4575129261,0.0921025523645078
6511,158064.442887825,223560.416062429,-16235.6589502544,0.0431063416094941
6512,164724.409593161,216667.371394803,-16002.5809879642,0.046049530005241
6513,163862.882314827,226714.428983982,-25188.1112988089,0.0673575169457634
6514,151870.539113055,214904.254963472,-1385.5940765267,0.00273775622821781
6515,144366.106099895,207756.178106668,13266.9157934369,-0.036807775009804
6516,153275.292684198,210184.457169921,1929.45014588092,-0.00418178747814025
6517,141702.691217968,208158.881783191,15527.6269988402,-0.0443171927443488
6518,157516.715538768,213278.330634841,-5405.84617360902,0.0159664641016807
6519,149193.280127137,211487.184909955,4708.73496290791,-0.0142742972239443
6520,164071.588169898,222467.628652798,-21150.0168226959,0.0581690301257423
6521,158013.096273774,216178.498839794,-8802.39511356811,0.0244566372121464
6522,160843.988685069,214966.179848366,-10420.9685334351,0.0298951648588841
6523,171819.035434871,237615.100368897,-44044.935803768,0.117346412260794
6524,155165.731861152,212993.56943768,-2770.10129883251,0.0087937856425571
6525,151124.182439591,211188.211980065,3076.80558034446,-0.0085653718293753
6526,159633.320994869,220405.66341747,-14649.7844123394,0.0392991602691605
6527,167182.008329457,213320.349201534,-15113.1575309915,0.045606887354704
6528,152720.889247568,213264.045872517,-595.735120084311,0.0017537510060501
6529,148490.869332368,208006.849220391,8891.48144724173,-0.0239176903484599
6530,165866.746809785,222843.749747621,-23321.296557406,0.0643204988205668
6531,141923.848049981,205849.017501953,17616.3344480657,-0.0482538796198909
6532,148065.812818163,210964.209152803,6359.1780290333,-0.0182896261647063
6533,153147.450961283,209430.464933886,2811.28410483082,-0.00642940982310818
6534,153054.740725156,207530.25416361,4804.20511123457,-0.0112178590594979
6535,166863.29857862,223234.103593955,-24708.2021725753,0.067849001008634
6536,150246.208405703,205782.555722643,9360.43587165425,-0.0239988190691624
6537,133238.029090986,202044.873660385,30106.2972486287,-0.0833679834741213
6538,167303.415667458,219576.933499296,-21491.1491667537,0.0614647480132715
6539,140912.728065614,204950.055744982,19526.4161894043,-0.0547933639681051
6540,158693.776024608,210005.760453948,-3310.33647855616,0.0113950003332272
6541,167305.637387951,228530.946260245,-30447.3836481955,0.0820277494487246
6542,164288.928740552,226084.688666848,-24984.4174073994,0.0677344252776292
6543,158923.876856351,212914.317115654,-6448.9939720048,0.019005647963635
6544,138187.163214484,200410.984916529,26791.0518689863,-0.0730308024264164
6545,143168.436792853,210351.156075251,11869.6071318955,-0.0346378125869146
6546,152519.428403114,209856.910410615,3012.86118627148,-0.00639452661830831
6547,158367.316639623,222181.632787797,-15159.7494274205,0.0391686563872473
6548,155834.323113457,217124.839412811,-7569.96252626803,0.0201799932584345
6549,141279.820468963,204629.662664403,19479.7168666338,-0.0532079486591401
6550,141885.347920292,200034.184963791,23469.6671159174,-0.0633624781830307
6551,143998.763391583,211291.235195909,10099.201412508,-0.029022290364824
6552,143460.597449377,215808.244615876,6120.35793474776,-0.020179774520328
6553,141201.3341474,210864.309502677,13323.5563499238,-0.0392944094593916
6554,152407.489505681,213949.99780356,-968.287309240899,0.00240645260412436
6555,156600.824876693,219254.917886023,-10466.5427627162,0.0281237898986317
6556,157225.679107156,213168.939219821,-5005.41832697723,0.0153354490796989
6557,148869.445024989,216308.544070772,211.210904239037,-0.00291839019980215
6558,143915.91959341,208713.812713179,12759.4676934112,-0.035387672480266
6559,143108.435408171,207204.169697805,15076.5948940237,-0.0413068023753705
6560,155919.711878779,213335.256745019,-3865.76862379798,0.0120437995839483
6561,158519.004428618,215468.253845388,-8598.0582740056,0.0246095192968708
6562,144169.906040782,209542.859203026,11676.4347561919,-0.0334398041074604
6563,157389.440481731,208728.252311697,-728.49279342778,0.0040074584133053
6564,158172.102200311,212295.10383417,-5078.00603448035,0.0154319084721395
6565,163750.95751492,221193.642390902,-19555.3999058214,0.0543536241658804
6566,158718.14537814,221633.626816118,-14962.572194258,0.0398765307795891
6567,165568.821222219,222460.594385722,-22640.2156079407,0.062197641808675
6568,156972.8729761,210651.73070021,-2235.40367631003,0.0080705887562178
6569,146286.650335309,211739.142442114,7363.40722257661,-0.0211502876620386
6570,141369.04761653,202546.723482309,21473.4289011614,-0.0588100016662787
6571,160802.656796655,221358.314146042,-16771.7709426964,0.0456348771197291
6572,147178.26751928,204749.056623558,13461.8758571625,-0.0356558959404466
6573,173733.97821702,223203.596998321,-31548.3752153408,0.0882431810907003
6574,160346.346507455,218151.757182561,-13108.9036900153,0.0368368617574427
6575,168772.830296556,219890.658336743,-23274.2886332991,0.0651423436422973
6576,153815.377819226,216128.00831531,-4554.18613453611,0.0115034352855
6577,152533.404648821,210305.51805565,2550.27729552914,-0.00639608931804642
6578,145070.473939404,208163.114209429,12155.6118511665,-0.0339249119467321
6579,160391.233645149,214999.087108708,-10001.1207538572,0.0288564034628364
6580,144145.967882416,204453.586218232,16789.6458993528,-0.0455078359668596
6581,168482.69519242,220586.103646383,-23679.5988388034,0.0663632637997061
6582,163993.105393045,217940.977760152,-16544.8831531967,0.0469802651448827
6583,163568.494318161,222888.41320162,-21067.7075197815,0.0576238496992971
6584,155581.138835902,212345.160179971,-2537.09901587229,0.00831831001441286
6585,138547.980141254,198960.573817288,27880.6460414575,-0.0758290489649558
6586,167185.281600193,219812.614637194,-21608.6962373873,0.0615161421844181
6587,147999.457268877,217288.233886911,101.508844212454,-0.00307827871802433
6588,161097.319868579,211778.053345511,-7486.17321409011,0.0229329930752252
6589,141494.765896175,209213.921030186,14680.5130736385,-0.0417521220346663
6590,146178.432816292,208173.69637695,11037.0708067576,-0.0303146568445449
6591,144871.612662948,213730.036866076,6787.55047097569,-0.0200942196368958
6592,160851.400113465,215452.8912084,-10915.0913218645,0.0314390737154397
6593,140550.610465021,200191.674855942,24646.9146790375,-0.0668102819168715
6594,148019.891354288,205612.913016741,11756.3956289715,-0.0313253511476669
6595,146662.713878203,208548.697196143,10177.7889256543,-0.0280224628730435
6596,142854.044462721,208035.56316947,14499.592367809,-0.0405283210501179
6597,142341.499572858,203275.299959977,19772.400467165,-0.0535783830137685
6598,143114.259901489,206644.099076047,15630.8410224638,-0.0439551675486833
6599,132278.291214201,201572.796947572,31538.1118382272,-0.088320987626259
6600,143692.514443046,199105.719890197,22590.9656667574,-0.0597793947870402
6601,148645.102418826,213535.435156718,3208.66242445557,-0.00981132280313729
6602,175728.924012009,225573.491600078,-35913.2156120873,0.101018311863446
6603,156098.778801706,211293.321039961,-2002.89984166698,0.0065722845326866
6604,160163.974500969,217809.409524571,-12584.1840255407,0.0348017676619745
6605,153089.225218058,214880.41752686,-2580.44274491852,0.00760530024683995
6606,156456.237963431,220133.949326866,-11200.9872902965,0.0297166274700678
6607,168078.510125242,220522.356058734,-23211.6661839756,0.064917405288761
6608,145419.401168753,215202.336990182,4767.46184106509,-0.0153028967596866
6609,149685.96308286,220091.034740872,-4387.79782373185,0.00824588304532403
6610,138735.983757559,200499.618718081,26153.5975243604,-0.0710491357359475
6611,156290.800569472,212556.505556392,-3458.10612586373,0.0106997424278413
6612,154428.880096326,213475.378876317,-2515.05897264316,0.0078108498435224
6613,153937.144960524,212976.472250467,-1524.41721099115,0.00417948080617003
6614,150874.087445366,208990.877006792,5524.23554784199,-0.0145672088030902
6615,144688.615378733,202452.837866685,18247.7467545819,-0.0488465458586065
6616,145557.696743865,219480.594479315,350.908776819881,-0.00475973763683687
6617,158471.98919442,214641.303142044,-7724.09233646427,0.0227091329569435
6618,152514.65188374,215037.434973075,-2162.8868568156,0.0055124105263507
6619,156784.091476338,210642.297444836,-2037.18892117433,0.00712113404876536
6620,141992.733023518,206947.904273936,16448.5627025455,-0.0462507980957234
6621,140883.772807068,210679.030393414,13826.3967995179,-0.0406392340224099
6622,165346.056815474,213368.357802723,-13325.2146181972,0.039654058502008
6623,159547.516396409,215398.580483626,-9556.89688003511,0.0277319507858556
6624,156258.444793977,211814.364165656,-2683.60895963298,0.00863696785146704
6625,148575.506379785,209468.830408241,7344.86321197374,-0.0197179748515337
6626,162793.402620118,217659.212249561,-15063.4148696787,0.0422905333764722
6627,143484.672476194,204954.998015036,16949.5295087696,-0.0462972063375525
6628,140089.288082658,207070.298974677,18229.6129426649,-0.0514908746500921
6629,160242.839643415,211884.116860142,-6737.75650355761,0.021464413997627
6630,162162.421311336,214206.938273607,-10980.1595849427,0.0323020288158335
6631,157322.105878389,214166.756830593,-6099.6627089816,0.0170183782847558
6632,163588.394845882,215690.606166883,-13889.801012765,0.039726663775864
6633,158003.505536068,212231.812912505,-4846.11844857299,0.015017835992676
6634,155308.762459138,210634.969549004,-554.532008142851,0.00257716047023579
6635,148359.647881088,207518.002205873,9511.54991303891,-0.0258009075600315
6636,155057.874464604,213465.118084589,-3133.79254919221,0.00965968347390053
6637,159263.048726396,219200.098351928,-13073.9470783242,0.0348697640548184
6638,150829.696308916,216546.962461836,-1987.45877075271,0.00366745254203898
6639,152361.596708841,212258.116357207,769.48693395243,-0.00239252533405114
6640,158208.016802006,209918.763623176,-2737.58042518143,0.00950467573510156
6641,163523.918224092,218082.029471829,-16216.7476959209,0.0456763665832888
6642,157562.859813993,210679.864135794,-2853.52394978661,0.00981306785708317
6643,159338.281908382,218462.16803601,-12411.2499443914,0.0341342150464123
6644,152374.30898214,215527.72778897,-2512.83677111089,0.00528217035114694
6645,160927.662565535,212261.805465442,-7800.26803097693,0.0234341337222652
6646,144607.756025164,207520.375378889,13261.0685959473,-0.036935562593889
6647,154005.287310419,210410.553979211,973.358710369968,-0.00132648930746179
6648,159013.574039133,214231.491458174,-7855.86549730733,0.0233299165177893
6649,146496.844630962,211235.182282094,7657.17308694392,-0.0216184526328036
6650,162095.622674541,219014.280024766,-15720.7026993072,0.0435705064589383
6651,153478.369992403,205484.784792159,6426.04521543713,-0.0155082248461872
6652,144829.159427157,213235.279472152,7324.76110069058,-0.0227934019916349
6653,163292.161373851,214621.678289513,-12524.6396633636,0.0369413737776474
6654,166394.287241441,228856.278778538,-29861.3660199791,0.0800582618424424
6655,152653.70754635,212854.496669345,-119.004215695022,-0.000727767387949083
6656,168139.133426421,225276.948203637,-28026.8816300579,0.0757998693245911
6657,152437.99735475,217840.218249145,-4889.01560389489,0.0113912659249148
6658,155595.376603349,210776.547018293,-982.723621642159,0.0038446387256638
6659,163065.161374233,218786.609668156,-16462.5710423886,0.0463343835599471
6660,150757.299220539,205608.311790509,9023.5889889517,-0.023467112890491
6661,159017.972995714,215502.809529277,-9131.58252499101,0.0259425253213553
6662,151485.231345955,210634.526268515,3269.44238552946,-0.00833897668695391
6663,147997.522652536,212925.7788785,4465.89846896491,-0.0135368617600055
6664,141871.994836723,201939.936817548,21577.2683457293,-0.058150533737762
6665,146955.375766642,206487.933008278,11945.8912250798,-0.0325409881828565
6666,145578.703467231,214121.463985961,5689.0325468083,-0.0179642824672909
6667,159110.333393886,226263.68496565,-19984.8183595358,0.0519013392307238
6668,151837.386727522,211879.088800305,1672.72447217308,-0.00438524208854991
6669,139369.951433784,204188.504889328,21830.7436768881,-0.0605999431406436
6670,153070.403483257,212101.059881836,217.736634906498,0.00040905698857243
6671,163443.144150953,219376.551965796,-17430.4961167487,0.0488194004107649
6672,177743.861940864,224897.690328052,-37252.3522689153,0.105315518935436
6673,155315.818217324,215296.588926863,-5223.20714418695,0.0140989526188958
6674,151310.26313188,210356.757487366,3722.17938075418,-0.0101443238272804
6675,151864.56207616,207749.768713992,5774.86920984735,-0.0142526715013657
6676,144775.831559225,205426.434704711,15186.9337360641,-0.0410628353227165
6677,165017.877831653,223271.56027559,-22900.2381072429,0.063323226846646
6678,153590.317662829,213616.285705598,-1817.4033684273,0.0049929005787455
6679,147354.69660413,210326.570811723,7707.93258414691,-0.0219561203809585
6680,157487.972445779,216975.364174158,-9074.13661993708,0.0246136939652898
6681,149201.772344991,206200.283494386,9987.1441606232,-0.0262724142727459
6682,154113.496518766,209168.316000477,2107.38748075702,-0.00387186179804051
6683,153366.218613972,208311.954157626,3711.02722840162,-0.00820392363239584
6684,150310.180617679,206450.880845099,8628.13853722165,-0.0227367127028416
6685,158234.259404859,212686.51202895,-5531.57143380877,0.0166689055886647
6686,153269.58373555,210560.13373485,1559.48252959963,-0.00318491996378119
6687,161598.173000664,214761.712083935,-10970.6850845996,0.0322332578097247
6688,147477.584318433,214597.666093257,3313.94958830968,-0.0106300557316708
6689,157060.223486851,208097.142521069,231.833992079541,0.00230423304442574
6690,146609.233726299,205971.304787598,12808.6614861028,-0.0344054373128953
6691,145265.534820788,206949.976457989,13173.6887212233,-0.0359305107912447
6692,151682.416503016,207520.229278081,6186.55421890336,-0.0152107169886006
6693,139664.241854125,204926.499070615,20798.4590752599,-0.0582285578196884
6694,145408.182248765,212229.65163305,7751.36611818487,-0.0223639773165091
6695,156493.35833411,217283.016982711,-8387.17531682091,0.0222059675072527
6696,148709.250109387,208081.478239989,8598.47165062354,-0.0229458792323966
6697,155874.608251804,220517.395639164,-11002.803890968,0.0284927642067842
6698,172596.199348211,222175.002773753,-29382.0021219643,0.0829112476395418
6699,144568.67069132,206053.691530494,14766.8377781865,-0.0405867845026788
6700,148824.678729204,214947.780243414,1616.74102738133,-0.00583806166315867
6701,142859.559937992,207746.811519707,14782.8285423007,-0.0406964599292857
6702,149319.966376075,206253.336054795,9815.89756912919,-0.0260231520937146
6703,153119.669248448,211222.468365173,1047.06238637859,-0.00247518744431899
6704,136693.38929378,200303.931168481,28391.8795377392,-0.0779727292372651
6705,154132.899599248,209284.568675946,1971.7317248059,-0.00296521619021558
6706,145258.913675929,211447.064374461,8683.2219496101,-0.0249187986839316
6707,147991.43069354,208468.2121031,8929.55720335996,-0.0245698630259118
6708,132818.975237828,197224.465683302,35345.7590788702,-0.0969082117461517
6709,172057.950429175,221984.359858227,-28653.1102874014,0.0806488654639502
6710,150194.007683839,216998.42803195,-1803.2357157885,0.00223940287423018
6711,142564.973043445,202082.592083112,20741.6348734426,-0.0560143179582218
6712,149881.477978617,206127.337736239,9380.3842851441,-0.0242336554538737
6713,161141.971360064,215017.152400082,-10769.9237601453,0.0305643913669057
6714,177868.492043956,233016.450268529,-45495.7423124858,0.124811380162623
6715,149368.016022226,216614.362493324,-593.178515549982,0.000151215429266062
6716,161062.328376568,215271.125071368,-10944.2534479361,0.0323445922663865
6717,150147.284548846,211539.398500573,3702.51695058146,-0.010235020276894
6718,146157.348962399,218204.961850591,1026.88918701076,-0.00719523079149769
6719,131867.252529782,198029.911277866,35492.0361923513,-0.0980806718489653
6720,143743.276066086,205145.841879831,16500.0820540827,-0.0448133222560723
6721,162645.491062922,214541.242253093,-11797.5333160154,0.0351726172251739
6722,152646.247833166,215291.214075668,-2548.26190883399,0.00623493459088578
6723,148677.558045247,207288.225988216,9423.41596653772,-0.0251838359698058
6724,134538.060259381,201321.938878639,29529.2008619803,-0.0821959172179841
6725,154736.257356274,212797.70607672,-2144.76343299373,0.00633349273804038
6726,141189.807549575,205516.932222698,18682.4602277279,-0.0517027771443112
6727,146819.466045944,211560.31009012,7009.42386393668,-0.0198583965062661
6728,153390.318272171,211231.307925704,767.573802124884,-0.00151892125138578
6729,136427.564481068,199212.835256881,29748.8002620508,-0.0821049494033492
6730,148838.552060557,206374.063065088,10176.5848743544,-0.026745188771035
6731,157624.00317909,215357.904570137,-7592.70774922718,0.0217041622025256
6732,159392.758017923,221050.297231973,-15053.8552498955,0.0388111338463369
6733,158474.418030417,213978.469165569,-7063.68719598668,0.0205771737909016
6734,163461.727464631,215171.934460671,-13244.4619253019,0.038164618365206
6735,167402.954493638,216710.854612048,-18724.6091056854,0.0545006887759626
6736,143189.354595419,211166.278816373,11033.5665882077,-0.031966555120516
6737,154505.168852228,212130.739196777,-1246.70804900554,0.00378475708809196
6738,154340.179044871,211225.155014741,-176.134059612581,0.00109385135758326
6739,164223.057729247,220851.020406813,-19684.8781360603,0.0545199898766122
6740,180669.875519421,229563.290002476,-44843.9655218968,0.124967442171832
6741,143363.834376838,204441.6576009,17583.7080222613,-0.0483665864359919
6742,166201.062876532,222052.125038534,-22863.9879150663,0.0635256003819814
6743,145450.407513302,207366.861073139,12571.9314135588,-0.0340763462600306
6744,158315.104113441,220861.169021617,-13787.0731350584,0.0363947838441506
6745,169853.039353471,222871.73338472,-27335.5727381911,0.0764777318973041
6746,146685.398733642,205026.471227221,13677.3300391372,-0.0375958281291576
6747,144260.047373025,205772.098820979,15357.0538059964,-0.0419543379868217
6748,151899.812867394,208379.024769405,5110.36236320151,-0.0131292636018961
6749,172501.436925728,222203.136641552,-29315.3735672794,0.082232956361811
6750,150858.552166867,212019.392553164,2511.25527996884,-0.00748526676229202
6751,147200.774582138,205331.095958859,12857.3294590028,-0.0341757526088383
6752,152314.119653907,208412.910627254,4662.16971883929,-0.0118505319612564
6753,161344.670844907,230234.270865263,-26189.7417101701,0.0677396338497049
6754,152886.35879079,214916.496872996,-2413.65566378523,0.00541838208343819
6755,148383.19164507,206905.56094474,10100.4474101904,-0.0271783560019762
6756,161542.872545574,214543.150460776,-10696.8230063494,0.0308313043144734
6757,158206.122755501,214999.307386676,-7816.23014217749,0.0225196094846332
6758,153162.693166127,213367.413379982,-1140.90654610848,0.00316695034443197
6759,156431.458180942,212554.465016237,-3596.72319717956,0.0105632108389703
6760,167725.327873386,213402.700672666,-15738.8285460525,0.046766835686324
6761,161941.116584239,217321.520301094,-13873.4368853332,0.0385069317098237
6762,152898.130709196,219408.170822279,-6917.10153147549,0.0161911054740885
6763,149456.908938343,205026.846880347,10905.4441813094,-0.0284100380154163
6764,143973.963259162,217057.818933871,4357.41780696693,-0.0152109034222311
6765,142301.854798901,211382.719292302,11704.6259087971,-0.0338335080622984
6766,171215.07255509,221675.200972367,-27501.0735274575,0.0776395716922575
6767,147031.928642207,204409.484345157,13947.7870126367,-0.0370506030945602
6768,147631.854754826,204562.13497435,13195.2102708239,-0.0347663765932448
6769,143110.665295767,204233.884589076,18044.6501151563,-0.0488802066349992
6770,134016.50992762,204730.659534355,26642.0305380249,-0.0749964795298752
6771,140393.52691386,203940.965246601,21054.7078395385,-0.0588959299532156
6772,148762.945453648,205746.954265363,10879.3002809889,-0.0286823411402878
6773,141045.227049655,198772.541279079,25571.431671266,-0.068451377969926
6774,148348.834420813,207137.890286432,9902.47529275459,-0.0265943252101684
6775,146355.125818424,207142.09720137,11891.9769802068,-0.0326485100976791
6776,151066.74412027,208146.710950373,6175.74492935714,-0.0154624612798092
6777,169651.224927295,222076.910884666,-26338.9358119604,0.0738739984774296
6778,151434.679938312,212092.053281836,1862.46677985281,-0.00515021239320349
6779,141025.718648166,207555.894266886,16807.5870849488,-0.0476980936430199
6780,153068.758153475,209071.929202179,3248.51264434546,-0.00775223494071678
6781,163795.433105599,217426.395806442,-15832.6289120414,0.0447752792002653
6782,155376.259294605,214485.452026826,-4472.5113214312,0.012148410836464
6783,140757.172083371,205196.252718474,19435.775198155,-0.05340166496753
6784,139449.262376092,205211.402036294,20728.5355876141,-0.0586058354546745
6785,139367.233738629,203542.320125023,22479.6461363479,-0.062388851262932
6786,153330.117006888,212011.118486056,47.9645070568076,0.00105306073738954
6787,147227.941093418,212873.025147353,5288.23375922872,-0.0161730989870061
6788,162742.483241232,217005.710693066,-14358.9939342984,0.0405613285908
6789,163028.551133216,216563.157392818,-14202.5085260337,0.0402152016953107
6790,154020.951311099,206168.237045285,5200.01164361619,-0.012506211444104
6791,147549.797813431,212378.20378434,5461.19840222847,-0.0157072986247974
6792,159744.308234455,210103.879084903,-4458.98731935798,0.0153526742973178
6793,167399.579224176,217887.692536033,-19898.0717602084,0.0563337808419173
6794,143848.689198228,205665.190710874,15875.3200908973,-0.0435375016141347
6795,155110.520477091,214633.626848443,-4354.94732553331,0.012645060177596
6796,163525.580657634,220480.18739739,-18616.5680550238,0.0516627678087997
6797,165566.063158609,221046.180879002,-21223.0440376109,0.0591131303318001
6798,151130.718014692,211431.28965608,2827.19232922734,-0.00780038402373173
6799,156526.024092089,208994.101812837,-130.925904925622,0.00248926712149185
6800,139653.80621528,203651.319934957,22084.0738497635,-0.0610335960046125
6801,137648.730801431,203338.277791456,24402.1914071127,-0.0678822421438111
6802,164612.859705922,214973.437436408,-14197.0971423302,0.0409502043306408
6803,156045.823129416,210491.098848781,-1147.72197819693,0.00490702080875741
6804,147534.530290941,218221.794121878,-367.124412819103,-0.00271428189391933
6805,148220.343764126,206219.067700123,10949.7885357509,-0.0299777183745309
6806,142832.468120702,207257.897509475,15298.834369823,-0.0428979359793605
6807,161296.930099088,214828.235127818,-10735.9652269064,0.0315406549161822
6808,150983.571117119,218381.010623883,-3975.38174100145,0.0095291663220621
6809,152075.112590921,211703.659229291,1610.42817978858,-0.00423189153024581
6810,159461.538895468,222032.350100074,-16104.6889955428,0.0433697633801171
6811,171250.31947995,228858.880091093,-34719.9995710432,0.09549232036306
6812,152611.84893019,214780.603393589,-2003.25232377858,0.00430420418727387
6813,156058.369867575,208404.929162117,925.900970307179,-0.000546384256377272
6814,150655.380319431,206721.530656863,8012.28902370593,-0.020307855641947
6815,168721.770675136,224134.845560078,-27467.4162352136,0.0759547658287461
6816,151766.360214447,217911.728655792,-4288.88887023821,0.00921136030397177
6817,151179.393673347,205760.989176503,8448.81715014984,-0.0213779327230032
6818,168300.735751181,224407.308673088,-27318.8444242692,0.0753658444501331
6819,151404.691717635,216529.404012686,-2544.89573032164,0.00599735827704115
6820,167745.038089251,221525.832847103,-23881.670936354,0.0668729337803049
6821,153570.106582236,211321.211672265,497.881745499268,-0.000717885258039176
6822,155446.34530091,211880.102472388,-1937.24777329824,0.00608143535877404
6823,155466.788053123,216994.090571326,-7071.6786244497,0.0189817743921033
6824,168339.581037891,212461.994450738,-15412.3754886292,0.046659636257834
6825,147895.242002127,207390.7194991,10103.2384987731,-0.0280394457239203
6826,148938.141178615,210795.98207184,5655.07674954488,-0.015689766061994
6827,154276.61120183,214038.127121164,-2925.53832299373,0.00856429311595066
6828,154573.993536002,209670.238396977,1144.96806702082,-0.00179040726849081
6829,172844.1382145,232554.984380322,-40009.922594822,0.108067151888829
6830,163320.312544648,221721.993300156,-19653.1058448036,0.0545890381977851
6831,152684.598399793,214430.608123652,-1726.00652344507,0.00448342104292721
6832,155361.430899979,213168.927624001,-3141.15852398,0.00944289404052815
6833,156082.75483193,232178.640779463,-22872.1956113934,0.0567497095531598
6834,184159.330203799,229739.831115781,-48509.9613195805,0.136718144989589
6835,163300.785254462,219629.794347585,-17541.3796020477,0.0485019767069934
6836,163968.52864741,223264.603676502,-21843.9323239113,0.0594607434760557
6837,140750.985551204,203418.520683914,21219.6937648825,-0.0580825277738737
6838,159968.881263685,219709.861386132,-14289.5426498171,0.0384318578923989
6839,137828.765401823,198289.153451756,29271.2811464205,-0.0791727343602523
6840,159965.317489531,219623.583096788,-14199.7005863196,0.0384342510002137
6841,159316.799432258,221306.975090166,-15234.5745224243,0.0404301573920342
6842,146774.838594322,211654.050835568,6960.31057010952,-0.0202242743359683
6843,143546.12754739,203866.157054616,17976.9153979933,-0.049240383268017
6844,162968.356379382,222821.119024851,-20400.2754042327,0.055032931375954
6845,149732.552157591,209487.048770169,6169.59907223942,-0.0163896300611889
6846,169472.482929444,227769.090600456,-31852.3735299002,0.0864530327776832
6847,149458.43604498,211013.337208228,4917.42674679199,-0.0133970734220815
6848,157132.222969764,212536.664525856,-4279.6874956204,0.0131679950001773
6849,145391.458351252,205430.1716133,14567.5700354481,-0.0400901453497417
6850,148717.516770359,206784.228429046,9887.45480059431,-0.0267306349058619
6851,148350.497915033,209409.91896559,7628.78311937652,-0.0199983868619746
6852,171618.916090975,223102.038705517,-29331.7547964914,0.0822629558684577
6853,146354.240064298,201977.138438181,17057.8214975205,-0.0454295734573846
6854,167826.115841571,223404.828164074,-25841.7440056443,0.0712918994707222
6855,158621.177954688,213256.160565862,-6488.13852055074,0.0192962495880203
6856,147759.910258073,210261.590256859,7367.69948506838,-0.0203721432804027
6857,141174.627121349,206996.765724973,17217.8071536786,-0.0474384869154837
6858,158425.763559843,209967.235559315,-3003.79911915754,0.0105367957311983
6859,158019.160872504,210862.657320763,-3492.61819326633,0.0123731599310902
6860,145415.547991428,208113.726079604,11859.925928968,-0.0326453057429226
6861,154063.689248818,210078.228447161,1247.28230402042,-0.00139756780646
6862,169296.047686871,215487.844090249,-19394.6917771205,0.0571893803816881
6863,159082.195711368,209639.611701833,-3332.60741320037,0.0117932684257799
6864,165719.453321167,226066.329010844,-26396.5823320106,0.0709271593396857
6865,154043.932672299,216378.139971299,-5032.8726435976,0.0133764955441025
6866,143229.176323498,204043.000402313,18117.0232741896,-0.0495395907112118
6867,148210.131232224,205269.624378228,11909.4443895483,-0.0313010530528141
6868,154143.166147174,212069.17048813,-823.136635304138,0.00255193605593635
6869,162913.303900707,216168.360231044,-13692.4641317512,0.0393325701835277
6870,152078.682489279,219485.200319927,-6174.68280920613,0.0144392971427448
6871,140980.563652597,201448.991792054,22959.6445553486,-0.0623284950039293
6872,166092.245351958,226731.988503815,-27435.0338557732,0.0741560322054357
6873,143519.702549335,210750.312761119,11119.1846895455,-0.0325378175232999
6874,149001.589130353,207653.723089892,8733.88777975453,-0.0242666708476668
6875,161380.004479751,214194.08329421,-10184.8877739607,0.0296086191686216
6876,149342.238928687,206488.669365784,9558.29170552915,-0.0254797584379649
6877,159086.60797049,214477.579732312,-8174.9877028013,0.0238693790809282
6878,170073.433530561,226651.137698319,-31335.3712288808,0.0864513114935216
6879,171367.855168118,224067.615351583,-30046.2705197009,0.0838899399509606
6880,155386.778480888,211773.648271787,-1771.22675267508,0.00603585705705414
6881,144109.02718819,209522.747684631,11757.4251271788,-0.0332718542495711
6882,150534.391887852,207857.13445138,6997.67366076837,-0.0180521585360526
6883,149227.632787688,208307.804446621,7853.76276569121,-0.0207653026274572
6884,154795.53368064,221149.223835247,-10555.5575158869,0.0262102452434357
6885,133684.710903157,211207.464879845,20497.0242169984,-0.0602257053640676
6886,140467.917147238,203460.546066022,21460.7367867404,-0.0586294610338365
6887,161174.271997349,221854.890020282,-17639.962017631,0.0476717339220622
6888,143455.915628033,207366.870493763,14566.4138782035,-0.0400675257672462
6889,155118.609631682,213829.633864869,-3559.04349655099,0.0100022842570139
6890,144982.864082475,216590.324689594,3816.01122793148,-0.0143703880314359
6891,157442.415723545,210432.641947481,-2485.85767102562,0.009860980053182
6892,160425.198007619,217652.397765701,-12688.3957733205,0.0350895126310391
6893,148560.79814617,221792.735313643,-4964.33345981274,0.00974051404064917
6894,159262.624997902,219694.677798767,-13568.1027966691,0.0365358166073688
6895,151268.876265589,213213.99810364,906.325630770705,-0.00248565423916436
6896,149398.443158463,211787.615301186,4203.14154035185,-0.011465801388472
6897,166056.261815148,217842.2946846,-18509.3564997475,0.0520942594643322
6898,166075.400426695,228870.525357407,-29556.7257841019,0.0788131970312036
6899,153136.946488877,212120.897257225,131.356253897655,0.000542467588633196
6900,166904.828254181,221807.653602573,-23323.2818567539,0.0649361581176248
6901,171488.560007921,213343.072488496,-19442.4324964177,0.0570216484653232
6902,153821.705968731,216967.217572817,-5399.72354154737,0.0134498670146037
6903,149672.480995578,212009.618451543,3707.10055287887,-0.0108740126922507
6904,148165.710077825,210368.137746699,6855.35217547609,-0.0194070734246191
6905,136712.033767553,209163.975318106,19513.1909143414,-0.056473566861117
6906,146670.141655043,206041.521144727,12677.5372002303,-0.0346767546355463
6907,146360.734858888,206565.354142974,12463.1109981378,-0.0343720027626177
6908,159914.189529353,217653.237019548,-12178.2265489005,0.0340027679363708
6909,163404.22896866,218708.56578825,-16723.5947569099,0.0476215862996152
6910,144117.433149181,209462.415817518,11809.351033301,-0.0333861256277054
6911,159469.620375028,212626.036862798,-6706.45723782637,0.0192193781473873
6912,143361.300565036,204379.489642038,17648.4097929259,-0.0477656171482801
6913,154039.899380376,215484.745921542,-4135.44530191767,0.0107479804868697
6914,138553.2781266,199124.935860377,27710.9860130234,-0.0751576872084773
6915,161894.976025038,221011.499673097,-17517.2756981354,0.0477764189746604
6916,138449.8894805,206106.655845678,20832.6546738226,-0.0586624098776721
6917,145271.541587319,208846.197279875,11271.4611328058,-0.0318580112558478
6918,156578.834428356,223753.128108474,-14942.76253683,0.038097361573571
6919,164906.748760703,218297.661133626,-17815.209894329,0.0508938095190671
6920,169663.083420743,226750.462921111,-31024.3463418534,0.0852949478726419
6921,161503.624275367,215530.209851567,-11644.6341269345,0.0335501017859016
6922,140873.524279579,208271.643733463,16244.0319869582,-0.0455564560571546
6923,163339.603021902,217720.895216951,-15671.2982388526,0.0441421637307936
6924,151855.235270779,214349.064692625,-815.099963403947,0.00179482142170225
6925,151459.939000881,211148.411784973,2780.84921414632,-0.00724034287233619
6926,161554.9739181,215387.47173838,-11553.2456564801,0.0334851802307661
6927,151439.253718862,207847.238650206,6102.70763093169,-0.0152909220299264
6928,173585.77314605,221956.978298283,-30153.5514443328,0.0857475754233923
6929,162037.888308558,216324.945718788,-12973.6340273456,0.0364293797504608
6930,154223.468154943,216459.421407153,-5293.68956209591,0.0138029601804111
6931,153068.966451712,211752.857649872,567.375898415456,-7.8126937813042e-05
6932,155227.851512968,215985.947642979,-5824.59915594693,0.0166470803630501
6933,150970.039511734,210842.517227084,3576.6432611823,-0.0096715732650551
6934,159601.942663263,222451.448602512,-16664.1912657751,0.0454054651369144
6935,154735.693480768,207193.253575394,3460.25294383784,-0.0065900746062725
6936,147990.370264848,214487.566293492,2911.26344166056,-0.0103737508616048
6937,146081.132366808,205445.372280199,13862.6953529923,-0.0369375860890205
6938,173046.90907692,222089.548973883,-29747.2580508039,0.0843331530596572
6939,155156.509057605,214404.963995581,-4172.27305318625,0.0117168976369736
6940,152707.13142638,214408.65448488,-1726.58591126039,0.00417860961512181
6941,166599.30093564,220587.539467532,-21797.6404031721,0.0615048830267204
6942,153723.685970203,208689.232601215,2976.28142858151,-0.0067047414428492
6943,143400.372144068,200684.058025233,21304.7698306996,-0.0572266060094086
6944,153183.278346,214712.321997315,-2506.40034331527,0.0062510240372749
6945,163639.689615657,224639.33972861,-22889.8293442669,0.0621212920920314
6946,163496.865950637,216830.539407066,-14938.205357703,0.0421622022935738
6947,147015.336694467,214306.864445731,4066.99885980255,-0.0131084832978309
6948,163965.324237674,215051.24240252,-13627.3666401936,0.0398519424729396
6949,143306.146365542,210437.684015343,11645.3696191149,-0.033512004988159
6950,153015.613111501,214791.509107807,-2417.92221930833,0.00635290523527083
6951,155090.669948727,211240.681581871,-942.151530597766,0.00413174764180866
6952,148986.652882799,207702.437585827,8700.10953137395,-0.0228980855645937
6953,152217.167393779,206749.736096149,6422.29651007167,-0.0156165580451949
6954,156184.903695955,213585.853749351,-4381.55744530651,0.0134092604470715
6955,149443.906987091,212665.694644916,3279.59836799285,-0.0100923489642966
6956,158227.809919768,211969.245776622,-4807.85569639009,0.0148241138044887
6957,142987.181334622,203460.028088358,18941.9905770204,-0.0513570768451045
6958,135036.842424003,203299.900626005,27052.4569499918,-0.0763185106158921
6959,130762.858961508,199870.140125714,34756.2009127783,-0.0964312466181586
6960,156871.714235518,211849.689004917,-3332.20324043499,0.0105561063655523
6961,153441.396577373,214983.381764537,-3035.57834190957,0.00829116673242814
6962,150794.464813351,205613.136850074,8981.59833657573,-0.0230099251533987
6963,154737.298355489,213699.75597067,-3047.85432615865,0.00847840593996327
6964,149280.511281225,208349.256793444,7759.43192533177,-0.0213040384165856
6965,148573.303160233,210972.40157364,5843.49526612723,-0.0166358482453298
6966,159793.56709514,211533.722769734,-5938.08986487467,0.0186788770609065
6967,155771.293765245,219369.237190938,-9751.33095618238,0.0250710136302915
6968,156643.228973368,218846.609403254,-10100.6383766215,0.0261735397556447
6969,160149.536490995,213597.458711437,-8357.79520243179,0.0250315284494551
6970,150244.865863794,211819.803208168,3324.53092803847,-0.00901132323864775
6971,173111.556628281,219781.818716392,-27504.1753446733,0.0787523174416558
6972,149279.254588318,213587.086850974,2522.85856070789,-0.00839001937615752
6973,132974.271563154,207990.242065042,24424.6863718042,-0.0707056711764548
6974,143835.870323797,204487.053753057,17066.2759231468,-0.0465477716730225
6975,145710.041799581,204436.350227785,15242.8079726335,-0.0411052659658622
6976,138013.673491625,209662.214778208,17713.3117301665,-0.0506119457468367
6977,148296.974018616,211078.416015881,6013.80996550369,-0.0174532315221485
6978,141289.930072236,205160.413992188,18938.8559355765,-0.052084518167225
6979,143133.243771775,203114.695082593,19141.2611456318,-0.0519785431160045
6980,153511.564305442,209079.704598045,2797.93109651323,-0.00597291695080074
6981,166433.220708748,216937.460269954,-17981.4809787021,0.0514629646492223
6982,152673.09260467,216400.982525412,-3684.87513008126,0.00853170171053124
6983,171025.80555397,223290.260357625,-28926.8659115952,0.081240076097599
6984,157783.436721231,226160.113437346,-18554.3501585765,0.0478938600310721
6985,150971.766590693,220814.090730867,-6396.6573215599,0.0151805583048844
6986,166232.384566327,221900.666010981,-22743.8505773075,0.0627874219834424
6987,144602.019371328,201420.867672739,19366.3129559332,-0.0512960537184237
6988,147547.506211474,209748.698414749,8092.99537377671,-0.0223530845992564
6989,162868.573979525,213668.011209675,-11147.3851891995,0.0329548812471604
6990,146627.72505986,210865.58212119,7895.89281895012,-0.0223176320586086
6991,170593.483692804,224659.515106798,-29863.7987996015,0.0824558050765007
6992,144544.960505726,204363.934253957,16480.3052403171,-0.0450315614947962
6993,143624.30706381,206923.687040618,14841.2058955722,-0.0415748402678326
6994,135183.933055481,202362.797780842,27842.4691636772,-0.0782535292730244
6995,138444.80357394,197982.189598577,28962.2068274828,-0.0788110165530593
6996,153354.027467548,212890.413754247,-855.241221794626,0.00281027079203213
6997,171726.301101397,219042.753544435,-25379.8546458319,0.0722925262199801
6998,163153.039932924,219572.42439824,-17336.2643311637,0.0484949632865543
6999,155282.428523492,215436.27749742,-5329.50602091191,0.0142271547011015
7000,129158.526797817,200506.941197532,35723.7320046504,-0.100432761959079
7001,161801.993512279,217372.198111707,-13784.991623986,0.039170989320984
7002,142090.231149101,205039.696594255,18259.2722566436,-0.0500330648409982
7003,155807.414818829,212048.494514941,-2466.70933377004,0.00717055069131333
7004,154988.535614579,215660.449540815,-5259.78515539359,0.0145315865568997
7005,159490.728093176,214148.242827787,-8249.77092096285,0.0239431652351309
7006,142514.390050019,202738.634386999,20136.1755629825,-0.054405485214999
7007,161297.937762173,215221.153387737,-11129.8911499101,0.032355699993138
7008,169355.30498712,225298.699259811,-29264.8042469309,0.0803519105175757
7009,146141.854679281,216480.411605541,2766.93371517782,-0.0110550167496257
7010,145197.467318722,206221.353822432,13970.3788588467,-0.0382840416217805
7011,155654.110568729,210833.269053589,-1098.17962231772,0.0048217173035991
7012,155059.199794839,214510.050670171,-4180.05046500976,0.0119106327676605
7013,152164.011215576,211140.619692245,2084.56909217936,-0.00448451566091699
7014,151267.490683901,211100.765911755,3020.94340434438,-0.00786083408281891
7015,130574.437981595,191952.103586789,42862.6584316162,-0.11698613947628
7016,151095.499267225,209246.060479418,5047.64025335625,-0.0137568844875074
7017,158284.604564004,210257.285788415,-3152.69035241933,0.0108300298947909
7018,153714.625328728,212320.994685534,-646.420014261792,0.00221242984369924
7019,155547.166475585,211353.702863078,-1511.66933866276,0.00610452116859824
7020,154465.859939913,210936.335492361,-12.995432274125,0.00176197126483863
7021,138361.945456554,198988.418366798,28038.8361766479,-0.0769125506893657
7022,151312.316603845,212752.194284378,1324.68911177682,-0.00348544163798196
7023,170582.812239404,216069.043483108,-21262.6557225122,0.0614851912233486
7024,148921.445499666,206297.106248615,10170.648251719,-0.0265467313500384
7025,140594.701980952,203011.943609307,21782.5544097409,-0.0598643502921547
7026,166764.826471558,221437.575862372,-22813.2023339299,0.063514078868714
7027,158347.791231807,222102.518415941,-15061.1096477471,0.0401253417984692
7028,146105.191628098,204824.809094944,14459.1992769581,-0.0392312342923412
7029,142868.693188847,202482.553823503,20037.9529876501,-0.0540119058880275
7030,158862.513888989,215064.908647604,-8538.22253659257,0.0238355900547507
7031,143251.950553395,203181.710298234,18955.5391483714,-0.0519287381192675
7032,158173.618323423,214319.356803986,-7103.77512740955,0.0206941170235128
7033,158078.539889717,213098.093069064,-5787.43295878096,0.0177264723858093
7034,157938.924408163,212037.917142492,-4587.6415506553,0.0145265129247147
7035,157416.822584659,213801.517534323,-5829.14011898212,0.0167613259845355
7036,168838.900279661,217951.43101256,-21401.1312922217,0.0608068826202301
7037,145233.057632001,213420.746015848,6735.39635215065,-0.0204652744052228
7038,166147.612638235,219808.155631202,-20566.5682694379,0.0578455589854564
7039,141912.10885594,206159.889199014,17317.201945046,-0.0479014458891502
7040,134101.229294161,201550.59888488,29737.3718209584,-0.0829595328727224
7041,166199.665702594,220079.180005672,-20889.6457082657,0.0595358085534948
7042,132914.563226602,200541.699270622,31932.9375027761,-0.0884010923544507
7043,145274.753093376,209188.807092682,10925.6398139422,-0.0315573269667397
7044,149393.27909668,208594.619342599,7401.30156072183,-0.0201790349802613
7045,150189.223034282,218088.692329926,-2888.71536420804,0.00507373574532053
7046,162845.782152766,218567.244845352,-16023.8269981184,0.0452433241733219
7047,142047.369106975,208619.300909878,14722.5299831478,-0.041694609919757
7048,155020.086002486,206243.500440741,4125.6135567727,-0.00864245709393277
7049,142490.994707555,207626.355374517,15271.8499179283,-0.0427497008550842
7050,143598.488784559,207854.909387708,13935.8018277331,-0.0392287266696868
7051,158154.878030213,214022.663549017,-6788.34157922951,0.0196156932470417
7052,146943.170578507,209270.257614546,9175.77180694701,-0.0248092084220896
7053,160666.981681713,214861.131747112,-10138.9134288245,0.0292409991209211
7054,155629.187632441,210081.428142145,-321.415774586319,0.002503353634874
7055,159019.682672472,214140.060784714,-7770.54345718556,0.0218070760768795
7056,160793.966307369,217805.679357304,-13210.4456646735,0.0366088573552082
7057,148616.870755792,207912.492461868,8859.83678234037,-0.0240996492320134
7058,152557.108286031,207809.746881554,5022.34483241505,-0.012528997029112
7059,146365.115879875,209108.182369428,9915.90175069723,-0.0278025916160151
7060,147266.261773842,206443.095764301,11679.8424618577,-0.0312701317506282
7061,148916.855258772,207113.308062697,9359.03667853068,-0.0243024448961866
7062,143194.643149343,211524.881351247,10669.67549941,-0.0319145476300196
7063,153234.207215039,208719.422656309,3435.57012865198,-0.0074094865704396
7064,138595.865609529,201705.681567269,25087.652823202,-0.0689546716722975
7065,155528.741901825,215259.742813226,-5399.28471505042,0.015045844398343
7066,139134.572047021,200297.815165656,25956.8127873233,-0.0703637911839251
7067,154137.019770451,210536.196975371,715.983254177554,-0.000773656307543465
7068,155813.164901285,217812.855705781,-8236.82060706575,0.0216333201194708
7069,165342.044187577,216980.297719571,-16933.1419071484,0.0487811312954256
7070,171698.432830275,217019.799350764,-23329.0321810387,0.0671005717944786
7071,161993.505159443,219296.649736183,-15900.9548956263,0.0444618067862095
7072,163879.217018654,222799.74927405,-21289.766292704,0.057349930165463
7073,167008.684209626,231120.714314683,-32740.1985243089,0.0873038127849875
7074,149144.185304815,205029.81523339,11215.1994617949,-0.0294205655094141
7075,163860.728117063,215216.605951742,-13688.1340688046,0.0392962625645413
7076,150462.500244851,209684.191889082,5242.50786606694,-0.0138243462060526
7077,149696.991175472,210525.369957399,5166.83886712912,-0.0136257340156431
7078,156702.845534704,215682.130460744,-6995.77599544771,0.019023698632749
7079,147247.324661678,210492.437781786,7649.43755653588,-0.0219929925463736
7080,142952.651981155,205698.390793542,16738.1572253039,-0.0462174466766397
7081,161768.644865636,220037.545609257,-16416.9904748926,0.0462243167966214
7082,145062.675408125,208896.89066226,11429.6339296146,-0.0320546323340181
7083,149616.096713376,205813.053718953,9960.04956767097,-0.0262428047197581
7084,154773.904170537,212950.81068702,-2335.51485755696,0.00670292405402765
7085,169072.345833824,227785.46817583,-31468.6140096534,0.0855955033291568
7086,157196.4787111,216452.892109661,-8260.17082076136,0.0231031930024169
7087,159054.345670657,216271.068622391,-9936.21429304808,0.0275977038615526
7088,149979.777885114,209609.757577902,5799.66453698458,-0.0154870319356033
7089,162711.672742212,215311.213860707,-12633.6866029195,0.036658517114786
7090,167130.997517288,224130.047678535,-25871.8451958231,0.0698595711845877
7091,151742.507796849,212198.138490241,1448.55371291045,-0.0033660391041904
7092,159415.418640889,217267.504306551,-11293.7229474406,0.0307690100055084
7093,164571.271524892,217195.213776594,-16377.2853014864,0.0471225843707986
7094,156230.111917798,216687.001715929,-7527.91363372648,0.020781532084204
7095,149337.433911429,214314.095614283,1737.67047428741,-0.00548831984142436
7096,166110.962890664,215273.170259637,-15994.9331503012,0.0465792419935415
7097,179665.64893535,220785.65586864,-35062.10480399,0.100954602495194
7098,147884.038549614,211531.492017242,5973.6694331434,-0.0166008963009528
7099,140362.869614659,206340.920993109,18685.409392232,-0.052512913267789
7100,143364.972238739,202685.444557807,19338.7832034539,-0.0524096580617332
7101,164128.215053176,218936.760256144,-17675.7753093204,0.0492950488260236
7102,148288.457534446,207741.787199088,9358.95526646503,-0.0248787809577415
7103,150926.357661051,209342.355351805,5120.48698714451,-0.0137178789703247
7104,151735.302331001,213637.302988948,16.5946800514939,0.000114042827331607
7105,161520.546610751,214772.200988997,-10903.5475997479,0.0319610176681404
7106,161036.938117269,216060.796390606,-11708.5345078745,0.0335300372651112
7107,152920.376752374,213325.628608862,-856.805361235864,0.00263454184353466
7108,166570.681318827,217378.053124367,-18559.5344431941,0.0526690051860619
7109,142485.905362787,208825.660406732,14077.6342304809,-0.0405163392320468
7110,156651.733141354,210682.640691934,-1945.17383328784,0.00718575965764729
7111,142051.047672911,204702.290569588,18635.8617575006,-0.0511367688556994
7112,156940.952909764,215742.480175023,-7294.23308478709,0.0200466979435712
7113,150795.304594271,206836.2982556,7757.59715012915,-0.0202230176775471
7114,142243.43172673,201322.502533449,21823.265739821,-0.0586578623663603
7115,154717.177610121,211344.072882313,-672.050492434122,0.0026620998958749
7116,155373.981304393,214276.170419231,-4260.95172362443,0.0122871560274924
7117,173081.79331781,221100.201766099,-28792.795083909,0.0822183618936735
7118,153590.328683638,216458.626496271,-4659.755179909,0.011894031547992
7119,156968.44609989,210579.193979041,-2158.4400789307,0.00802472761792138
7120,155344.681902155,209730.822072576,313.696025269746,0.00149978929172488
7121,135662.183708559,198770.448195647,30956.5680957941,-0.0850198958269103
7122,157471.40772725,211113.38707337,-3195.59480062028,0.00991208404719366
7123,166442.103526748,219963.320011618,-21016.2235383658,0.0598833708779135
7124,154261.207373645,216189.443179071,-5061.45055271639,0.0126194993076239
7125,133465.20427786,203483.636443357,28440.359278784,-0.079863132405651
7126,166427.346629227,217668.805094972,-18706.9517241985,0.0535210500926729
7127,154128.99145917,209680.335346581,1579.87319424906,-0.00364632697714491
7128,155707.715232559,215794.225684455,-6112.74091701402,0.0158954311047559
7129,146768.174978482,208784.147206028,9836.87781549053,-0.0270683895361878
7130,159146.683086813,216517.84570604,-10275.3287928535,0.0294214772456518
7131,167701.077818044,216061.115476534,-18372.9932945774,0.052990949819979
7132,160163.795180512,215083.908228951,-9858.50340946292,0.0278526372322031
7133,150673.600949893,213287.33956705,1428.2594830569,-0.00481150689613389
7134,138640.771175187,201061.325298742,25687.1035260716,-0.0705542313718654
7135,147358.332934289,206595.420731768,11435.4463339432,-0.0308567096037258
7136,145374.690584868,201541.918543862,18472.5908712701,-0.049046882912057
7137,144854.236592521,205867.578387788,14667.3850196901,-0.0400059451018076
7138,159569.597062896,217397.159291788,-11577.5563546842,0.0324978112708593
7139,144325.692152875,203329.646867618,17733.8609795068,-0.0472023367273457
7140,148810.379573537,212517.422351795,4061.39807466784,-0.0117005481211838
7141,165396.662092718,219754.648898185,-19762.1109909033,0.0555872955376653
7142,143119.047146403,207369.058747175,14901.0941064223,-0.0405226126791406
7143,155324.119439773,208467.607128039,1597.4734321881,-0.00236691543294684
7144,154239.394261268,213456.549338137,-2306.74359940487,0.0062137596570688
7145,157271.755517974,217053.18339538,-8935.73891335382,0.0241539794323691
7146,145838.178231556,209475.855411493,10075.1663569512,-0.0285421535219241
7147,176455.39119828,224143.168172798,-35209.359371078,0.0993807207360941
7148,152140.465817238,214504.225882571,-1255.49169980927,0.00277561098861526
7149,151303.881342111,198570.353770601,15514.9648872881,-0.0394615393840394
7150,162986.847790348,212962.433806338,-10560.0815966863,0.0310912903783085
7151,146766.726743117,210047.192744956,8575.28051192733,-0.0237804720727665
7152,154382.821773552,214000.663739567,-2994.28551311878,0.00827797795330259
7153,168530.282100867,219979.771645321,-23120.8537461883,0.0649695240703444
7154,167755.57680453,223943.646986486,-26310.0237910153,0.0720158214824066
7155,156711.395481969,220557.878796499,-11880.0742784681,0.0311014511385865
7156,144009.141598073,205669.62673923,15710.4316626974,-0.0430292709127638
7157,162168.841240501,219353.967628233,-16133.6088687337,0.0445766313870542
7158,149716.631205186,208246.588217305,7425.98057750863,-0.019316469134759
7159,144489.691499122,201133.057677394,19766.4508234842,-0.0528928541795702
7160,162374.56490286,216130.580287408,-13115.9451902674,0.0372892922042329
7161,180157.532097877,235969.3347165,-50737.6668143767,0.138788244256648
7162,143781.314839226,207282.376202612,14325.5089581622,-0.0400368776732863
7163,150378.619592567,206361.01398502,8649.56642241264,-0.0221377009491177
7164,164135.036280534,216730.29436488,-15476.1306454145,0.0444756641627034
7165,161723.701730435,213019.858636535,-9354.36036696949,0.0276130860281355
7166,146958.350725318,209187.487928795,9243.36134588748,-0.0262760804535379
7167,151447.349190038,224601.290796808,-10659.4399868454,0.0252393962897581
7168,139939.734541312,200231.934192092,25217.5312665958,-0.0684741234650917
7169,126778.088370555,206055.668333422,32555.4432960232,-0.0944365863501089
7170,149569.313849367,209825.399518448,5994.48663218413,-0.0169107297079812
7171,149096.739767685,210972.303137141,5320.15709517454,-0.0143703496576428
7172,158550.032310972,209295.080364996,-2455.9126759675,0.00861044881407587
7173,142737.247307709,203218.288539193,19433.6641530984,-0.0531156945452581
7174,148357.3871508,213014.854161772,4016.95868742839,-0.0122853804950284
7175,153993.573767404,212470.274241833,-1074.64800923772,0.00367583835721551
7176,148398.854013825,212945.793971852,4044.55201432295,-0.0119629932407192
7177,146094.372218137,213379.242737195,5915.58504466846,-0.0189968175988998
7178,143789.179073289,205273.787333321,16326.2335933892,-0.0438707292401035
7179,166735.000449888,223236.834771348,-24582.6352212363,0.068585038088937
7180,157279.161513713,212831.476553892,-4721.43806760473,0.0145905964855693
7181,157380.321112156,219389.629430116,-11380.7505422724,0.0291276958101198
7182,160585.333461539,215984.651300455,-11180.7847619948,0.0323823924018542
7183,158363.069114145,211572.386676023,-4546.25579016766,0.0139603536288003
7184,140246.839804503,197765.86096445,27376.4992310464,-0.0737525257642628
7185,167519.990705022,214066.614062339,-16197.4047673612,0.0481288714315397
7186,141716.89741997,206449.636958894,17222.6656211358,-0.0478820357200277
7187,171338.049051482,231420.740865582,-37369.5899170641,0.101339312334263
7188,162426.1077043,212432.024917916,-9468.93262221565,0.0287150382615376
7189,146677.880689532,202451.79404039,16259.5252700784,-0.0428595180645813
7190,148719.963902209,211610.70395945,5058.53213834099,-0.0140484730676912
7191,161274.952463832,213779.40597301,-9665.15843684186,0.0285207092004205
7192,152593.025628746,211379.788839,1416.38553225435,-0.00258142369186633
7193,154443.346854464,213619.617817755,-2673.76467221911,0.00726598160220057
7194,153923.54985489,208389.877777478,3075.77236763114,-0.00669942147405981
7195,164791.912933906,225559.950394837,-24962.6633287429,0.0677055559342811
7196,160902.811799218,222059.022768464,-17572.6345676829,0.046152445026443
7197,149653.513547958,208141.558857008,7594.12759503367,-0.0201858476930918
7198,146544.98899647,216020.021527942,2824.18947558821,-0.00995522657212725
7199,149020.53218603,210513.616988111,5855.05082585872,-0.0160083377843101
7200,146770.309642075,216278.897946162,2339.99241176323,-0.00889543972953507
7201,178813.201261675,231908.596472005,-45332.5977336806,0.12505911845511
7202,146703.908463173,210759.845814672,7925.44572215527,-0.0227650444518406
7203,159521.503615209,214072.174456029,-8204.47807123774,0.0233184656223544
7204,139512.335341778,199473.696526062,26403.1681321595,-0.0715032564990601
7205,154176.373826297,211614.049695919,-401.223522215325,0.00165615970049287
7206,147094.884504749,206625.262547715,11669.0529475358,-0.0315214836727779
7207,154008.675612897,210978.284773607,402.239613495651,-1.38277773128352e-05
7208,162758.546117188,219894.668043119,-17264.014160307,0.0471604274332298
7209,154202.914419152,214274.626765051,-3088.34118420264,0.00913577913753572
7210,145928.908581189,208552.52383667,10907.7675821409,-0.0299834802446626
7211,142924.965005415,208866.113970977,13598.1210236081,-0.0392427913146024
7212,156041.623024326,212133.828583692,-2786.25160801731,0.00850637796030124
7213,151650.397414833,210569.606391054,3169.19619411282,-0.00819150890028214
7214,157265.572771586,215687.343189318,-7563.7159609035,0.0218421507645356
7215,144154.567652935,206801.389420395,14433.2429266701,-0.0398008768007091
7216,149243.936148205,209611.608203639,6533.65564815653,-0.0178132154605782
7217,169331.324883517,220360.552006818,-24302.6768903348,0.0683885507877786
7218,156570.922066513,212566.666822436,-3748.3888889497,0.0117633346875317
7219,141146.279704306,205704.278165759,18538.642129935,-0.0518452872445016
7220,146670.056517645,210997.320672757,7721.82280959812,-0.0217578099069816
7221,161227.309204855,214480.357321525,-10318.46652638,0.0294972400515337
7222,152430.225701211,210124.089606436,2834.88469235291,-0.0073036487042092
7223,152635.952324288,207416.712978836,5336.53469687636,-0.0132156909430541
7224,147320.05624453,212198.202704663,5870.94105080637,-0.0176529322007228
7225,156347.11574869,215773.336033202,-6731.25178189116,0.01803825845504
7226,149298.797141642,208774.264074962,7316.13878339564,-0.0192576121888571
7227,140818.775213539,206000.205025609,18570.2197608511,-0.0515460558642328
7228,146381.839437408,204335.760801545,14671.5997610465,-0.0394810508979833
7229,157119.778049101,212899.024677162,-4629.60272626282,0.0145833307158511
7230,158548.206111669,212390.3199117,-5549.32602336875,0.0172217426151689
7231,144096.325703106,214977.14279469,6315.73150220443,-0.0203790389347564
7232,152638.970718486,210364.840871475,2385.3884100382,-0.00640439539344426
7233,148404.429373661,206848.160255403,10136.6103709355,-0.027730062677412
7234,161781.150635265,216876.155935289,-13268.1065705539,0.037767056041243
7235,147456.843186155,205846.049454191,12086.3073596548,-0.0321869457531358
7236,135877.821123697,203765.738181865,25745.6406944389,-0.0720362569525552
7237,134329.104573117,198439.54004802,32620.5553788633,-0.0899413142928426
7238,157144.462735479,209551.686207117,-1306.94894259569,0.00606668992537084
7239,144729.117110435,209207.900958316,11452.1819312485,-0.032965076177439
7240,153479.570979955,220395.137001514,-8485.50798146898,0.0208160002197112
7241,155070.09120962,211242.531209132,-923.422418751812,0.00373850025654821
7242,146098.6833572,207408.024827147,11882.4918156533,-0.0325545862103951
7243,157534.445276724,213497.63389844,-5642.8791751641,0.0158453345739683
7244,145803.322643016,215669.801296577,3916.07606040669,-0.0132783043856414
7245,163308.466760944,219157.27428092,-17076.541041864,0.0474231027166479
7246,147774.25831813,217317.349431784,297.592250085494,-0.00400701758268914
7247,156195.329057861,209989.424415897,-795.553473757987,0.00404000778346569
7248,145947.449337481,205990.71345556,13451.0372069582,-0.0367440505351549
7249,156829.722313506,214288.329614855,-5728.85192836018,0.0164148064254176
7250,144125.879799457,210383.555802611,10879.7643979323,-0.0313209394718205
7251,156412.910480707,218451.555674011,-9475.26615471841,0.0249957981564186
7252,146027.263760349,207640.933990962,11721.0022486886,-0.0326467580535907
7253,160325.764640344,212955.497856331,-7892.062496675,0.0241415007007153
7254,140020.248188492,206609.876897758,18759.0749137495,-0.0521287806304533
7255,169656.343608736,217028.131085189,-21295.2746939257,0.0611740525260772
7256,153846.4448317,215555.935821253,-4013.18065295351,0.0100883840168779
7257,156581.207585327,216881.26492885,-8073.27251417696,0.0210248003243547
7258,172420.113311228,223918.299017175,-30949.2123284035,0.0862162959707559
7259,174419.59471238,225764.154592274,-34794.5493046537,0.0968293019247055
7260,140133.787063396,207368.335118662,17887.0778179425,-0.0502821886080743
7261,158004.783079104,209049.419737713,-1665.00281681627,0.00711737340522487
7262,145075.048462084,219122.597705981,1191.55383193545,-0.00733674182816723
7263,166505.120101594,218546.671532826,-19662.5916344198,0.0556932621867327
7264,140973.018628773,212461.176526269,11955.0048449576,-0.0364860721288338
7265,160698.694360087,212849.963549592,-8159.45790967945,0.0244434426896064
7266,158367.775684614,219087.578550421,-12066.1542350349,0.033388436513494
7267,146838.595779076,211461.226630294,7089.37759063026,-0.0207263321549461
7268,152379.599675219,211991.812761682,1017.78756309842,-0.00230935257291848
7269,149934.552095809,213181.587813728,2273.06009046279,-0.00696256824890488
7270,177017.181456642,228958.260297982,-40586.2417546238,0.113121872946465
7271,146543.100389499,209311.869228846,9534.23038165417,-0.0264347125117154
7272,164784.03091626,222921.897910895,-22316.7288271542,0.0606888879798107
7273,164642.801025097,221988.891096425,-21242.4921215221,0.0573815330075831
7274,144770.749748014,214775.968524805,5842.48172718013,-0.0186366328236071
7275,170284.795036604,222289.994370905,-27185.589407509,0.0759398809150442
7276,159742.345197942,216462.613005823,-10815.7582037647,0.0304824485671871
7277,145453.909557675,211555.697568886,8379.5928734389,-0.0250056018851248
7278,141714.110348214,203291.635630095,20383.4540216915,-0.0562219434794131
7279,164831.052454471,217169.988137764,-16611.840592235,0.0474946198176332
7280,152818.510464421,220927.824669297,-8357.13513371756,0.0200713365360566
7281,146664.347787381,212490.109231978,6234.74298064044,-0.0188658407317682
7282,138289.538876083,205902.542495516,21197.1186284007,-0.058926084517645
7283,171943.408812396,225276.113380856,-31830.3221932521,0.088359667539232
7284,148239.624196585,213554.419706779,3595.15609663574,-0.0118716154593929
7285,150660.040549592,214078.742373195,650.41707721306,-0.00224332843033464
7286,171972.61456449,225086.039652692,-31669.454217182,0.0872715135949366
7287,158977.8762652,225236.702918111,-18825.3791833115,0.0500561208283585
7288,149735.062711419,208855.707679643,6798.42960893793,-0.017629023657984
7289,170497.171483875,221722.122501941,-26830.0939858158,0.0748148428903282
7290,190901.988140876,230208.38007254,-55721.1682134165,0.157336029402086
7291,140565.088402407,200767.775029328,24056.3365682656,-0.0655217589180918
7292,147073.984141516,208067.336181381,10247.879677103,-0.0274723344164052
7293,152706.65456356,202504.935318866,10177.6101175734,-0.0253575289727812
7294,134652.787084898,206622.748573063,24113.6643420396,-0.068400654059538
7295,153012.61095109,209788.203958425,2588.38509048551,-0.0057606104797457
7296,158457.36593286,213096.838349009,-6165.00428186852,0.0183757874908451
7297,165441.501732884,220193.448885377,-20245.7506182611,0.056535270071494
7298,154272.560202084,212174.914805211,-1058.27500729432,0.00377140772477523
7299,151411.771958899,216364.369546793,-2386.94150569191,0.00475490909734941
7300,141119.01046294,203786.424622352,20483.7649147077,-0.0566805262106787
7301,149388.765633842,208971.099334346,7029.3350318115,-0.0192253418805241
7302,144542.77724711,209304.932571512,11541.4901813774,-0.0328944806877753
7303,157693.559674315,221875.182554608,-14179.5422289228,0.037080009851111
7304,160077.050897899,215912.687655523,-10600.5385534227,0.0302564117480998
7305,158131.804853996,216177.100666763,-8919.70552075858,0.0253934861933672
7306,155968.747452248,219736.591166677,-10316.1386189251,0.0270322798668831
7307,138805.626055543,200188.901923511,26394.672020946,-0.0714721248750391
7308,150188.601736803,210038.320041962,5162.27822123462,-0.0141639598556862
7309,152638.923722308,210320.720511652,2429.55576603982,-0.00534954154569664
7310,163413.421748325,213627.225717455,-11651.4474657804,0.0340644040998005
7311,151077.865061307,212345.560469316,1965.77446937683,-0.00538303511159083
7312,164767.683033554,222231.811331401,-21610.2943649545,0.0593799155829718
7313,159636.329597525,212640.763432476,-6887.89303000103,0.0208358161138404
7314,148330.504224541,223368.170774987,-6309.4749995282,0.0122359578989614
7315,155064.219815705,212858.118775252,-2533.13859095663,0.00739195497402422
7316,152905.849229695,214396.286203254,-1912.93543294887,0.0047923835822067
7317,157905.623167794,213592.875089537,-6109.29825733003,0.0177629318484887
7318,165469.190864921,225001.284265657,-25081.2751305772,0.0684427115350739
7319,163234.411133171,215771.827795571,-13617.0389287415,0.0393724252098044
7320,146636.064886528,209354.088978779,9399.04613469326,-0.0264507586930257
7321,170126.315426221,223316.537371717,-28053.6527979387,0.0778828958153502
7322,155839.048918445,216042.965422583,-6492.81434102834,0.0174607148584087
7323,145020.050393184,207508.901421323,12860.248185493,-0.0356973007164509
7324,143356.066835519,215599.934712,6433.19845248101,-0.0211008732613112
7325,143881.216302912,207536.162645451,13971.821051637,-0.038507370038876
7326,151916.777069966,216134.8557438,-2662.43281376612,0.00579375233242823
7327,155481.436703707,211820.551875748,-1912.78857945465,0.00589765268231133
7328,157255.298386698,219316.646302875,-11182.7446895728,0.0295636910352868
7329,159693.642198896,224067.912654647,-18372.3548535429,0.0492423182928879
7330,152627.438990189,218434.493579643,-5672.73256983218,0.0134780723080203
7331,143313.000964315,207232.979453251,14843.2195824341,-0.0412470386600716
7332,134298.339948593,201536.244064768,29554.615986639,-0.0819821810151545
7333,148859.757407704,209928.7626627,6600.67992959631,-0.0179302775701766
7334,145595.918775818,205771.682174363,14021.5990498192,-0.0373027607980146
7335,161832.655128435,218802.818581655,-15246.2737100897,0.0417991392862071
7336,162064.621499535,215128.258824903,-11803.6803244372,0.0340075499675566
7337,149545.056119474,212940.768195007,2903.37568551948,-0.00919236220375054
7338,141113.754424077,202008.43182554,22267.0137503828,-0.0608686474151974
7339,149143.927509805,214706.782240357,1538.49024983775,-0.00565180642378752
7340,141058.014512312,204085.233197935,20245.9522897531,-0.0560001054769816
7341,136521.517773165,209711.86006596,19155.8221608753,-0.0558049737230762
7342,148375.234949661,207781.968620613,9231.99642972596,-0.0242324348415947
7343,146869.785703643,212317.039224536,6202.37507182069,-0.017325080372056
7344,152653.033502414,208371.245709217,4364.92078836961,-0.0101750810801788
7345,157933.467630271,211651.069493132,-4195.33712340257,0.0141437455292306
7346,175904.167265029,227527.531492352,-38042.4987573813,0.104638793587805
7347,148165.671514655,222284.93734203,-5061.40885668498,0.00951150566741652
7348,164253.089684141,224614.126002136,-23478.0156862767,0.0636471956351546
7349,149263.551573257,207781.109857551,8344.53856919281,-0.0216951021749629
7350,148861.104909304,212004.865178704,4523.22991199157,-0.0133743608383722
7351,159186.568516964,214285.107447268,-8082.47596423194,0.0239412743884964
7352,141116.411879788,205677.260712986,18595.5274072264,-0.0523670744005187
7353,161539.400822492,212295.186676477,-8445.3874989684,0.025853270756826
7354,148159.116406102,211619.276366098,5610.80722780031,-0.0155666917351881
7355,124965.446491749,201081.102679304,39342.6508289473,-0.111012058075677
7356,143392.143571312,205751.188895422,16245.8675332666,-0.0448168353829306
7357,161659.084231645,220553.910541766,-16823.7947734109,0.0459182958470788
7358,129801.481593729,200465.205607805,35122.5127984654,-0.097965317120494
7359,129472.877836048,196733.646905488,39182.6752584641,-0.108243821685165
7360,150200.493586174,212616.020720664,2572.68569316185,-0.00794527921007366
7361,154958.165780287,208679.098667669,1751.93555204442,-0.00324861821531575
7362,162489.979999505,225700.707059843,-22801.4870593481,0.0605924814730339
7363,132543.004834821,203078.741399024,29767.4537661543,-0.0835238080211372
7364,149483.51263987,215255.888320209,649.799039921549,-0.00433810074903004
7365,159133.805318012,217231.30145133,-10975.9067693418,0.0295906629328731
7366,154894.791689274,215546.749734701,-5052.3414239749,0.0145309698037816
7367,150303.259029566,209945.075338482,5140.86563195166,-0.0140544570197213
7368,169878.864924708,222240.496895366,-26730.1618200743,0.0746486779670791
7369,156239.732018004,223352.10941235,-14202.641430354,0.0364758706466671
7370,151800.680065566,212553.705350842,1034.81458359171,-0.00229680706760812
7371,145203.424063685,208072.670301301,12113.1056350147,-0.0338316079588347
7372,141235.765011875,200197.285979406,23956.1490087195,-0.0642969950645296
7373,152640.391742379,209486.08154163,3262.72671599122,-0.00820988275648952
7374,155521.710721347,207745.352963645,2122.13631500764,-0.00339458028722998
7375,161777.253788692,216972.369300419,-13360.4230891115,0.0372487287949731
7376,154929.405164975,220546.799976603,-10087.0051415783,0.0256693862178957
7377,148331.2936677,211591.51374115,5466.39259114984,-0.0162607812065192
7378,147671.376235248,208424.32051735,9293.50324740214,-0.0248653361420976
7379,152518.910348864,209568.296676494,3301.99297464255,-0.00752430517723467
7380,142354.05974438,200852.052342429,22183.0879131916,-0.059941225429518
7381,155450.892056862,216152.723482589,-6214.41553945112,0.0155772283901499
7382,154756.203522012,214600.628412428,-3967.63193444046,0.011005575636738
7383,162388.800030147,215227.426662947,-12227.0266930938,0.0352527287886227
7384,140233.892350408,211230.456667166,13924.8509824263,-0.0410630426181237
7385,150980.081177301,207048.71105975,7360.40776294906,-0.0184373632868254
7386,155894.938341761,208474.756065786,1019.50559245277,-0.000675409550982355
7387,145808.509781288,212844.470051473,6736.2201672389,-0.0200336277009904
7388,156248.337006334,219361.589609648,-10220.7266159814,0.0271301950255327
7389,147585.146793448,207685.424826891,10118.6283796608,-0.0276787522697872
7390,150541.374629147,212579.944572482,2267.88079837064,-0.00658194599498304
7391,139290.306351455,199874.795016317,26224.098632228,-0.0712376130984659
7392,149585.750618118,204645.136703918,11158.3126779643,-0.0289524281153283
7393,143402.879528985,211314.810342731,10671.5101282841,-0.0311971124305802
7394,149810.812256133,212224.588090083,3353.79965378431,-0.00971575205738523
7395,142744.678013297,204658.785399814,17985.7365868884,-0.0487698035913168
7396,158746.964701122,220166.295828037,-13524.060529159,0.0354989932777704
7397,158238.945547599,213010.043070591,-5859.78861818981,0.0181014305800861
7398,150126.829875651,207820.523960603,7441.84616374556,-0.0192877295869572
7399,134169.573179347,201154.683184681,30064.943635972,-0.0830014216122065
7400,146707.708873104,206246.666616643,12434.8245102529,-0.0330830194726873
7401,171619.336963388,217856.927512446,-24087.0644758336,0.0690722271841341
7402,138464.768964394,208339.616612095,18584.8144235113,-0.0540384523637194
7403,126332.371647762,199170.61621477,39886.2121374671,-0.112028261683514
7404,152483.056863467,214242.30353889,-1336.16040235671,0.00398891599560462
7405,132081.033455834,207097.263772571,26210.9027715949,-0.0755838983239587
7406,149068.836827288,212332.897996709,3987.46517600265,-0.0121660089088349
7407,163505.166322039,220032.124564396,-18148.0908864355,0.0503138348214388
7408,142489.783416895,206202.644835482,16696.7717476229,-0.0467075428789615
7409,149114.311230775,203290.931241613,12983.9575276118,-0.0341979133689498
7410,156306.595169215,215315.030733262,-6232.42590247706,0.0173858850684551
7411,129056.112057523,196976.02966588,39357.0582765964,-0.108596065072537
7412,159452.249361301,211853.746273019,-5916.7956343203,0.0181530996911627
7413,172195.560889433,232355.979932562,-39162.3408219958,0.104983351245766
7414,138138.630300406,205839.485049059,21411.0846505355,-0.0604894598913633
7415,144964.641362523,204655.993904297,15768.5647331799,-0.0428655463511561
7416,151252.888513624,215403.270677116,-1266.95919074025,0.00286765299086348
7417,143466.699790106,206542.276245586,15380.2239643084,-0.0421972205973465
7418,156458.987153862,213179.101419978,-4248.88857383939,0.0127899812478861
7419,153271.536468885,221283.85996177,-9166.19643065467,0.0220777731084048
7420,154009.9866069,216035.887738918,-4656.67434581806,0.0120481434909491
7421,152604.801644941,215464.315647694,-2679.91729263525,0.00706696825308818
7422,155408.355944805,222749.149904493,-12768.3058492978,0.0335507352358859
7423,161999.562853093,216942.302266866,-13552.6651199591,0.0383478790667964
7424,155438.721707079,216957.655385108,-7007.1770921874,0.0189844790305699
7425,144401.430163759,210075.888029693,10911.8818065482,-0.0309883470182715
7426,151695.355228986,205270.157156691,8423.68761432305,-0.0209814641264388
7427,149141.231958412,209942.579428363,6305.38861322484,-0.0175598639573414
7428,146834.63200035,219326.31865162,-771.750651970331,-0.00183563133583882
7429,148518.003043053,209870.751545733,7000.44541121362,-0.0198253689980594
7430,148847.200375047,212639.559098574,3902.44052637869,-0.0106903116544753
7431,165185.038945497,222239.724842353,-22035.5637878507,0.0602541524934827
7432,147771.658465958,212619.40759862,4998.13393542136,-0.0146351981816469
7433,148359.843581335,210144.308051213,6885.04836745246,-0.0194016053148228
7434,151999.266302898,209480.26637462,3909.66732248181,-0.00947106493268649
7435,129698.103068487,199069.994907251,36621.1020242615,-0.102201296145999
7436,156358.686691775,217718.299139995,-8687.78583177022,0.0232696191079503
7437,150339.682449631,212508.974729743,2540.54282062623,-0.00734456019785737
7438,163586.350432789,216787.502284153,-14984.652716942,0.0421079448537116
7439,140372.811895245,206503.423385627,18512.9647191277,-0.0521672053363807
7440,138832.110736472,210830.979219548,15726.1100439804,-0.0457353223549328
7441,146174.455463954,202784.728702042,16430.0158340041,-0.0433463825450076
7442,134316.914971589,202667.992477218,28404.2925511932,-0.0799355974337584
7443,158277.115865145,217968.263050778,-10856.1789159232,0.0290905894536954
7444,157023.987937739,216391.542294875,-8026.33023261448,0.0224866345047554
7445,156717.181465001,215944.021793371,-7272.00325837202,0.0194575765046925
7446,158303.088861067,210512.457907195,-3426.34676826192,0.0120430895310486
7447,160310.854262119,219897.28064901,-14818.9349111296,0.0399167598585837
7448,159915.55750078,212114.111638878,-6640.46913965733,0.0207647868049865
7449,147593.147080779,213252.218995933,4543.83392328734,-0.0139830589996446
7450,135854.164256695,203482.504873663,26052.5308696423,-0.0722948785474162
7451,157204.997193826,227350.925761166,-19166.722954992,0.0490982287732675
7452,170075.741827164,222470.371355445,-27156.9131826088,0.0757377251849284
7453,167854.437200263,218547.748214626,-21012.9854148889,0.0592260779515183
7454,156484.332355178,213383.063691494,-4478.19604667247,0.0132942673868613
7455,157987.967496247,217725.658273527,-10324.4257697747,0.0278156581317875
7456,150187.488493218,208865.543575653,6336.1679311294,-0.0161817748308732
7457,156936.239116646,217753.991696836,-9301.03081348212,0.0258828740518017
7458,172522.763888994,231697.892327859,-38831.4562168532,0.105326409589749
7459,161311.578953955,218632.782403067,-14555.1613570213,0.0404098893244187
7460,155050.227405534,210124.689651436,214.282943029306,0.000967433421501458
7461,167204.483407889,219432.31027925,-21247.5936871389,0.060406282540358
7462,160305.425680978,214209.759596942,-9125.98527791962,0.0265086841566226
7463,152675.59573409,208361.196161548,4352.40810436162,-0.0107981801511865
7464,137567.999598096,204581.117355396,23240.0830465082,-0.063833061079335
7465,158154.557555841,218527.236167726,-11292.5937235675,0.0307748649259239
7466,137238.031993315,206386.538553006,21764.6294536789,-0.0615152824020644
7467,153107.202770934,205300.906691364,6981.09053770202,-0.0168584315646509
7468,171669.712185371,229799.594582558,-36080.1067679299,0.0986358520008689
7469,145121.036241807,208912.234302919,11355.9294552744,-0.031003303390111
7470,141527.608466009,203463.747452519,20397.844081472,-0.056489793482758
7471,157055.4256513,210018.143178372,-1684.36882967222,0.0063986723066016
7472,149162.095800274,217285.307669255,-1058.20346952963,7.51014001519602e-05
7473,163020.0366392,217152.059672772,-14782.8963119714,0.0421481871654195
7474,140397.333082599,206141.342432131,18850.5244852702,-0.0539677674707069
7475,150886.058788566,204685.963137318,9817.17807411589,-0.0251560337324737
7476,165886.854244194,226893.246481167,-27390.9007253614,0.0737910391023982
7477,174409.397121589,221711.574363408,-30731.7714849969,0.0877569943709466
7478,135964.846743019,199939.16674266,29485.1865143213,-0.081289930329162
7479,157416.636760432,218443.233101857,-10470.6698622888,0.0284512950280807
7480,138745.722424627,205303.84818366,21339.6293917137,-0.0597731522562261
7481,152839.59562496,207819.296889701,4730.30748533906,-0.0110911907718232
7482,147095.954840044,209144.3333025,9148.91185745521,-0.0249621543887127
7483,145890.683935689,212538.194202908,6960.32186140318,-0.0208681578780309
7484,153027.286470207,209340.426384823,3021.4871449697,-0.00703982851698876
7485,154808.665464839,205794.662663987,4785.8718711735,-0.0106064790640782
7486,140585.383515533,200691.950236227,24111.8662482395,-0.0658400855244237
7487,143318.33816846,214508.337809199,7562.52402234118,-0.0228985697098992
7488,136500.208072673,205191.733910472,23697.2580168547,-0.067117599605129
7489,146199.883286206,203447.054621883,15742.2620919103,-0.0421304857751524
7490,157643.484796721,217952.174334965,-10206.4591316865,0.0277977240650339
7491,148149.134444822,207203.355739615,10036.7098155628,-0.0272761839902627
7492,157852.861157536,214964.860472302,-7428.52162983728,0.0209272646218897
7493,161027.084582583,215349.90940136,-10987.7939839429,0.0322145417945525
7494,149524.618837163,214933.111206814,931.469956023386,-0.00429494166040099
7495,160060.162836863,221496.792072604,-16167.7549094672,0.0431419235785461
7496,168426.666824579,218242.943673971,-21280.4104985494,0.0614270224646105
7497,131441.063063308,196145.758663082,37802.3782736096,-0.104457123261679
7498,159933.665452624,213213.471206311,-7757.93665893556,0.0237690806900255
7499,160250.200366037,218251.450094411,-13112.4504604475,0.0363695352604005
7500,139232.424549203,206837.284875329,19319.4905754673,-0.0546661632187999
7501,142653.451819625,203247.029304528,19488.7188758473,-0.052895316885059
7502,145729.798005965,204726.802603478,14932.5993905571,-0.0400770953877255
7503,154321.044377599,214122.49795184,-3054.3423294393,0.00791537572361485
7504,153065.156108844,206453.854297408,5870.18959374813,-0.0142925451224446
7505,159113.037594886,218708.291587795,-12432.1291826817,0.0350173579657203
7506,152916.431542006,204528.399902284,7944.36855571001,-0.0194770438313392
7507,161607.789441767,220727.157538082,-16945.746979849,0.0468866939221805
7508,142565.882709564,207037.336322882,15785.9809675547,-0.0441855318939278
7509,159019.044639863,215956.332506104,-9586.1771459665,0.0278802231066453
7510,156361.398863086,211019.647746994,-1991.84661008016,0.00710027783844879
7511,131731.184109292,198271.859532737,35386.1563579707,-0.0975980086988329
7512,151029.387707741,210810.770511174,3549.04178108455,-0.00913126264396936
7513,160135.445774852,214474.167058566,-9220.41283341782,0.0263868537955033
7514,152807.138706992,212036.317993847,545.743299160851,-0.00120332476332084
7515,134573.933909401,199089.264932515,31726.0011580839,-0.0877251545488464
7516,151197.67980748,209458.581378729,4732.93881379144,-0.0116201971078766
7517,147213.013195223,206664.579701371,11511.6071034065,-0.0312077299925975
7518,178523.964851259,227703.973271101,-40838.7381223596,0.114322573319676
7519,131740.211953161,203236.346191268,30412.6418555716,-0.0861686947483924
7520,136523.347407066,200482.28810383,28383.5644891044,-0.0784317008691184
7521,158353.579628665,215442.705786583,-8407.08541524812,0.0235669023833574
7522,157442.481385742,216465.871789416,-8519.15317515883,0.022995257837791
7523,154409.33536974,217277.550266551,-6297.68563629081,0.0161436639060356
7524,163976.762188388,221491.670239891,-20079.2324282791,0.0547710182789945
7525,147082.931620619,223626.789222689,-5320.52084330766,0.00934672589490579
7526,146036.300717938,214515.88204319,4837.01723887218,-0.0159298717045151
7527,134602.461060193,203203.819898099,27582.9190417077,-0.0778174590804349
7528,138352.017944028,208706.366755555,18330.8153004167,-0.0523279949385437
7529,145632.784040839,206389.258346793,13367.1576123682,-0.036931862153539
7530,155737.064424542,211990.101425605,-2337.9658501462,0.00712495756233698
7531,136637.129188061,205097.365132133,23654.7056798062,-0.0665521353230878
7532,153334.194569358,218510.396055547,-6455.39062490506,0.0161134090220952
7533,163932.486130049,218707.712962837,-17250.9990928855,0.048095625263683
7534,149053.561045677,204793.09890878,11542.540045543,-0.0301752482567533
7535,154097.044873647,221628.989077509,-10336.8339511554,0.0248494759987
7536,151871.474083426,208657.338670065,4860.38724650809,-0.0123783051269123
7537,168032.377721465,222430.825440325,-25074.0031617895,0.0695796313479183
7538,139336.884593565,203411.037183386,22641.2782230487,-0.0627370739429026
7539,158479.14831098,213593.395352108,-6683.3436630881,0.0195346941723747
7540,164767.362854178,219624.795461513,-19002.958315691,0.0531292959570172
7541,141134.786645991,205071.773512237,19182.639841772,-0.0532040087657394
7542,144535.24812326,210945.813673389,9908.13820335118,-0.02859836071579
7543,154203.321338982,215278.136212209,-4092.25755119073,0.0112197019512708
7544,148557.663076339,212206.185617793,4625.35130586819,-0.0133688110080069
7545,192861.344848938,230750.282344063,-58222.4271930003,0.163966664527403
7546,149796.523758056,204624.569391238,10968.1068507061,-0.0280799322493448
7547,168915.222475905,234331.933228541,-37857.9557044454,0.101049020808495
7548,152810.517179255,214676.776942222,-2098.09412147658,0.00533474723566992
7549,146075.864826317,210330.131737217,8983.20343646622,-0.0256423927958169
7550,140824.019608656,206559.388492868,18005.7918984763,-0.0505751846646311
7551,155393.545273912,217033.759204726,-7038.10447863792,0.0191011868099361
7552,152228.11057969,216067.7472327,-2906.6578123903,0.00660224849599012
7553,145375.80298367,203062.555547102,16950.8414692276,-0.0456749634460125
7554,158555.389014185,218540.46663931,-11706.6556534955,0.0323538143648143
7555,152185.471321722,222877.558710067,-9673.83003178873,0.0228750337408242
7556,143424.116832202,204267.987266573,17697.0959012255,-0.0485273339545386
7557,168673.696979295,220667.424468967,-23951.9214482618,0.0668687219691521
7558,144590.025144201,205858.743935374,14940.4309204256,-0.0410659336321062
7559,157307.501684602,212843.90272221,-4762.20440681151,0.0143004326718267
7560,163239.589560467,216595.690089724,-14446.0796501904,0.0415970421517031
7561,151457.284227089,220926.88835783,-6994.97258491849,0.0167270518833977
7562,142758.017969007,202533.580942212,20097.6010887811,-0.054733459704685
7563,156777.4497998,213341.602158438,-4729.85195823811,0.0142718649969705
7564,137778.726010526,198946.769373801,28663.704615673,-0.0780038886897168
7565,179558.640489309,228074.300510378,-42243.7409996873,0.118953284473289
7566,149115.548241066,211053.568277366,5220.08348156791,-0.0146712952460118
7567,160304.782531008,215710.67029546,-10626.2528264683,0.0306108960320538
7568,144285.523843917,210221.842867551,10881.8332885323,-0.0320426028013501
7569,163165.920241134,217619.642228983,-15396.3624701163,0.0428001459603952
7570,144249.896665124,213052.52450816,8086.77882671595,-0.0253880897292231
7571,165438.448110626,223427.621771759,-23476.8698823856,0.0647520587351929
7572,150477.28808344,214390.100097206,521.811819354014,-0.00301397139594792
7573,136719.14037084,203733.393215298,24936.6664138627,-0.0704065773113558
7574,154564.152618068,213985.430874472,-3160.38349253964,0.00798439719743053
7575,152248.072097345,215138.564555725,-1997.43665306992,0.0044151385513556
7576,139772.984470664,199515.415424975,26100.8001043606,-0.0704548106485561
7577,141140.887468238,200750.210653958,23498.1018778034,-0.0640983693973838
7578,158797.285781521,217074.095746735,-10482.1815282559,0.0294456673531549
7579,137347.575528781,201681.066034453,26360.5584367667,-0.0727038675166779
7580,167882.359830162,218269.95715972,-20763.116989882,0.05959783932242
7581,153266.025093478,217626.222835589,-5503.04792906623,0.0135616115192311
7582,154688.374931914,217585.357606592,-6884.53253850626,0.0181824699311426
7583,154198.213125438,215576.891346856,-4385.90447229386,0.0108577775367033
7584,166726.365285384,214449.743191176,-15786.9084765606,0.0461833137276575
7585,161146.37341788,217918.037155857,-13675.2105737372,0.0378979762117803
7586,142651.524749788,207175.340909652,15562.3343405592,-0.0424091218137271
7587,162099.645969583,218350.511259907,-15060.9572294899,0.0424178735105681
7588,159526.735452391,212559.754135953,-6697.28958834376,0.0204674965521399
7589,149094.958167589,213749.472373604,2544.7694588069,-0.00818024559582116
7590,172627.441008296,234982.876974196,-42221.1179824917,0.114224915410507
7591,146645.316877461,205589.101108852,13154.7820136871,-0.0349851716121363
7592,166868.060238803,218163.97305202,-19642.8332908232,0.0566520271838759
7593,134359.758983911,203979.87516537,27049.5658507194,-0.0757470550466377
7594,146778.482554002,212101.349643877,6509.3678021211,-0.0199907728284966
7595,145729.687209374,209399.554742796,10259.95804783,-0.0292743871055191
7596,147712.486083433,209414.434995567,8262.27892100037,-0.0226149820523775
7597,135823.790229845,200389.125664277,29176.2841058783,-0.0800343385706462
7598,149738.675748136,208690.405435647,6960.11881621735,-0.0186758073759431
7599,145478.882356277,215258.912067145,4651.40557657764,-0.0153027712519377
7600,149652.928465798,206092.914579744,9643.35695445881,-0.0248386345164255
7601,160129.927108401,218773.425237773,-13514.1523461744,0.0374299600467005
7602,151894.39818899,218643.435955089,-5148.63414407877,0.012534614891448
7603,154835.221036697,221020.731826045,-10466.7528627415,0.0266144202042834
7604,146317.072687114,213637.032794885,5435.09451800096,-0.0168137873389232
7605,185917.824838531,232985.197893056,-53513.8227315866,0.150164905602784
7606,156126.434380046,224465.658917442,-15202.8932974876,0.0384752616413654
7607,152454.512293822,208967.316032344,3967.37167383428,-0.00978214578387994
7608,141670.192998955,201983.657398258,21735.3496027873,-0.0585461744664633
7609,164250.572760883,220451.91493505,-19313.2876959331,0.0533987618785975
7610,156480.921824525,213529.279758301,-4621.00158282532,0.0136189792099195
7611,172851.999857871,229396.595261485,-36859.3951193564,0.100986845683401
7612,146373.346554,212691.638711093,6324.21473490662,-0.0183331896742661
7613,164385.947991746,225271.33210535,-24268.0800970952,0.064962529738252
7614,152691.772874208,211265.116868899,1432.31025689241,-0.00364737796472612
7615,146850.047297494,208435.488382091,10103.6643204152,-0.0276223994405083
7616,143653.421036756,202679.473037815,19056.3059254287,-0.0512612900531397
7617,152735.363964762,211599.661318178,1054.17471706023,-0.00206162747983948
7618,160301.304255894,220555.052194488,-15467.1564503821,0.0416749025148919
7619,146831.616006378,213746.429864135,4811.15412948694,-0.0146589640368379
7620,150277.24943863,212572.282152817,2539.66840855271,-0.0074243272392934
7621,152371.414973729,211526.123173254,1491.66185301723,-0.00376011159188579
7622,147399.452640279,209840.797015473,8148.95034424873,-0.0229618978599329
7623,159503.465794155,217884.451215845,-11998.71701,0.0327417726331922
7624,142433.459440466,210448.133310894,12507.6072486396,-0.0365732259301135
7625,148843.682829248,207143.74066931,9401.77650144178,-0.0247176573408875
7626,154831.355361201,216811.253109442,-6253.40847064328,0.0160743026085741
7627,163943.138234321,217285.772036574,-15839.7102708959,0.0451475375873949
7628,132872.725239785,203291.435265272,29225.0394949427,-0.0825190715391098
7629,158697.793097782,217691.266744076,-10999.8598418586,0.0301810640161592
7630,148307.537720312,230557.79499699,-13476.1327173021,0.029504705681468
7631,160841.911800653,216305.121608645,-11757.8334092985,0.0334636069984769
7632,148538.492140054,210451.64115194,6399.06670800637,-0.0183852872994317
7633,161402.025067836,213577.681301939,-9590.50636977545,0.0293206962315997
7634,144642.600080644,205648.048843572,15098.5510757843,-0.0409609471503073
7635,139658.966127741,202943.137017546,22787.0968547129,-0.062706107660251
7636,157441.426572462,218959.41489799,-11011.6414704522,0.0297182739766979
7637,134604.074335694,198992.865375962,31792.2602883432,-0.087580147705477
7638,135203.790249358,205152.635651744,25032.7740988982,-0.0708869858171264
7639,154140.401675326,211715.730090523,-466.931765849353,0.00226899476608121
7640,144117.863528967,205712.668743076,15558.6677279567,-0.0427608514103704
7641,144962.866170159,209918.164897126,10508.1689327142,-0.0301430805852102
7642,154268.490989349,211913.682065987,-792.973055335518,0.00252745126977201
7643,140429.846292369,199524.980131992,25434.3735756394,-0.0689394678027841
7644,162103.094623946,211968.308228497,-8682.20285244315,0.0265591463520163
7645,141490.988958995,206855.484437901,17042.7266031042,-0.0467776082290279
7646,146705.854779579,209082.837354556,9600.50786586519,-0.0268351842744349
7647,150706.65585483,214049.406109268,633.138035902928,-0.00220994436180885
7648,163647.945672853,214176.422085623,-12435.1677584763,0.0365304497503325
7649,153506.675635391,209904.775812952,1977.74855165742,-0.00468154189787496
7650,157317.179103467,214381.211833761,-6309.19093722798,0.0179322523887195
7651,140001.443361522,206432.010370587,18955.7462678915,-0.0536255674171004
7652,162011.760295922,210555.609688697,-7178.1699846189,0.0228167900470752
7653,143081.007069444,203815.263955543,18492.9289750133,-0.050083660557105
7654,162932.756593595,228685.474605679,-26229.0311992736,0.0688146140776851
7655,148821.850639411,212369.769765463,4197.57959512604,-0.0128363461847148
7656,142050.429233809,208548.885652065,14789.8851141255,-0.0417730615195891
7657,168161.804391718,215317.889101416,-18090.493493134,0.0534585123749211
7658,160488.39936075,215141.842011168,-10241.0413719183,0.0299411659379682
7659,141511.902998219,210414.085667214,13463.2113345671,-0.0396614322154632
7660,163729.180040433,218747.555259047,-17087.5352994798,0.0475587540332615
7661,155492.249281157,210529.21288398,-632.262165136985,0.00352715706918072
7662,149177.399430748,212943.394399819,3268.4061694332,-0.0105492696146579
7663,159573.071723936,213185.099349489,-7368.97107342485,0.0222613187244819
7664,171166.671334469,221778.109827591,-27555.58116206,0.077953949820293
7665,158684.162848856,222875.480132258,-16170.4429811142,0.0419253444636534
7666,142676.83512291,215352.326018607,7360.03885848267,-0.0236729625879565
7667,151159.950804227,218006.098616069,-3776.84942029568,0.00867844771702959
7668,174052.548146246,226211.826385445,-34875.1745316908,0.0966036704333843
7669,156872.673617353,213833.140678417,-5316.61429576948,0.0155031785462706
7670,152961.183297765,210815.930069823,1612.08663241152,-0.00317741395469042
7671,134330.466297737,208175.221286824,22883.5124154395,-0.0662263787162536
7672,158875.160074969,219815.878725711,-13301.83880068,0.0351650187834057
7673,149678.876394356,212805.18576579,2905.13783985429,-0.00893810800425512
7674,149442.137450815,213883.704565269,2063.35798391624,-0.00719390539530593
7675,163726.444896723,222199.120704366,-20536.3656010886,0.0565231767853692
7676,153214.560916928,205740.026666733,6434.6124163387,-0.015535102531638
7677,147113.206349427,205014.861325503,13261.13232507,-0.035554712531709
7678,159263.481349641,210966.288595711,-4840.56994535227,0.0161731040562481
7679,151677.958403149,209924.843886253,3786.39771059784,-0.00940358623746981
7680,167802.89535711,219761.578119198,-22175.2734763076,0.0629538354872853
7681,144871.388684888,206089.018702207,14428.792612905,-0.0394051946824654
7682,146993.835243249,209696.843490113,8698.52126663813,-0.0243415828114849
7683,147101.906946873,205531.640363295,12755.6526898319,-0.0340355781610622
7684,149189.591481991,212154.92789626,4044.68062174902,-0.0121543369513525
7685,157853.030219741,214219.559463529,-6683.38968326972,0.0191370341458333
7686,160982.649606688,224548.497330088,-20141.9469367765,0.0530266666065902
7687,145784.368204624,210406.40067627,9198.43111910654,-0.0260519328962772
7688,159400.414484028,215584.935331226,-9596.14981525374,0.0273405803059362
7689,172535.703284267,220483.506374808,-27630.0096590751,0.0784982281373594
7690,128428.648706459,194832.387078249,42128.1642152914,-0.116129737789546
7691,135083.911463358,202967.701395468,27337.587141174,-0.0761612712226461
7692,156138.562167437,212688.601452075,-3437.9636195114,0.0105794508114959
7693,144541.061432487,209687.781016643,11160.3575508703,-0.0315213314904519
7694,152122.920968219,206285.018625313,6981.26040646783,-0.0170102394859309
7695,172767.803661904,226699.788354523,-34078.3920164276,0.09448499069317
7696,172559.861515223,219862.848103931,-27033.5096191532,0.0769050978126141
7697,162086.736728563,215567.484547246,-12265.0212758089,0.0354243582723653
7698,139677.464760154,206516.08253989,19195.6526999563,-0.0535444662672112
7699,153039.209293746,213633.489155007,-1283.49844875257,0.00375235319377918
7700,151801.727790805,208569.704303418,5017.76790577691,-0.0119025465080148
7701,159141.394938381,213923.599560942,-7675.79449932318,0.0220514564078202
7702,144777.581353111,210971.795063818,9639.82358307118,-0.0274034734011309
7703,143540.58561575,203966.904398937,17881.7099853126,-0.0484518328303521
7704,145674.851808457,218318.019297705,1396.32889383851,-0.00834384375924205
7705,153870.719723153,210614.640656002,903.839620845567,-0.00152022989759492
7706,140486.184525098,202096.185044075,22806.8304308269,-0.0623532388930371
7707,141079.417529825,205557.784479229,18751.9979909462,-0.0517779821656316
7708,143879.55636651,214278.835314344,7230.80831914645,-0.022502548680361
7709,139162.465696991,204250.812494177,21975.9218088324,-0.0614405214035188
7710,152078.809577525,215671.454818284,-2361.06439580821,0.00546010343929187
7711,143204.281050397,202058.60881424,20126.3101353622,-0.0545085375568565
7712,152794.706336917,221816.417209616,-9221.92354653205,0.0209692510830719
7713,164283.537681416,216622.55252467,-15516.8902060862,0.0448676206335793
7714,145642.830874391,215037.941961798,4708.42716381088,-0.0158292967783006
7715,151391.066048334,211274.167428513,2723.96652315342,-0.00735287699835685
7716,141501.684888288,212697.157294719,11190.357816993,-0.0336588769366222
7717,157727.830022825,217540.239381336,-9878.86940416141,0.0261050370741214
7718,152965.871600838,210462.011665699,1961.31673346314,-0.00446453309177635
7719,156412.307324778,211281.647509785,-2304.75483456295,0.00739637372069932
7720,149786.698231171,209657.256708783,5945.24506004626,-0.0157642980128435
7721,151726.387092948,215496.188417145,-1833.37551009306,0.0043915483041752
7722,138664.959289948,202419.538638932,24304.7020711204,-0.066752955384361
7723,169145.666694516,228976.228078229,-32732.6947727443,0.0885825581037665
7724,163479.537702483,216357.87244995,-14448.2101524333,0.0421231204148432
7725,136055.014371726,203372.613653714,25961.5719745604,-0.0733454210036417
7726,158464.719865967,214192.403396853,-7267.92326282006,0.021481313419394
7727,169539.83994049,228457.280618757,-32607.9205592473,0.0889851121821432
7728,144250.517850879,212684.251206754,8454.43094236747,-0.025072254417024
7729,141182.578605376,199226.439554669,24980.1818399552,-0.0671822468351105
7730,163461.915729091,217508.346676748,-15581.0624058389,0.0438079186337026
7731,167062.026274727,233215.431767216,-34888.2580419431,0.0928575693289138
7732,145382.306576258,211061.49112052,8945.40230322239,-0.0254162062272611
7733,159765.84380626,223518.20376214,-17894.8475684006,0.0470059947671198
7734,142871.048609605,203187.26688942,19330.8845009751,-0.0524062204313857
7735,151082.034846399,218718.424929533,-4411.25977593171,0.00990690085262855
7736,150090.0647287,206381.516928131,8917.61834316835,-0.0227822261211338
7737,146618.328663477,209993.780139361,8777.09119716199,-0.0242774039711035
7738,156583.883002235,211359.626113376,-2554.30911561055,0.00837552611059344
7739,157181.414205958,216845.202011925,-8637.41621788335,0.0238857809865408
7740,154420.391829478,207541.539064408,3427.26910611341,-0.00742732738858577
7741,166881.788766166,222023.937790128,-23516.5265562933,0.064866800774676
7742,151565.253670947,212679.217652187,1144.72867686523,-0.00376509989211186
7743,158217.510048894,213909.727201225,-6738.03725011897,0.0202578104912792
7744,148005.492080383,213750.083168368,3633.62475124898,-0.0116295552441184
7745,152888.319553081,209000.909891921,3499.97055499809,-0.00844634222778776
7746,151439.432667563,211378.018931929,2571.74840050848,-0.00698433891769692
7747,153349.008415628,215850.868942061,-3810.67735768866,0.00990557112008341
7748,158605.116931528,212987.66450622,-6203.58143774833,0.0185123939495807
7749,142756.675190546,209359.757070153,13272.7677393006,-0.037185052460077
7750,140446.355213409,205785.905470537,19156.9393160545,-0.0537751359258198
7751,154987.721721523,211291.424046016,-889.945767539379,0.00370941392470297
7752,153849.739463234,212247.644973904,-708.184437138087,0.00332838986179004
7753,137552.938992959,204518.81266395,23317.4483430902,-0.065157336359151
7754,139568.532969873,203301.275095608,22519.3919345197,-0.0621393293991016
7755,155741.066618358,211202.277611839,-1554.14423019724,0.00530950126816595
7756,147578.269540212,207427.888593763,10383.0418660249,-0.0286076153346352
7757,138277.560596455,204855.545406917,22256.0939966281,-0.0626011871633341
7758,147518.526883055,207699.695524655,10170.9775922896,-0.0280277203702413
7759,160440.452763454,219661.411124454,-14712.6638879078,0.04081774097876
7760,163006.574821028,212108.901940067,-9726.27676109486,0.0294444192885253
7761,156844.331133362,224840.222291869,-16295.3534252315,0.0419356186391466
7762,138165.829297122,200376.975699199,26846.3950036789,-0.0734974173606242
7763,147604.507006721,203334.769751341,14449.9232419372,-0.0385681728518765
7764,134827.772311891,205061.361921362,25500.0657667475,-0.0717432302942053
7765,140290.808509924,215942.880925804,9155.51056427258,-0.0306334651913939
7766,168007.12628076,222481.095463049,-25099.0217438093,0.0705464240239835
7767,155533.180368042,216181.719904277,-6325.70027231949,0.0170373430107275
7768,160779.015733386,217326.886258347,-12716.7019917335,0.0355676764634289
7769,159487.716230132,223630.793323742,-17729.3095538732,0.0472864713243205
7770,143857.530151502,201666.621576507,19865.0482719916,-0.0533059432589282
7771,143353.638624613,208017.046480925,14018.5148944619,-0.0395146890407268
7772,143188.798910401,206171.891524665,16028.5095649335,-0.0451246542485951
7773,157471.198934833,212883.917916692,-4965.91685152479,0.0152878881660048
7774,138159.619530302,201696.932949206,25532.6475204914,-0.0698314770368886
7775,141398.938231763,205738.061774783,18252.1999934541,-0.051015919244436
7776,150876.206545816,205405.205364322,9107.7880898625,-0.0231883728264319
7777,149844.176555513,215249.662741604,295.360702882579,-0.00337417235230041
7778,150581.066882913,208464.461989892,6343.6711271946,-0.0165529184214208
7779,138660.083649774,206473.427642407,20255.6887078193,-0.0570359195392839
7780,172027.642201668,224001.536926685,-30639.9791283528,0.0856367631451517
7781,154676.443480561,208047.18770844,2665.56881099881,-0.00515655067259666
7782,155709.025651267,205562.554870657,4117.61947807582,-0.00863195396238931
7783,146369.049800117,206974.231308077,12045.9188918059,-0.03205616334745
7784,135648.656650694,201135.598284006,28604.9450652999,-0.0787346632907141
7785,159999.689115106,215322.849603659,-9933.33871876477,0.02827137903619
7786,148302.496523885,213075.941274553,4010.76220156264,-0.0120317913294589
7787,139659.179629578,202952.067869981,22777.9525004408,-0.0619175759019483
7788,144274.592015958,222740.693676942,-1626.08569289994,0.000227045862587384
7789,146629.289787862,210328.413755146,8431.49645699171,-0.0244393460711444
7790,147207.317923526,210726.578973825,7455.30310264864,-0.0203547392785633
7791,158643.983355444,212370.026689171,-5624.81004461535,0.0169787088262942
7792,152180.30415849,210514.594374104,2694.30146740586,-0.0057332750372672
7793,138288.047761519,202466.233858607,24634.9183798744,-0.0684669572877937
7794,152375.625405033,212418.165653759,595.408941207977,-0.00101975430055041
7795,148136.501774117,209666.220099782,7586.47812610038,-0.0209358195675966
7796,166281.825225777,218439.544150013,-19332.1693757905,0.0539574359286208
7797,152353.215309353,211588.76702708,1447.21766356728,-0.00354594544102546
7798,150982.777976329,215240.661330966,-834.239307295007,0.00106056322881028
7799,155287.009650333,214331.833905781,-4229.643556114,0.0115317344616458
7800,153920.179406639,211589.575719206,-120.555125845422,0.00126950964352978
7801,155705.040778666,217460.39197776,-7776.23275642534,0.0210336911287266
7802,152303.26953157,214568.146995168,-1482.21652673784,0.0038827542274325
7803,151768.641903383,219024.463027619,-5403.90493100177,0.0131663625377019
7804,160640.969005064,213831.269311229,-9083.03831629298,0.0260231623562959
7805,130771.321219779,199260.209049282,35357.6697309398,-0.0978133352427182
7806,160700.705201369,212188.102716673,-7499.6079180417,0.0222313644790097
7807,141588.596020834,204464.118957545,19336.4850216212,-0.0534219724689133
7808,147679.948355303,204699.402448822,13009.8491958748,-0.0348805163452468
7809,164975.847928333,216307.591828452,-15894.2397567852,0.0454317550515137
7810,165946.097839427,221778.78522491,-22335.6830643365,0.0616519475791204
7811,151353.786271146,209059.100510766,4976.31321808812,-0.0134240575180723
7812,155172.687526942,214159.884909815,-3943.37243675668,0.0111859467750934
7813,152080.633580587,213271.352451301,37.2139681119588,-0.000766945686934241
7814,154977.483157297,222098.228218463,-11686.5113757594,0.0296979162768849
7815,138653.016173579,219018.309821303,7717.87400511763,-0.0273617070372352
7816,137295.523763711,208506.381992698,19587.2942435913,-0.0571213439480412
7817,139324.53028298,201184.487616243,24880.1821007776,-0.0677082214193616
7818,144759.601307596,210265.174535896,10364.4241565078,-0.0299215013247679
7819,144563.766033598,207115.62356059,13709.8104058118,-0.0376416418281693
7820,142599.829325827,208561.00361412,14228.3670600531,-0.0404626659295616
7821,169229.575349654,226191.899182293,-30032.2745319472,0.0824060768356672
7822,158754.206444109,215188.489475001,-8553.49591911031,0.0242066846194019
7823,156385.862641532,214611.275176819,-5607.9378183512,0.0162267479741649
7824,140199.133907884,208841.300153234,16348.7659388824,-0.0469082563106932
7825,141047.395962308,198497.468129542,25844.3359081507,-0.0699479131142173
7826,162148.333711004,220237.716450386,-16996.8501613894,0.0467445909794531
7827,139370.364868362,201541.918905195,24476.9162264435,-0.0664690555458812
7828,152247.742899283,223118.183690916,-9976.7265901998,0.0232315931827153
7829,143073.134260033,210800.136042487,11515.9296974801,-0.0343314191758933
7830,144629.801436412,208684.154876929,12075.2436866587,-0.0340184491290819
7831,132832.943184255,196351.844403782,36204.4124119624,-0.0992380431317422
7832,150067.595257574,212337.760296795,2983.84444563085,-0.00827026583143212
7833,166870.199272802,218662.10370159,-20143.1029743922,0.0567382249050989
7834,142050.028739825,203323.31255311,20015.8587070645,-0.0554502554206473
7835,145859.92921108,207265.851802139,12263.4189867811,-0.0336564430808157
7836,157081.838064874,218692.651312684,-10385.2893775581,0.027933633976444
7837,153536.080021264,219644.474820315,-7791.3548415784,0.0187475015043278
7838,159927.327446369,214273.51028066,-8811.63772702956,0.0252489893310263
7839,148174.597075769,202219.98608949,14994.6168347411,-0.0395006201760613
7840,171904.33263907,220938.061514857,-27453.1941539274,0.0777764849860354
7841,145571.932107395,213868.846439987,5948.42145261884,-0.0194443192888896
7842,170770.383398158,224589.224157818,-29970.4075559766,0.0837173706681366
7843,141702.207181402,208282.199827515,15404.7929910828,-0.042668857001846
7844,139088.934708231,205960.059629739,20340.2056620302,-0.0563169802863583
7845,161390.334520662,214582.867355773,-10584.0018764345,0.0308200238698948
7846,156613.315126003,214218.638627576,-5442.75375357876,0.0154492716663597
7847,152584.640900067,208983.968310407,3820.59078952542,-0.00925259063242361
7848,156098.28877515,211348.631282749,-2057.72005789867,0.00675811023348282
7849,152669.524199942,222875.582851971,-10155.9070519127,0.0240332329262457
7850,161601.799106002,224771.441791984,-20984.0408979856,0.0557955818046813
7851,150938.662625103,206855.841720979,7594.69565391802,-0.0195267799199998
7852,150180.662158404,213388.640215404,1819.89762619179,-0.00629314947618752
7853,144452.305062113,203253.531940552,17683.362997335,-0.0476357973408397
7854,156066.614947437,222290.335421223,-12967.7503686596,0.0335981228643799
7855,146969.235105379,209480.081801313,8939.88309330854,-0.0247402184199801
7856,154953.177808691,212018.004058223,-1581.98186691437,0.00541306038389498
7857,138573.188935965,196524.33407113,30291.6769929053,-0.0816100631965201
7858,152261.269698758,215038.406623392,-1910.47632215096,0.00424930158614361
7859,145837.178853872,206609.939726923,12942.0814192054,-0.0350223017347975
7860,146860.032696384,207126.061094698,11403.1062089187,-0.0300462330924918
7861,156238.510152172,212409.415030796,-3258.72518296813,0.00983224971877797
7862,139982.710608891,210895.861848052,14510.6275430571,-0.0432723254074773
7863,148948.750745431,211040.101592036,5400.34766253276,-0.0147365401890259
7864,151630.755255525,210029.424371833,3729.02037264284,-0.00961807478769095
7865,144737.474165486,210928.322662637,9723.40317187714,-0.028375626494816
7866,145573.186646676,207661.568483707,12154.4448696166,-0.0333662953142237
7867,149872.498515349,214525.259672578,991.441812072939,-0.00474951773794149
7868,137257.096165172,204636.060510473,23496.0433243552,-0.0658960295219342
7869,160680.921308088,222550.327966032,-17842.0492741201,0.0481947534655967
7870,143274.094383964,201659.248910566,20455.8567054702,-0.0551927828991595
7871,147136.867060917,203899.968797017,14352.3641420661,-0.0382953337097313
7872,136642.850161804,204975.489979563,23770.8598586325,-0.066414575510806
7873,152332.992202741,205926.721275877,7129.48652138148,-0.0174654611695486
7874,147091.974130146,207696.450382059,10600.7754877952,-0.0289498058293641
7875,149382.658505948,206739.984490405,9266.55700364715,-0.0246557182012035
7876,149371.744468313,205681.791209316,10335.664322371,-0.0268832233178435
7877,143630.57955801,206011.117791131,15747.5026508594,-0.0433514062283448
7878,140721.183702686,203377.123570881,21290.8927264327,-0.0581048555697401
7879,155430.584875108,211517.039692832,-1558.42456793971,0.00456677866265964
7880,167289.735735422,216159.73109362,-18060.2668290418,0.0524056225821172
7881,160207.72762427,218671.363738919,-13489.8913631895,0.0372620548385577
7882,160979.591864144,223359.530949277,-18949.9228134208,0.0506298257080451
7883,144614.348373062,207393.055834083,13381.7957928556,-0.0368311733123919
7884,169437.154386687,226238.569402222,-30286.5237889084,0.082576504898319
7885,166890.419311127,214654.712913061,-16155.9322241877,0.0478668492026404
7886,140541.50495608,207537.784165551,17309.9108783686,-0.0494394691055008
7887,133635.704728318,209405.152395288,22348.3428763946,-0.0654602015074152
7888,151072.058614363,213048.629124448,1268.51226118882,-0.00406480102436639
7889,149526.375348577,213074.081989511,2788.74266191159,-0.00856930037279481
7890,147270.016614076,209849.258709852,8269.92467607144,-0.0238742181811934
7891,142671.746366525,206135.234398957,16582.2192345182,-0.0463348258558284
7892,152358.407241278,218673.88121478,-5643.08845605765,0.0133756324176915
7893,149451.896452578,207642.247324782,8295.05622263963,-0.0221762989054017
7894,149605.908146604,213433.26756933,2350.02428406646,-0.00714238539239296
7895,147259.360950078,208106.440408471,10023.3986414511,-0.0267592916859348
7896,154215.320272896,210873.683838737,300.195888367132,-0.000146740106545258
7897,166084.808305858,226416.922515718,-27112.5308215763,0.0737769050795106
7898,158120.319901409,213770.074929378,-6501.19483078702,0.0188264669888609
7899,156696.319890847,217239.706601496,-8546.82649234304,0.0239193471741297
7900,155389.837245281,214150.633629362,-4151.27087464381,0.0119584952090849
7901,157560.156843644,216166.236200246,-8337.19304389023,0.023218636525651
7902,159624.44263331,218460.719358597,-12695.9619919074,0.0347315425062232
7903,152716.037474434,210748.593816517,1924.56870904955,-0.00443663445652911
7904,155375.32364519,219270.567246278,-9256.69089146797,0.0232745359106801
7905,142074.660319463,204378.017483109,18936.5221974286,-0.0523407153749716
7906,133599.126561402,203572.870534037,28217.2029045607,-0.0796000540405512
7907,140753.941572573,203495.799086028,21139.4593413984,-0.0578352495360345
7908,150985.157435207,207675.732528565,6728.31003622786,-0.0172671091688758
7909,151499.345271738,208240.573179639,5649.28154862236,-0.0141425213300015
7910,149189.533019458,207396.498556899,8803.16842364281,-0.0236455827890404
7911,144726.592761202,207222.870255405,13439.7369833937,-0.0368460249549223
7912,142141.661369927,202101.737236459,21145.8013936143,-0.0568516674175841
7913,155635.579352114,214194.35043811,-4440.72979022318,0.0132616222637441
7914,156574.568545092,204367.719573504,4446.91188140359,-0.00870904769896737
7915,158845.92677897,218968.916180585,-12425.6429595553,0.0335421012259523
7916,150951.624332332,211706.379573081,2731.19609458692,-0.00843862673113895
7917,158511.467176123,216802.868279563,-9925.13545568608,0.0274663414778395
7918,175905.198767139,224018.064160738,-34534.0629278777,0.0972625486356833
7919,162972.800287483,215859.910260157,-13443.5105476409,0.03847921546252
7920,164662.999905848,214950.553013539,-14224.352919387,0.0417977879476146
7921,147931.590144387,210237.970410671,7219.63944494282,-0.0203593992522372
7922,155521.249727595,212393.743444864,-2525.79317245859,0.00812113519027175
7923,150042.115972558,216214.319214972,-867.235187530459,-0.000347588156972503
7924,154481.273779414,218801.663458869,-7893.73723828373,0.0194658745944675
7925,144301.342989689,212153.882681104,8933.97432920721,-0.0262712878145024
7926,147030.009920544,207655.440772288,10703.7493071685,-0.029630943705319
7927,153658.360375649,206498.357742149,5232.48188220151,-0.0116050946102558
7928,158706.54130176,212801.094774187,-6118.4360759469,0.0191068462440011
7929,154944.55798457,221662.523706067,-11217.8816906372,0.0292108103058
7930,170837.741500621,229963.415772331,-35411.9572729515,0.0954517748520144
7931,146924.178089236,207108.347680258,11356.6742305059,-0.0316170012744518
7932,163044.600059262,223219.043480246,-20874.443539508,0.056153947195327
7933,134643.010870489,207337.841679376,23408.3474501358,-0.0667081277244916
7934,147102.221163173,205581.991154842,12704.9876819855,-0.033750866611413
7935,158901.042095016,213797.239616916,-7309.08171193197,0.0215292549594993
7936,148499.047502358,204712.414273483,12177.7382241589,-0.0321030598156798
7937,152136.148771179,207588.302434748,5664.7487940726,-0.0136527766957258
7938,162623.250320326,215904.988224474,-13139.0385448001,0.0372070054126003
7939,160206.182466598,209613.478222793,-4430.46068939136,0.0147093447596902
7940,166315.428330438,216205.464239437,-17131.6925698758,0.0497358590548119
7941,159192.386893334,219256.097327263,-13059.2842205963,0.0350007363648805
7942,150926.314236239,206681.102243064,7781.78352069733,-0.0200382193615794
7943,167372.566660811,220089.63085901,-22072.9975198216,0.0618959252260322
7944,162054.104671888,214821.149520047,-11486.0541919344,0.032479871525146
7945,163417.056822772,217765.560878127,-15793.4177008982,0.0449984627947924
7946,150973.580947734,209980.980150893,4434.63890137331,-0.0121433220208542
7947,142564.748052207,205557.874921192,17266.577026601,-0.0476048523539521
7948,145031.476825544,207405.050252371,12952.6729220856,-0.0350807419626865
7949,139327.240438993,196915.447786262,29146.511774745,-0.0782401954120878
7950,167331.392888082,212828.691446356,-14770.8843344371,0.0437382401241109
7951,143676.542199081,202630.585934343,19082.0718665765,-0.0516894032972136
7952,163018.729619591,217020.956720255,-14650.4863398458,0.0418410530025232
7953,163301.368616395,216252.564849724,-14164.733466119,0.0404852275452046
7954,160380.158901353,230703.849543148,-25694.808444501,0.0655717407988771
7955,162515.853273564,215517.540599826,-12644.1938733896,0.0359865643100357
7956,130047.002484039,195575.971928806,39766.2255871555,-0.109378129600389
7957,147273.741748696,203561.728600078,14553.7296512257,-0.0381676542189241
7958,177260.874697124,223914.296417992,-35785.971115116,0.102001346655681
7959,145324.128244419,210784.857915727,9280.21383985376,-0.0270032949244383
7960,151922.017138922,207841.131599659,5626.05126141844,-0.0136593764737099
7961,172554.49175157,224228.170573778,-31393.4623253481,0.088358359242036
7962,159139.941498423,219533.574105118,-13284.3156035409,0.035601171429538
7963,151958.203852423,209672.056638678,3758.93950889964,-0.00906822027484777
7964,140914.754906464,211420.645667406,13053.7994261294,-0.0379171118085929
7965,148228.077623733,212887.964209871,4273.15816639597,-0.0132069595153298
7966,153284.655564386,217613.843517733,-5509.29908211954,0.0132302472049468
7967,150618.059986451,213761.168120982,1009.97189256683,-0.00419432024003764
7968,150745.487216776,211363.699224595,3280.01355862909,-0.00876931444811997
7969,144137.406495121,208121.077097746,13130.7164071323,-0.0366775187113588
7970,154118.323512519,212107.937654349,-837.061166868196,0.0035515500447248
7971,138386.036430087,201861.429047595,25141.7345223184,-0.0689979240653847
7972,145256.231788319,207555.223266529,12577.7449451521,-0.0347290292288675
7973,147690.358150791,208144.080337776,9554.76151143335,-0.0261577285744867
7974,154541.376113667,209502.303998011,1345.51988832251,-0.00236021328380416
7975,160251.801451836,222284.328051025,-17146.9295028613,0.0449794221438734
7976,138001.337181938,201338.563158258,26049.2996598037,-0.0714541016177985
7977,149673.667903579,212238.428174696,3477.10392172582,-0.00981721103883789
7978,150947.192401005,207461.097067215,6980.91053177987,-0.0176708337771809
7979,161487.325813892,218598.603686348,-14696.7295002402,0.0405807445357951
7980,149791.630758029,207912.092579964,7685.47666200704,-0.0200878039923854
7981,159649.506102241,222319.445254423,-16579.7513566634,0.0442974434033934
7982,143896.595331035,210647.021856903,10845.5828120614,-0.0312369742156529
7983,158605.770780353,213502.795322873,-6719.36610322545,0.0200045296392562
7984,137195.105724912,201374.777335796,26819.3169392922,-0.0732257592674074
7985,152624.126673522,209222.836837725,3542.23648875381,-0.00859981610546758
7986,159294.055691781,212544.197305685,-6449.05299746594,0.0200691206924557
7987,150168.474369754,209864.720833338,5356.00479690795,-0.01478600065937
7988,147468.238583565,210245.192316294,7675.76910014037,-0.0222657978594343
7989,149682.724600992,209586.866784006,6119.60861500149,-0.0160400258875018
7990,128925.444602574,197344.243924112,39119.5114733133,-0.108538142903167
7991,170066.438299635,223962.232652547,-28639.4709521813,0.0794775046598841
7992,147461.751965443,208681.73152432,9245.71651023696,-0.0249394009652984
7993,163636.213855335,215618.557384246,-13865.5712395815,0.039598223160948
7994,144089.481571737,209645.921078127,11653.7973501359,-0.0329637969168973
7995,127573.385481778,202730.600139953,35085.2143782694,-0.0997133654805559
7996,139315.910177632,203114.478386147,22958.8114362205,-0.0637902091439355
7997,143675.168548062,206974.410643971,14739.6208079667,-0.0412733851355457
7998,161034.421942148,218945.470422536,-14590.692364684,0.0402656209675609
7999,153987.348024898,210858.597976438,543.253998664091,-0.000275664991919966
8000,152992.552375936,213574.591663781,-1177.94403971679,0.00321470963035739
8001,156342.225909597,211774.200172912,-2727.22608250909,0.00811476419302145
8002,147236.475969907,210958.496294086,7194.22773600719,-0.0210353087029852
8003,161002.141992388,212992.463317606,-8605.40530999366,0.0259971644023582
8004,153919.608359081,217250.23547713,-5780.64383621153,0.0150753790998812
8005,175636.257394267,231489.453716959,-41736.511111226,0.114873029840612
8006,152683.429671706,218921.865814997,-6216.09548670315,0.0149327572104969
8007,146970.426316387,204311.15689296,14107.6167906534,-0.0371508183667069
8008,148493.133448688,220448.911180489,-3552.84462917666,0.0062650380059245
8009,151272.775250187,211005.567193532,3110.85755628062,-0.00792527079720258
8010,157138.072750396,215436.788387641,-7185.6611380367,0.019399871501897
8011,168090.347283388,218197.908870075,-20899.0561534627,0.0595570014470058
8012,144501.795549361,210623.365375385,10264.0390752543,-0.0297552652596942
8013,155790.753545694,220810.621191648,-11212.1747373415,0.0278227414576901
8014,155562.007092822,210391.298927281,-564.106020102801,0.00359274484237383
8015,145033.273574506,212629.869481029,7726.05694446474,-0.0232420716443824
8016,168602.43477598,218218.72364118,-21431.95841716,0.060680125067433
8017,140001.598104739,202910.326404353,22477.2754909087,-0.0619569666679721
8018,170210.387072016,231310.577301105,-36131.7643731217,0.0980450008999024
8019,136816.969112887,205853.985707845,22718.2451792677,-0.0643055894439967
8020,151695.478722522,210527.877878894,3165.84339858446,-0.00777588276878184
8021,146596.439354091,214776.63710521,4016.12354069931,-0.0138980607756452
8022,139631.073881303,218000.169273875,7757.95684482233,-0.0271098820323965
8023,143253.202846969,202444.119217706,19691.877935325,-0.0537707588310609
8024,144693.052160041,207295.918628078,13400.2292118812,-0.0372013849522571
8025,151087.665461563,213262.431628811,1039.10290962638,-0.00380907680871819
8026,149733.942567751,205156.440954399,10498.8164778494,-0.026991035170038
8027,159961.580716415,209609.003202356,-4181.38391877123,0.0138451498699553
8028,146444.498418896,211360.744456859,7583.95712424535,-0.0212899159803638
8029,147813.684526215,210437.353749586,7138.16172419867,-0.0206738349263411
8030,147681.19750255,212042.477738606,5665.52475884464,-0.0162725895895995
8031,172199.435850365,222422.71256388,-29232.9484142454,0.081470663567357
8032,151825.8577133,207687.885051457,5875.45723524288,-0.0138281939127156
8033,178628.878643873,232262.528066777,-45502.2067106499,0.125348862818207
8034,160391.848663392,211842.5854822,-6845.23414559232,0.0213370102554197
8035,143751.914232973,205813.845792531,15823.439974496,-0.0425723028652395
8036,154205.707220012,214441.408036781,-3257.91525679274,0.00963145941600092
8037,141249.262331877,206936.575735614,17203.3619325095,-0.0481612296168487
8038,140074.690167849,205276.708060527,20037.8017716233,-0.0559244535781435
8039,151700.306268594,211115.897610387,2572.99612101866,-0.00664708340730679
8040,146474.103923949,206250.530924326,12664.5651517242,-0.0341240076662678
8041,154316.502070743,212660.239335703,-1587.54140644631,0.00479316468514408
8042,179360.80550101,225854.400251766,-39826.005752776,0.111565597157366
8043,144181.468324805,212378.029124733,8829.70255046181,-0.0261101503422159
8044,154744.732141142,210671.13676294,-26.6689040823258,0.000597585720960516
8045,156228.538735155,215250.643303386,-6089.98203854129,0.0175606462526051
8046,140016.432742705,203377.875217219,21994.8920400765,-0.0605203902737281
8047,153255.80443643,215545.354833157,-3411.95926958631,0.00889057289093521
8048,154719.283590904,208081.396116132,2588.52029296424,-0.00579375763931571
8049,155926.018782094,210017.375392775,-554.194174869393,0.00287875515524554
8050,136194.794996097,207934.620040487,21259.7849634165,-0.061345174652325
8051,150364.817458995,209124.273994104,5900.10854690132,-0.0158307322558259
8052,144703.384727588,209985.667156647,10700.1481157657,-0.0301835273172339
8053,149915.143523776,205767.406543006,9706.64993321832,-0.0250958729616915
8054,168022.002838663,224641.78491284,-27274.5877515028,0.0752977246534225
8055,155168.662809233,211975.419764313,-1754.88257354632,0.00599062417238277
8056,145991.777654675,206562.372824745,12835.0495205799,-0.0354394573693571
8057,155271.530103355,211938.621528914,-1820.95163226937,0.00670732364819934
8058,154550.157191193,213697.943367313,-2858.90055850561,0.00843567001205731
8059,166005.551092067,225529.402868742,-26145.7539608094,0.0705176645037084
8060,137471.885737322,196246.173168656,31671.1410940214,-0.0852302677446319
8061,154436.261279116,210924.613966284,28.32475459954,0.00101274077617153
8062,169993.673483317,231443.374618561,-36047.8481018787,0.0975177194525282
8063,145639.848316209,212451.301771365,7298.04991242586,-0.0220570332768428
8064,154811.065734238,214684.321441614,-4106.1871758523,0.0117599883088302
8065,149480.386907017,210600.231821337,5308.58127164649,-0.0141800321940048
8066,141135.351673158,202888.818676767,21365.0296500746,-0.0587676440090704
8067,157828.414893875,209597.684595521,-2036.89948939648,0.00798703596784505
8068,164307.893495243,218526.4831769,-17445.1766721431,0.049343246320485
8069,148134.577577767,209290.171500631,7964.45092160144,-0.0214509116238783
8070,153709.072786498,212285.039983688,-604.912770186143,0.00196297848160286
8071,150892.574501957,206173.169066629,8323.45643141359,-0.0214661682853682
8072,158749.270546734,219100.786294787,-12460.8568415215,0.033565051091928
8073,149781.070865295,215809.686288552,-201.557153846661,-0.000526337167116269
8074,163869.230683126,229152.026935117,-27632.0576182429,0.0725238326371637
8075,167918.071087774,216726.995131869,-19255.8662196423,0.0549630293032092
8076,141427.756399793,201946.728675637,22014.7149245701,-0.0595260924971012
8077,149913.344447873,206473.586006191,9002.26954593655,-0.0231159967793255
8078,157980.326233904,214879.117077504,-7470.24331140803,0.0210885537384651
8079,168095.535710066,221305.14094846,-24011.476658525,0.0672349651710714
8080,148000.947501316,213987.571944995,3400.68055368908,-0.0103882919833743
8081,138248.074258755,202596.066477154,24545.0592640907,-0.0674255899085044
8082,136368.85192407,199908.029440921,29112.3186350091,-0.0799875638350569
8083,155235.175491402,213496.441599262,-3342.41709066369,0.0101889882321227
8084,150648.004842169,212698.043457224,2043.15170060674,-0.00591255447758768
8085,168592.846731385,215058.544451856,-18262.1911832411,0.053302226468053
8086,149775.22613606,205719.635551696,9894.33831224375,-0.0260113363076497
8087,163508.129346946,216962.732812274,-15081.6621592205,0.0434229187353075
8088,165570.413240473,216514.233668257,-16695.4469087301,0.0479822779861399
8089,146681.120813802,207365.948272968,11342.1309132301,-0.0314981721871109
8090,160507.055452599,220749.811383697,-15867.6668362961,0.0421465016504749
8091,138842.48990116,201303.323522452,25243.3865763887,-0.0688243368226318
8092,147668.811603585,215228.657158633,2491.73123778217,-0.00909072547498114
8093,138554.605451385,205011.306998138,21823.287550477,-0.0610331549113466
8094,146473.991562877,211077.068904395,7838.13953272783,-0.0222286459172485
8095,155554.313685923,210910.945213516,-1076.05889943923,0.00489429453637754
8096,154501.739883105,215564.721843838,-4677.26172694279,0.0130698801747319
8097,145401.832970258,221695.550734284,-1708.18370454217,-0.00118786736158176
8098,172481.930971126,226102.741052426,-33195.4720235527,0.0923596117998721
8099,160207.882876458,217780.157494967,-12598.8403714249,0.0346978108619566
8100,161837.042744793,221276.293989643,-17724.1367344363,0.0476018638503572
8101,161173.415384183,213750.407153339,-9534.6225375224,0.0281401495386139
8102,146675.253245203,213701.487170652,5012.45958414575,-0.016183473867504
8103,164748.202235678,218240.047086988,-17599.0493226662,0.0504771044803934
8104,145040.336510027,205435.813653655,14913.0498363174,-0.0405870870211002
8105,154573.208232388,213271.334744209,-2455.34297659731,0.0072636250710621
8106,133763.234617647,200003.587913767,31622.3774685863,-0.0879937465096674
8107,145649.131959432,205499.090383137,14240.9776574307,-0.0383151859654865
8108,171644.148995844,220312.299012008,-26567.2480078517,0.0762880248620268
8109,147451.799978577,205236.649166366,12700.7508550569,-0.0339047492740404
8110,151427.235646553,211804.689704654,2157.27464879333,-0.00565620928033945
8111,133400.157868392,206661.711447433,25327.3306841754,-0.0727190478322959
8112,142879.717044162,205767.096141047,16742.3868147906,-0.0458920717783399
8113,147598.103515633,216280.537511864,1510.55897250248,-0.00699817672561738
8114,140743.055477299,202887.214750805,21758.9297718963,-0.059569462568823
8115,159498.806623554,215250.85093556,-9360.45755911426,0.0264998363416836
8116,160205.983496407,209773.760973663,-4590.54447006999,0.015655315181014
8117,149108.149495289,209120.758607108,7160.29189760337,-0.019551700965233
8118,156449.46051002,208116.946609858,822.79288012156,0.000451146766644164
8119,147642.664263732,209333.211893562,8413.32384270552,-0.0228987370872784
8120,143069.781112971,206252.191136333,16067.2277506963,-0.0446670525201759
8121,161300.041478894,222796.930069646,-18707.7715485401,0.0499240856945325
8122,156506.213255987,209253.27323383,-370.286489817139,0.00336128425686668
8123,141781.470762278,212118.119874619,11489.6093631028,-0.0349830701369953
8124,142655.120986624,205644.762333617,17089.3166797591,-0.0470465311355157
8125,144747.901951307,213450.122919963,7191.17512873077,-0.0222779304509875
8126,144443.726005135,203916.819987886,17028.6540069793,-0.0457944522047764
8127,151892.539722812,215801.353642294,-2304.69336510624,0.00509326540989036
8128,147993.549764837,210910.212292521,6485.4379426415,-0.0178254583202353
8129,162913.780676679,216028.142482008,-13552.7231586868,0.0388901006693808
8130,161544.006103323,210881.471993284,-7036.27809660672,0.0232496349529393
8131,146358.69253221,205110.003570468,13920.5038973225,-0.0372777578414857
8132,145471.181893476,202593.202873693,17324.8152328301,-0.0456596668173937
8133,151661.869684488,212246.780996738,1480.54931877449,-0.00424573747671453
8134,164909.160499818,218703.567585956,-18223.5280857739,0.0519744171763721
8135,165784.198322449,217555.716911616,-17950.7152340655,0.0514364996501858
8136,161597.300826113,219089.445094871,-15297.5459209837,0.0423833488757417
8137,152661.786625904,207778.68541253,4948.72796156647,-0.0122041211721461
8138,136568.749970114,202953.444409447,25867.0056204386,-0.0722655385119966
8139,153405.471532699,217891.178871295,-5907.45040399418,0.0155309231604519
8140,162392.148596152,220474.593971342,-17477.5425674935,0.0481424130200771
8141,145744.49782983,210004.923410644,9639.7787595258,-0.0271685014060368
8142,150389.679949592,211810.114499901,3189.40555050696,-0.00807739520201901
8143,141828.019925185,211096.422780816,12464.7572939996,-0.0371177228991634
8144,151872.410998675,212862.215390782,654.573610542691,-0.00194121549610665
8145,151046.349144707,217344.709453343,-3001.85859805014,0.0060576670191725
8146,142303.198207446,212314.93211456,10771.0696779936,-0.032085978586767
8147,156555.803826113,216129.291587777,-7295.89541388978,0.0206503775251949
8148,151432.682912811,211757.469354431,2199.04773275723,-0.00524578964892682
8149,161668.692601473,215165.350718688,-11444.843320161,0.0325472917280224
8150,163470.773764347,216643.126536723,-14724.7003010692,0.0427772423500164
8151,168781.883832432,218928.259140226,-22320.9429726581,0.0640985398633851
8152,166123.687122331,221866.908023301,-22601.3951456317,0.0627145194824302
8153,159514.272701876,214903.544721464,-9028.61742333969,0.0260213284050441
8154,150467.005858332,209723.598031714,5198.59610995423,-0.0139763060082135
8155,156357.17437541,210780.188510103,-1748.16288551304,0.00651030489361547
8156,176972.898146289,220526.642327553,-32110.3404738417,0.0921812961614164
8157,147082.13382485,207603.998185518,10703.0679896323,-0.0299277158209796
8158,155496.116596698,210994.637817756,-1101.55441445432,0.00413806233626168
8159,159469.046594135,215394.01388243,-9473.8604765656,0.0268612927684574
8160,171646.363905883,228286.890332564,-34544.0542384473,0.0945869351416244
8161,151874.078046802,214247.971493449,-732.8495402509,0.00123061616546261
8162,165389.176210045,218755.392177349,-18755.3683873935,0.0530955531826998
8163,151611.363407639,219642.840781232,-5865.00418887107,0.013599408650453
8164,160037.451662978,216157.105853189,-10805.3575161666,0.0301789470026055
8165,134918.491999834,202303.184926677,28167.5230734894,-0.0787136770000841
8166,141305.485138784,200031.3355255,24052.3793357157,-0.0648155604197397
8167,158428.309214554,222082.451399562,-15121.5606141169,0.0400790999256819
8168,165045.061228927,219252.090106017,-18907.9513349439,0.0526874075912597
8169,152026.34328639,209261.895961739,4100.96075187094,-0.0103287955335221
8170,154171.291747417,214489.910491876,-3272.00223929307,0.00906849504037751
8171,149699.145717895,209672.251543426,6017.80273867928,-0.0158275333281498
8172,145751.5492962,202228.55990648,17409.0907973203,-0.0457494239746868
8173,166777.55594096,218813.183887916,-20201.539828876,0.0568857494507125
8174,147223.973404646,206252.457093313,11912.7695020406,-0.0317508212632067
8175,177363.427762555,221213.469545612,-33187.697308167,0.0948148954926628
8176,147463.285321323,214141.345703728,3784.5689749486,-0.0133515830271576
8177,138730.718906053,198994.626889031,27663.854204916,-0.0749739365341801
8178,146652.027623033,210814.703039201,7922.46933776623,-0.0230704302347023
8179,136875.668272952,206018.34658512,22495.185141928,-0.063464770214087
8180,150631.063543292,211007.476383873,3750.66007283446,-0.0107958609595999
8181,169123.833940378,215164.370639712,-18899.0045800893,0.055365709561927
8182,143211.154454456,203772.153071745,18405.8924737994,-0.0499237077665101
8183,141628.741165313,207402.793542028,16357.6652926597,-0.047038712157506
8184,153351.089326692,219365.249896478,-7327.13922317058,0.0183914282850817
8185,157097.096992925,215635.997652603,-7343.89464552817,0.0199721611060006
8186,149990.045266151,211224.582015848,4174.57271800027,-0.0114599712566019
8187,144750.677965701,206588.23430799,14050.287726309,-0.0385647287792741
8188,162956.34910564,221843.969621137,-19411.1187267771,0.0538137815485394
8189,156115.175748278,215101.583419475,-5827.5591677528,0.016582456915381
8190,168648.785669978,218052.404874816,-21311.9905447944,0.0600909954657709
8191,141609.201720473,218132.343184798,5647.65509472939,-0.020449435651966
8192,142731.169542697,207648.224355109,15009.8061021944,-0.0422523886188985
8193,155161.958487378,211986.356848266,-1759.11533564416,0.00617200945670561
8194,158707.000327972,219891.965838037,-13209.7661660096,0.0353361493733908
8195,155356.224899278,208816.416372121,1216.55872860126,-0.00130649639404291
8196,141918.982692724,208341.987125187,15128.2301820892,-0.0429797516675888
8197,148379.022449942,213402.690176188,3607.48737386975,-0.0113853111712934
8198,156466.456156621,206284.148025233,2638.59581814607,-0.0046409976056772
8199,145656.65022621,215548.892099394,4183.65767439583,-0.0140382300120682
8200,154370.904554272,212943.123923101,-1924.82847737212,0.00545141105055097
8201,145211.41347932,207815.531708727,12362.2548119521,-0.0344283949475601
8202,131870.229962746,197528.113633663,35990.8564035911,-0.0993156281293644
8203,162351.741909873,222092.879631267,-19055.4215411404,0.050882090574932
8204,148786.787599619,210347.253202876,6255.15919750527,-0.018352991205164
8205,149634.482736384,208781.833894465,6972.8833691511,-0.0184175627248717
8206,160506.773678726,224473.286215349,-19590.8598940745,0.0514766481586546
8207,148259.120711193,211301.177870973,5828.90141783393,-0.0167699029329003
8208,152147.173550678,214617.600556813,-1375.57410749124,0.00275843635866853
8209,149795.775823584,209661.248775911,5932.17540050537,-0.0164040188755673
8210,159178.58310786,214076.867504712,-7866.25061257207,0.0235264287048743
8211,153457.941735488,213519.871396247,-1588.61313173536,0.00430946974014172
8212,165056.451519557,218608.84103895,-18276.0925585068,0.0510601568171343
8213,137247.031911123,204570.390084307,23571.7780045702,-0.0662157594570294
8214,174303.881050609,220032.683144221,-28947.36419483,0.0830835767211181
8215,152328.415134686,221167.023822551,-8106.23895723751,0.0195042025814626
8216,145360.811530107,208999.33408176,11029.0543881329,-0.0309283451250753
8217,138518.764430754,207619.662312845,19250.7732564008,-0.0545184674495754
8218,154120.900314082,222795.698932959,-11527.3992470409,0.0293682871125329
8219,159337.31601933,214560.864679509,-8508.98069883935,0.0252766791944805
8220,142185.074829012,203988.352624918,19215.7725460708,-0.05328084954423
8221,159883.787082386,224387.226393519,-18881.8134759042,0.0505141735896828
8222,146771.41892561,210454.249183074,8163.53189131658,-0.0226249563437465
8223,152665.737959013,209713.681345634,3009.78069535305,-0.00717584499138883
8224,139531.262618726,208014.076287672,17843.8610936023,-0.0510455890552826
8225,140835.300394686,208664.44490943,15889.4546958833,-0.0456108104110783
8226,152248.223256803,210172.85025988,2968.12648331799,-0.0075164650240762
8227,163329.49092833,222966.630753059,-20906.9216813894,0.0574641082475366
8228,176282.177371961,218768.087058879,-29661.06443084,0.0856861024381651
8229,156147.404891027,215857.491591739,-6615.69648276607,0.0174704811768487
8230,146456.785234846,213357.382814025,5575.0319511288,-0.0169443025261035
8231,160708.238870725,228002.376457789,-23321.4153285142,0.0604798983604235
8232,169100.293287754,219851.510444937,-23562.603732691,0.0668599020565369
8233,143856.078916231,212950.856831428,8582.26425234141,-0.0262371955196359
8234,135652.178146683,203390.633160901,26346.3886924152,-0.0733801905084769
8235,155864.84400683,210712.0188391,-1187.66284593049,0.00536464056587757
8236,163857.179248267,221522.147520804,-19990.1267690707,0.05479889917217
8237,155312.487523945,211268.915681903,-1192.20320584864,0.00455944872513609
8238,142622.799536739,209668.242649228,13098.157814033,-0.037396930320613
8239,167177.824267884,218591.220645125,-20379.8449130089,0.0581910851493262
8240,146646.174563049,205869.855825001,12873.1696119494,-0.035251229416889
8241,150422.493299912,213536.819229708,1429.88747038029,-0.00497643992561342
8242,161061.795516381,221015.063335711,-16687.6588520923,0.0450425237461576
8243,171004.865310547,223638.982333332,-29254.6476438784,0.0816674470288026
8244,148482.349924943,210079.763130878,6827.08694417885,-0.0193079649993786
8245,148623.76483987,210033.507709132,6731.92745099845,-0.0181948990622453
8246,143106.732959116,208399.902458897,13882.5645819876,-0.038427257579136
8247,152539.582490979,222275.037054415,-9425.41954539332,0.0220091315042864
8248,155601.596231231,225761.079033155,-15973.4752643862,0.0401915358904677
8249,148162.589424489,208369.975113104,8856.63546240696,-0.0236428311185869
8250,163225.58655138,213109.479984772,-10945.8665361516,0.0325125357783884
8251,139763.620141225,204411.996976379,21213.5828823964,-0.0590724288838194
8252,156711.81587878,209062.287909414,-384.903788193536,0.00393175511059127
8253,140066.91663803,204329.085146229,20993.1982157407,-0.0581191894397096
8254,155769.401987365,212941.921096535,-3322.12308390008,0.01041485102206
8255,160456.368980122,212501.920541932,-7569.08952205401,0.0232701568472766
8256,139953.197462362,206389.596865016,19046.4056726217,-0.0528400464350668
8257,149281.51331169,205991.702420485,10115.9842678247,-0.0263747003315751
8258,146574.262508659,216392.702048882,2422.23544245964,-0.00946847196793793
8259,158893.468738143,213146.11071343,-6650.37945157255,0.0199314861705536
8260,144846.723182103,206426.317157701,14116.159660196,-0.0384017484006037
8261,140884.748158075,208679.40699698,15825.0448449455,-0.0450200195780398
8262,139745.698693897,200972.599707009,24670.901599094,-0.0671337823440695
8263,155458.11391686,218141.604938256,-8210.51885511569,0.0213287356506487
8264,130277.85291032,199303.582777025,35807.7643126553,-0.100275137679537
8265,144440.050667781,210402.590476389,10546.5588558302,-0.0302527399937534
8266,155491.218039478,215120.656156077,-5222.67419555486,0.014870359890017
8267,144235.607767446,210671.717175879,10481.8750566756,-0.0302637141209705
8268,158068.427511471,220521.984457138,-13201.2119686091,0.0352843637768565
8269,156771.401751388,223924.591259142,-15306.7930105301,0.0381704666849169
8270,156940.198479061,218577.825781046,-10128.824260107,0.0269172265279912
8271,144463.868276523,204446.935398129,16478.3963253478,-0.0454509051268806
8272,142989.279997512,205410.323946633,16989.5960558542,-0.0470098535769438
8273,159845.22620638,216409.323982033,-10865.3501884136,0.030737842118245
8274,165881.565903264,216688.763076253,-17181.1289795176,0.0494925120499618
8275,149758.900512711,211792.179970759,3838.11951653013,-0.0110543842986867
8276,153218.179781479,215329.927798235,-3158.90757971455,0.00789295378959093
8277,142566.004531889,211147.960522179,11675.2349459327,-0.0339686835044856
8278,138629.598885209,197406.418763268,29353.1823515233,-0.0796961345022865
8279,153616.54201749,211437.378681267,335.279301242379,-0.000107347266646534
8280,145535.622426646,207044.500340736,12809.0772326176,-0.0353706857960485
8281,150684.355881269,205230.790600562,9474.0535181688,-0.0237410842088297
8282,144480.62934163,206966.627596282,13941.9430620875,-0.0384386869071195
8283,155638.652361134,213806.929983651,-4056.38234478439,0.0124189838247662
8284,149623.26171489,209724.949108749,6040.98917636147,-0.0157893157028767
8285,161520.174149382,213595.346489658,-9726.32063903968,0.0281397545342743
8286,156338.971903629,213562.158922734,-4511.93082636234,0.0137517776004442
8287,164019.280301325,220999.930203201,-19630.0105045263,0.0544063291526903
8288,139847.498091837,207101.174524487,18440.5273836759,-0.0520222243195496
8289,146579.496015501,209331.003042243,9478.7009422555,-0.0264547972698933
8290,141291.487280647,210479.019169249,13618.6935501042,-0.0392640257980498
8291,167761.348020903,219032.913832752,-21405.0618536553,0.0607978902971023
8292,148750.744739832,204299.835945135,12338.6193150334,-0.0322951509322779
8293,134301.119930298,202269.971814342,28818.1082553596,-0.0805751018063783
8294,161397.746923993,214874.886309041,-10883.4332330336,0.0316991003326196
8295,151096.009855577,215146.262010845,-853.071866421902,0.00163635824843774
8296,139886.709210233,205599.153417445,19903.3373723218,-0.0558483318108943
8297,149062.038968321,202395.707052288,13931.453979391,-0.0360805056823748
8298,154144.049309285,214603.202880171,-3358.05218945548,0.00990816127114434
8299,148596.464795407,215438.571291927,1354.16391266632,-0.0060246875827636
8300,179030.272050197,229856.616441763,-43497.6884919601,0.121058940203909
8301,154818.437225896,210961.555478522,-390.792704418011,0.00277233757273244
8302,163903.701427707,217043.791517426,-15558.2929451335,0.044305960565929
8303,149771.422438703,211766.553983023,3851.22357827454,-0.0106522099413254
8304,150125.938801183,208582.671087059,6680.59011175786,-0.0174509090388078
8305,158813.019066781,214699.341117315,-8123.16018409649,0.0226314409287464
8306,173622.706002655,224665.697421444,-32899.2034240988,0.0924122436808427
8307,138997.940538362,207231.734398229,19159.5250634088,-0.0546865109338891
8308,136573.722924175,201165.696165047,27649.7809107776,-0.07603442452948
8309,162584.115970463,218267.064996717,-15461.9809671799,0.0426256052371615
8310,149425.083773493,211113.126496592,4850.98972991545,-0.0133682841500667
8311,144575.494053318,202675.264836383,18138.4411102986,-0.0487878988404504
8312,170863.678992135,226759.985914656,-32234.464906791,0.0885249632912675
8313,156890.840083817,212457.836241706,-3959.47632552357,0.012030014241458
8314,153491.018652581,209383.933976868,2514.24737055047,-0.00501996030285695
8315,161341.786731326,219026.99935831,-14979.5860896359,0.0411717116924304
8316,139517.716632992,203837.098702691,22034.3846643172,-0.0607531903008165
8317,147794.434160263,213444.401802061,4150.36403767572,-0.0136440885730471
8318,138306.218822424,202483.663682288,24599.3174952885,-0.0677576036811602
8319,159656.883396948,216546.969462549,-10814.6528594968,0.0295800889436452
8320,161215.141271494,225574.711487924,-21400.652759418,0.0558722749388502
8321,159328.630694048,210906.469198924,-4845.89989297179,0.0156036255318438
8322,168874.037172586,224833.785195699,-28318.6223682848,0.0780067012486124
8323,147427.460015818,202504.488781831,15457.2512023508,-0.0405229274169613
8324,172872.708700794,220307.499530079,-27791.0082308734,0.0794428093426954
8325,165415.956386246,222577.422685813,-22604.1790720589,0.0624981295321324
8326,156287.494981433,212853.226839498,-3751.52182093146,0.0115034645819202
8327,155560.866520033,215569.751569942,-5741.41808997554,0.0144926373304856
8328,153538.851595321,209984.697137013,1865.6512676655,-0.00366207663235896
8329,155986.372950328,216189.127611125,-6786.30056145292,0.0189118816891818
8330,160076.206688713,221273.48779163,-15960.4944803426,0.0428935284506944
8331,150081.434896759,210342.644057144,4965.12104609731,-0.0131527050420339
8332,137757.183323923,206379.820043542,21252.1966325351,-0.0605700232869812
8333,144099.525095165,212747.074636321,8542.60026851419,-0.0260419242108606
8334,152612.300869635,215327.713662791,-2550.81453242525,0.0068300850850291
8335,160691.601511294,214536.468486421,-9838.86999771505,0.028257235761539
8336,170416.235551624,218415.947647175,-23442.9831987981,0.0668948320576141
8337,145012.477090982,215909.920291854,4466.8026171645,-0.0152572535845758
8338,141792.86133477,203666.888212434,19929.450452796,-0.0551878377218513
8339,151362.922502119,211480.214605705,2546.06289217522,-0.00754739190296691
8340,167822.945374546,224908.970635513,-27342.7160100588,0.0750962058934218
8341,137970.696489008,209785.945867958,17632.5576430337,-0.0515666875644897
8342,164151.092511172,227408.159703832,-26170.0522150037,0.0697286733025604
8343,141873.165187351,208062.664181903,15453.3706307455,-0.0442258865286392
8344,139724.679159324,205244.265802619,20420.2550380573,-0.0566229558398248
8345,150916.156437838,218700.365915546,-4227.32235338393,0.00896465394877585
8346,151124.630036498,222334.473100946,-8069.90313744341,0.0178838960022473
8347,150208.028148312,211741.344015258,3439.82783642958,-0.00982715295022676
8348,147467.695780422,211065.762003478,6855.74221609998,-0.0203461605001784
8349,149399.815208209,214332.532903207,1656.85188858339,-0.00654073889384088
8350,148176.154013925,209898.993901602,7314.05208447232,-0.0207568528278027
8351,156007.664268282,224790.501044154,-15408.9653124352,0.039016532595094
8352,166813.603072342,217999.249800163,-19423.652872505,0.0559237884427947
8353,138168.99704426,209268.6405627,17951.56239304,-0.052846483350545
8354,145580.897210464,209644.517765942,10163.7850235933,-0.0291910420512936
8355,166841.625327059,218907.178510016,-20359.6038370747,0.0575284457177426
8356,146840.509122657,205818.575246149,12730.1156311941,-0.0336206367140738
8357,153859.894250721,214671.410327967,-3142.1045786881,0.00836346948607205
8358,157736.623412424,209177.256519282,-1524.67993170623,0.00674239858338796
8359,167236.896829411,218649.615558778,-20497.3123881888,0.0586177851445966
8360,147180.27859543,210454.082152076,7754.83925249398,-0.0221861173029837
8361,146163.729271657,210394.914792296,8830.55593604717,-0.0250700491863333
8362,144120.879145476,206220.005557645,15048.3152968788,-0.0409189485277423
8363,160389.623552809,213107.960270603,-8108.38382341171,0.0245904146485938
8364,145924.79302545,211890.853903147,7573.55307140277,-0.0225834653852853
8365,151404.290267985,213588.678527915,396.231204099895,-0.00112451519670854
8366,150842.537191462,218675.950559909,-4129.28775137069,0.00999499662814636
8367,152213.106379916,210886.721944902,2289.37167518231,-0.00578067387381645
8368,157030.888530382,207011.277818685,1347.03365093347,-0.000880245960143479
8369,151684.365893641,212555.200095847,1149.63401051151,-0.00322210140113389
8370,157767.975935348,213346.152427407,-5724.92836275569,0.0170685899353687
8371,148912.42769792,207381.85504879,9094.91725329042,-0.0242958891255435
8372,155905.382011948,211374.724165383,-1890.90617733076,0.007089869151143
8373,141485.807850752,210207.372825605,13696.0193236426,-0.0392542767842964
8374,164389.963269535,212084.04060283,-11084.8038723645,0.0335614869939946
8375,163070.189983616,215326.811411924,-13007.8013955404,0.03769564252463
8376,150249.082436783,207072.033684338,8068.08387887833,-0.0214842025539494
8377,137863.256188718,202636.603035253,24889.3407760292,-0.0687069519478622
8378,173778.650222762,220640.562873128,-29030.0130958901,0.0830858253986268
8379,155516.538023256,216170.687169473,-6298.02519272891,0.0172157611184099
8380,140916.807802672,211258.712902579,13213.6792947485,-0.0390791222177654
8381,141595.009935183,204072.869588582,19721.3204762351,-0.0540767009307673
8382,158985.186119659,212958.076442834,-6554.06256249355,0.0195941176914424
8383,165806.282084291,217235.911876961,-17652.9939612519,0.050042219786615
8384,151571.288468798,209090.94766446,4726.96386674221,-0.0117689879069865
8385,164835.536456121,223239.498306046,-22685.8347621667,0.0627615437713779
8386,168313.354113574,220238.299866479,-23162.4539800529,0.0654227468617026
8387,152179.546001973,213827.04925771,-617.395259683195,0.000588073964744113
8388,138027.068749208,201661.703172529,25700.4280782626,-0.0708582580000433
8389,146396.387135337,213583.613106233,5409.19975843077,-0.0169205135962575
8390,137665.717240506,205022.241436003,22701.2413234908,-0.0633221751490843
8391,130517.918672362,197959.663548786,36911.6177788518,-0.102003623322261
8392,158258.537106935,211876.02050423,-4745.35761116532,0.0153619927319193
8393,155699.635242528,209584.26050156,105.304255911789,0.00121726794885399
8394,134396.661407707,205128.041719503,25864.4968727903,-0.0729843886670246
8395,163020.532904956,219059.237239391,-16690.570144347,0.0466724108493011
8396,148663.294121436,218246.945158517,-1521.03927995387,0.00038192239954933
8397,143226.363197948,204082.160341501,18080.676460551,-0.0487507942905404
8398,153205.850140428,213884.87999453,-1701.53013495839,0.00412838458248761
8399,143129.990683218,200660.835077266,21598.3742395163,-0.0581336626345767
8400,149370.393749428,210229.59339727,5789.21285330178,-0.0155959248549554
8401,148196.476365053,211075.920069232,6116.80356571445,-0.0170823694013227
8402,145069.881250608,214046.186553758,6273.13219563355,-0.0193351832931303
8403,155729.175029369,214672.974797801,-5012.94982717041,0.0146029588716931
8404,150498.766736754,217933.781232087,-3043.34796884045,0.00540859254334133
8405,173069.782952095,221495.409642861,-29175.9925949562,0.0826746753452526
8406,153187.479431795,219775.181407416,-7573.46083921095,0.019064912147458
8407,152171.409522597,209624.390632169,3593.39984523418,-0.00873450167005138
8408,174838.834973534,226039.360428503,-35488.9954020369,0.0990460690628903
8409,144727.679891891,215835.615624497,4825.90448361239,-0.0168614125256782
8410,154831.03919191,216269.360048321,-5711.19924023084,0.0139100496076037
8411,160305.177394083,220974.333628571,-15890.3110226541,0.0436196001915371
8412,167559.492315582,227060.966812507,-29231.2591280894,0.0787336934347371
8413,154619.469657286,216813.650416473,-6043.92007375945,0.0150408565793786
8414,165322.108810665,219498.111671626,-19431.0204822909,0.0549583422295429
8415,161164.235359781,217712.663126833,-13487.6984866143,0.0375285656102714
8416,155669.071733225,208865.677440761,854.450826013519,-0.000511254965626138
8417,151740.612405218,212444.506464472,1204.08113030955,-0.00428135444351068
8418,160738.508178389,220678.005821948,-16027.3140003371,0.0443180356920755
8419,132528.987507196,200712.028304206,32148.1841885978,-0.0895742038509595
8420,159706.380583913,217052.618671909,-11369.7992558223,0.0319600692240522
8421,172365.518571231,222315.264191765,-29291.5827629956,0.0825555118452869
8422,144027.986626809,221843.377374141,-482.164000949939,-0.00424617641525615
8423,153875.423604463,212741.516223709,-1227.7398281722,0.00340385102447366
8424,153208.368049923,211292.113741322,888.718208754784,-0.00165404250889531
8425,162013.284672219,216396.202213873,-13020.286886092,0.037550123668097
8426,151835.667954827,210383.372027202,3170.16001797153,-0.00774128030665273
8427,168582.408032688,227700.524591301,-30893.7326239898,0.0835542555402541
8428,170222.843722744,220388.134457317,-25221.778180061,0.0722247747895845
8429,177696.996255326,228164.851731521,-40472.6479868469,0.11222530443986
8430,137403.699948308,218714.200317429,9271.29973426351,-0.0316875085098151
8431,150144.395976756,201861.580825619,13383.2231976254,-0.0346459776960387
8432,146050.727943378,207432.819682975,11905.6523736474,-0.0329949781383458
8433,161739.524903218,221619.376268976,-17969.7011721936,0.0480323780164842
8434,163008.88608011,220820.14107971,-18439.8271598206,0.0500347712951569
8435,143819.865609997,208353.006337644,13216.3280523596,-0.0378092979259218
8436,145070.154024715,207044.13692581,13274.9090494749,-0.0361429723836028
8437,143371.954034762,201357.181068341,20660.064896897,-0.0558952656761937
8438,151637.593612229,211373.015986105,2378.59040166665,-0.00709911778757499
8439,166699.628011448,224621.522428089,-25931.9504395379,0.0712003172487695
8440,161829.675814623,219320.188195987,-15760.6640106104,0.044025711527411
8441,137683.896047447,210985.44996663,16719.8539859227,-0.0491478586167201
8442,163342.503514898,223811.089510844,-21764.393025742,0.0593386660122896
8443,158795.568634555,209999.968275891,-3406.33691044542,0.0124807805562852
8444,157985.372751837,214829.330792078,-7425.50354391529,0.0214603049880218
8445,162610.170841898,216688.71125817,-13909.6821000688,0.0391542216959288
8446,146237.23874181,213548.406886672,5603.55437151878,-0.0172408588561349
8447,150403.236302876,209780.791361497,5205.17233562743,-0.0133352623328612
8448,163979.881340807,216735.335693976,-15326.0170347826,0.044140503115308
8449,151144.267614228,219378.094589948,-5133.16220417555,0.01142084510311
8450,155717.12039292,212396.219177429,-2724.1395703486,0.00876647830578457
8451,149684.445646295,208467.859645567,7236.89470813778,-0.0187618153427789
8452,149650.783322803,223407.815960279,-7669.3992830824,0.016702460269075
8453,152627.195996003,218284.526066743,-5522.52206274663,0.0129115833972072
8454,154395.952234491,214971.774048633,-3978.526283124,0.00992981337578625
8455,149919.807067216,213084.323090383,2385.06984240114,-0.00744709082941664
8456,153875.333913592,212145.439477101,-631.573390693462,0.00284735748206074
8457,142413.750099049,210172.682172069,12802.7677288823,-0.0370540312967495
8458,155279.644056879,208656.03167615,1453.52426697122,-0.00197655784182209
8459,151448.141447927,207493.770364488,6447.28818758501,-0.0168033662510627
8460,168389.720166496,232918.022750996,-35918.5429174916,0.0952856714452478
8461,161258.766381215,216977.406242469,-12846.9726236838,0.0367180652344888
8462,141533.360600139,203484.254779247,20371.5846206142,-0.0550084538104591
8463,158599.625307195,217619.607952178,-10830.033259373,0.0298252461177364
8464,163956.574400844,215365.705625133,-13933.0800259774,0.0399214167835734
8465,147085.078581178,213172.803503421,5131.31791540148,-0.0155129693229012
8466,147381.909401297,209169.511274673,8837.77932403033,-0.0241726593576522
8467,158021.756234787,209301.870071407,-1934.42630619445,0.00818330900661585
8468,160128.783006561,212783.469990428,-7523.0529969894,0.0224385086294498
8469,149172.000668973,207744.45345288,8472.74587814714,-0.0221748776393081
8470,147857.012363727,217317.29400052,214.893635753018,-0.00377964383092378
8471,158606.128021965,220370.337704365,-13587.2657263302,0.0364946551604088
8472,143464.512864888,205895.58307513,16029.1040599817,-0.0445816368889948
8473,149688.320175325,221801.737505376,-6100.85768070113,0.0133073935340844
8474,160333.091000747,224067.050246479,-19010.9412472253,0.0498505912584166
8475,164286.475327144,225917.931751694,-24815.2070788385,0.0668331285200289
8476,147502.383359997,207071.024758581,10815.7918814222,-0.0294976631367166
8477,155166.145451698,212888.858845537,-2665.80429723475,0.00762194466057999
8478,139858.563624061,208905.870178961,16624.7661969781,-0.0475001483075892
8479,161098.085422619,216546.959140131,-12255.8445627505,0.0342015275838509
8480,149667.195678474,210082.932459833,5639.07186169323,-0.0153761596451549
8481,151561.194701694,214036.056987026,-208.051688719715,-6.43324316685937e-05
8482,144722.029983171,205033.720976508,15633.4490403205,-0.0430273680053005
8483,150113.881946729,204358.706635407,10916.611417864,-0.0281286242940388
8484,149254.637360536,208298.971271549,7835.59136791498,-0.0212045797892443
8485,155074.518868402,210671.470233011,-356.789101412811,0.00253610642891907
8486,155654.314803729,209679.762590809,55.1226054620347,0.00106041378640454
8487,144901.798523561,209555.875327609,10931.5261488301,-0.0301738352939266
8488,167226.698475964,212537.000323383,-14374.4987993468,0.0423529407578374
8489,167133.501165454,230653.284781337,-32397.585946791,0.0869156154031265
8490,151087.785943258,210107.477153868,4193.93690287397,-0.0112122826867263
8491,142724.50226818,206108.518323229,16556.1794085916,-0.0460526398987291
8492,152454.820738793,223841.468288017,-10907.0890268101,0.0265735707373437
8493,143001.154015982,201806.15944723,20581.886536788,-0.0558002689983364
8494,156502.723465195,218804.759726946,-9918.28319214139,0.0264639131138193
8495,133522.728720817,198816.848157191,33049.6231219919,-0.0910327703363158
8496,136954.270866149,209149.674720467,19285.2544133837,-0.0557185235268663
8497,152955.38357922,214436.318161695,-2002.50174091553,0.00487497016533501
8498,155870.950225776,210001.961141021,-483.711366797332,0.00274224699125238
8499,141347.366121069,213389.057111736,10652.7767671955,-0.0325820897384147
8500,158032.143028301,207677.764110735,-320.707139035512,0.00343809305970067
8501,144590.735272274,217651.606362641,3146.8583650848,-0.0129061751808882
8502,172991.005890913,228381.318343495,-35983.1242344088,0.099683915608766
8503,162854.317356823,216319.882784362,-13785.0001411857,0.0392567977749353
8504,165388.24621485,222826.019623676,-22825.0658385251,0.0618789770004685
8505,160544.342979511,213058.286169641,-8213.42914915254,0.0244707707630423
8506,149630.669119255,209738.117996839,6020.41288390598,-0.0160677386113623
8507,140834.237529371,200509.258888673,24045.7035819559,-0.064900093400214
8508,142062.129205554,205587.106963572,17739.9638308746,-0.0496804230351062
8509,157962.92697993,212716.336970267,-5290.06395019777,0.0160209536147971
8510,147155.603056362,208819.860664388,9413.7362792507,-0.0257981761356546
8511,162649.319814502,215735.437701685,-12995.5575161869,0.0375965921322489
8512,167983.784864226,219842.668014579,-22437.2528788056,0.0631270362285673
8513,133937.758718611,202585.397942217,28866.0433391719,-0.0809899908137024
8514,166020.623295157,222958.457963395,-23589.8812585519,0.064900732334503
8515,165861.152442247,222302.043863149,-22773.9963053961,0.0633892296567397
8516,166243.668228125,217968.002598017,-18822.4708261418,0.053908017688821
8517,137680.601415326,209427.717660184,18280.88092449,-0.053686065168555
8518,145644.527741563,210847.430065401,8897.24219303642,-0.025094260228681
8519,146507.230223956,211475.317502627,7406.65227341658,-0.0207268014146525
8520,143289.311811857,200966.817032459,21133.0711556846,-0.0562903973537192
8521,156407.388198919,225683.335470667,-16701.5236695852,0.0426902673911066
8522,141192.333395562,207423.474657591,16773.3919468471,-0.0477659209511825
8523,148408.958025834,217885.338917325,-905.096943158889,-0.000436282885416303
8524,154128.861572091,210745.243966309,515.094461600005,-0.00069513807578747
8525,155854.414690861,218740.622464579,-9205.8371554396,0.0235893920648664
8526,158995.55243618,212909.661579302,-6516.0140154821,0.0193516714776422
8527,176998.146984375,221356.109190116,-32965.0561744908,0.0949334929675358
8528,145133.267430057,204011.31709963,16244.6154703132,-0.0431286237877147
8529,160273.500176568,217485.355041368,-12369.6552179354,0.0345503908210452
8530,155372.104381075,217382.985688585,-7365.89006966044,0.0196112648127975
8531,150921.061112803,208097.204255157,6370.93463203975,-0.0176663114615182
8532,145827.696450353,204465.088017286,15096.4155323617,-0.041097299706081
8533,131723.488389263,197648.724352021,36016.987258716,-0.0989787180568255
8534,143155.166481542,202629.964370046,19604.0691484118,-0.0533290269509828
8535,158997.172660605,218607.202061477,-12215.1747220815,0.0336280321678057
8536,160814.079128649,217908.079508387,-13332.958637036,0.0374175061310416
8537,175256.801942007,224974.967789907,-34842.5697319139,0.0967426333425535
8538,165486.771923043,217001.373967135,-17098.9458901785,0.0489591862731049
8539,143366.148608246,201680.341922908,20342.7094688463,-0.0548487936296458
8540,139663.834732937,211166.106798893,14559.2584681707,-0.0430820283521112
8541,146921.340053916,217773.748816188,694.111129895959,-0.00511931217294937
8542,142913.461156771,210170.18344119,12305.5554020399,-0.0357946882831546
8543,166702.698702413,214388.792972751,-15702.2916751644,0.0464498038281523
8544,157182.023301463,212821.212884203,-4614.03618566616,0.0143512007158817
8545,151373.669253422,208321.047127466,5694.48361911176,-0.0140123359473559
8546,152285.380572385,208688.194982637,4415.62444497866,-0.0110288941383201
8547,156398.916631501,214875.971946036,-5885.6885775369,0.0163781290833292
8548,168067.325315715,213949.781807958,-16627.9071236731,0.0492314490695385
8549,141230.778799019,200939.230254049,23219.1909469321,-0.0623630512318096
8550,163110.585668975,215300.806873608,-13022.1925425822,0.0375038033448719
8551,151600.685547875,210923.095477152,2865.41897497297,-0.00713165141525341
8552,157937.597562303,214946.41188499,-7494.809447293,0.0208769089359872
8553,140301.9218978,204021.80710348,21065.4709987195,-0.0582076413003276
8554,149547.384468572,209154.23619202,6687.5793394089,-0.0172336210384725
8555,156226.293708911,214850.453333876,-5687.54704278708,0.0166628939632193
8556,157832.275532303,212078.977367728,-4522.05290003098,0.0131927963734607
8557,141765.84247435,212512.000357296,11111.3571683547,-0.033275063671995
8558,154072.496643811,220877.372670899,-9560.66931470908,0.0252893448822369
8559,161224.175816039,216842.808984227,-12677.7848002656,0.0351921663470741
8560,159312.472641021,216512.035624157,-10435.3082651783,0.0292675591888594
8561,162584.957239879,212786.586553225,-9982.34379310458,0.0292954032816182
8562,138528.092092032,209155.474335644,17705.633572324,-0.0518194929536514
8563,150053.32961655,208372.186577909,6963.68380554131,-0.0188971527755838
8564,163426.911534949,219619.167751013,-17656.8792859626,0.0486949518016207
8565,146341.056295199,208769.484457498,10278.6592473039,-0.0285888556972699
8566,155902.707964375,210810.150486307,-1323.65845068271,0.00525127020517561
8567,141284.891588312,203858.049681429,20246.2587302595,-0.0555464690701161
8568,150764.432017029,211667.070778565,2957.69720440655,-0.00852204715186919
8569,129419.666533117,200219.270587416,35750.262879467,-0.100847315367191
8570,160361.216664525,211085.840295485,-6057.85696000973,0.0186760137754964
8571,156744.896243024,217719.614500443,-9075.31074346643,0.0245356852847936
8572,155466.077332185,212807.230627184,-2884.10795936885,0.00902298688659315
8573,151088.607265142,207804.278256701,6496.31447815773,-0.0169343477116405
8574,152811.195013085,212297.082006038,280.922980877571,-0.000423289499148712
8575,155282.715448227,209074.191910837,1032.29264093662,-0.00166530300596245
8576,152798.565113783,207894.143798124,4696.49108809262,-0.0110451581600701
8577,149750.676951558,207521.539468666,8116.98357977613,-0.0213457176537324
8578,165186.385801942,216539.160104188,-16336.3459061293,0.0468502190978005
8579,157756.310993318,216553.841600981,-8920.95259429904,0.0249037691147391
8580,173430.091545491,223593.38050384,-31634.2720493305,0.0894441714383734
8581,137217.709273207,197728.436922244,30443.053804549,-0.0831167157788629
8582,140712.121479067,215174.510229041,9502.56829189183,-0.0304845410200982
8583,141379.845309008,210939.48891013,13069.8657808616,-0.0387144350042439
8584,151224.641942138,217618.797855777,-3454.23979791539,0.00759323332787811
8585,145551.766457953,207708.019624161,12129.4139178867,-0.0333104903783517
8586,151108.729778403,203972.090921488,10308.3793001082,-0.0263601077084216
8587,159863.238847066,216562.575272663,-11036.6141197299,0.0316201148578559
8588,139400.546162464,205456.29758279,20532.356254746,-0.0578533409115079
8589,145474.960515652,207134.834670051,12779.404814297,-0.0347061475559719
8590,153038.905818571,213934.487197781,-1584.19301635202,0.00370267225879848
8591,135846.3979421,197760.254823459,31782.5472344403,-0.0863213517291898
8592,163836.174129983,218134.52102547,-16581.4951554528,0.0465954842268021
8593,145873.494567093,207425.883926049,12089.8215068582,-0.0332480553849746
8594,151549.790745042,205219.197279179,8620.21197577845,-0.0212403502163714
8595,154934.130381458,208999.622020451,1455.44759809185,-0.00273329329738685
8596,149181.054957474,211241.472116264,4966.6729262619,-0.0138205042923326
8597,153298.989265603,213560.06357516,-1469.85284076299,0.0044906424584349
8598,159378.499479835,211041.495879073,-5030.79535890819,0.0148894455030579
8599,147798.458051086,213000.63653471,4590.10541420436,-0.0142704591331842
8600,150603.398650984,214815.348728041,-29.5473790248507,-0.000955196335383771
8601,156352.96009708,211203.713278241,-2167.47337532026,0.00714440518675864
8602,168624.112059467,218294.679051795,-21529.5911112615,0.0617023089662218
8603,160716.907474746,216042.613961895,-11370.3214366412,0.0312997287491973
8604,150408.006699883,222006.536563869,-7025.34326375194,0.0146641055439677
8605,146432.479187641,210481.104173725,8475.61663863313,-0.0244196175455416
8606,153298.654909082,212061.474030645,29.0710602736217,0.000383011851563342
8607,151728.821012962,212785.242840611,875.136146427074,-0.00233826023338689
8608,137694.355555712,204141.90653578,23552.9379085079,-0.0653762434546342
8609,136463.409769437,200591.845375687,28333.9448548754,-0.0782706800901417
8610,138738.208224131,214229.623578391,12421.3681974781,-0.0385374452361125
8611,155594.879423171,214715.077230545,-4920.75665371626,0.0135908302402346
8612,141291.875094589,203138.653178422,20958.6717269899,-0.0576335237127302
8613,161704.037126169,216328.385348893,-12643.2224750623,0.0361082347018723
8614,154527.812632835,212858.479741913,-1997.09237474785,0.00582582037814723
8615,154546.278996155,214855.232540177,-4012.31153633184,0.0111240341307954
8616,147330.581474228,208516.850837956,9541.76768781611,-0.0257857684378868
8617,150099.263479944,207209.739333507,8080.19718654844,-0.0208530922368292
8618,157448.093236187,223781.934346457,-15840.8275826434,0.0413552044088636
8619,144107.28800667,207579.715740059,13702.1962532711,-0.037980784028937
8620,155301.555208957,213558.129026252,-3470.48423520947,0.010544193057511
8621,160812.911760333,211003.277892412,-6426.98965274496,0.0202402870909562
8622,161004.557688589,216849.403834629,-12464.7615232178,0.0349507252249449
8623,140683.4157326,202699.111291329,22006.6729760708,-0.0599648236316332
8624,168307.662944672,227732.141259741,-30650.6042044135,0.0833828418100743
8625,150203.845173717,208968.485432134,6216.86939414934,-0.0167918902860717
8626,144915.258841051,206754.392456429,13719.5487025199,-0.0374022120199517
8627,157961.62096491,214293.308198528,-6865.72916343767,0.0197455338453038
8628,171374.816616471,232325.33995501,-38310.9565714806,0.103580202640587
8629,151809.037863823,213174.33638871,405.825747466821,-0.00150851040894137
8630,131122.071341064,201396.817912212,32870.3107467235,-0.0920567077282788
8631,157356.474648454,210087.875556105,-2055.15020455857,0.00814781233053299
8632,157110.920667856,220127.868447102,-11849.5891149585,0.0304260871697858
8633,136216.616403041,208020.825910452,21151.7576865072,-0.0609481780317038
8634,168257.780430838,214872.48974642,-17741.070177258,0.0523769785773857
8635,155480.876645289,207348.395633495,2559.92772121617,-0.00495736713177526
8636,141376.45718809,205634.034373825,18378.7084380854,-0.0508331398083895
8637,161196.287198778,216595.909844085,-12402.9970428631,0.0348702545307844
8638,133771.346193498,197769.910468422,33847.9433380808,-0.0930244674383421
8639,138133.315400215,205722.482357826,21533.4022419592,-0.060827408394152
8640,131288.366622485,198761.981037488,35338.8523400273,-0.0982935389380808
8641,157606.411043984,214953.524913197,-7170.73595718085,0.0208260186842405
8642,151553.577986196,209259.335084494,4576.28692931012,-0.0113406760983856
8643,163274.904079499,212607.467587827,-10493.1716673261,0.0324075676694305
8644,147548.077459434,214197.707049964,3643.41549060156,-0.0119678834640065
8645,162239.54197913,222056.173682097,-18906.5156612269,0.0506286438641562
8646,144343.609207814,210805.103896538,10240.4868956488,-0.0296389392969097
8647,151474.901520591,212858.480000895,1055.81847851415,-0.00324051003442141
8648,141559.71639101,206002.403232407,17827.0803765829,-0.0498242276468436
8649,164294.140361088,213720.022234726,-12624.962595814,0.0372175811598938
8650,142694.905894016,204185.679436488,18508.6146694957,-0.0506477693604425
8651,154877.206868705,210376.0981991,135.89493219502,0.00102858352175307
8652,132180.611413035,198089.46437098,35119.1242159844,-0.0970794622100062
8653,137450.632382005,203302.101164392,24636.4664536031,-0.0688232254745718
8654,140850.900389999,202890.092352947,21648.2072570535,-0.0586053855470115
8655,146018.135906784,203568.010076908,15803.0540163083,-0.0417764726771124
8656,133161.271895072,199719.042054362,32508.8860505666,-0.0901304804468912
8657,146815.150609265,206287.794496012,12286.2548947234,-0.0325471149285587
8658,155436.86230119,211795.433317369,-1843.09561855876,0.0071817130952974
8659,148700.244934693,210073.156233085,6615.79883222189,-0.0187037881113156
8660,162956.412476201,214874.483485425,-12441.6959616254,0.0363193349116357
8661,154795.332490519,213029.88948464,-2436.02197515959,0.00712417286556415
8662,145144.075663985,206783.717781619,13461.4065543966,-0.0370384505841921
8663,150370.126309775,214491.549820494,527.523869730474,-0.0018328325081549
8664,163042.243262882,220973.331513589,-18626.3747764701,0.0511715053701914
8665,148801.028250314,213964.913936873,2623.25781281345,-0.0100245615929728
8666,146743.247026923,210103.437988123,8542.5149849545,-0.0249146841853749
8667,157232.925348817,215074.112369544,-6917.83771836053,0.019825929751516
8668,161107.723002018,220633.323824625,-16351.8468266432,0.0456899070887261
8669,151590.242151378,213225.975680532,572.982168089307,-0.00105695412198535
8670,143124.797167312,205099.040418702,17165.3624139861,-0.0470090513768169
8671,149384.320219682,207696.911828016,8307.96795230161,-0.0215902661414799
8672,150992.918383722,206001.700956541,8394.58065973764,-0.021409883818016
8673,154009.488743065,211222.015989767,157.695267168805,0.00110096696504858
8674,157591.475200686,218900.246229475,-11102.5214301608,0.0301064298259147
8675,153430.841600459,208841.585233374,3116.77316616668,-0.00744369330623357
8676,138648.821563344,200813.930395093,25926.4480415623,-0.0705272227655095
8677,144378.937689304,203015.759217947,17994.5030927488,-0.0485965195976604
8678,142348.778021962,224300.86028529,-1260.43830725184,-0.00395263609174367
8679,144515.137760129,207671.97375286,13202.0884870111,-0.0358271730248301
8680,155123.015593966,212026.816780462,-1760.63237442827,0.0060587236534496
8681,142002.255741022,209874.73174216,13512.2125168172,-0.0390528310793682
8682,156061.041742829,212063.419760367,-2735.26150319673,0.00857498868128057
8683,139716.367402516,200886.104858045,24786.7277394394,-0.0678171492846468
8684,132630.139056077,198315.245618213,34443.8153257095,-0.0955902114349977
8685,143426.36407673,207041.369786338,14921.4661369321,-0.0419624622973398
8686,153617.709593487,212327.525738695,-556.035332181666,0.00164489930588699
8687,158915.870131176,213737.728152044,-7264.39828322019,0.0216644627936388
8688,135583.788390029,197287.658806121,32517.7528038506,-0.0887381493785448
8689,136987.279672358,209593.297867448,18808.6224601934,-0.0548006191180288
8690,153697.490497226,210587.479967719,1104.22953505546,-0.00108265550867715
8691,153184.394434872,218425.711111881,-6220.90554675326,0.0154928024691626
8692,159216.169704881,212313.598566285,-6140.56827116682,0.0191153513119974
8693,171553.461051975,224270.793629975,-30435.0546819496,0.0856281830922687
8694,163519.155306655,216193.833929892,-14323.7892365463,0.0415259677421043
8695,146212.255384492,205215.474078153,13961.470537355,-0.0375497346863166
8696,151234.909966727,212247.407077609,1906.88295566419,-0.00591431392768426
8697,148856.617003985,208428.836261406,8103.74673460942,-0.0225164988818274
8698,162017.415377561,219306.917125135,-15935.1325026962,0.043846884767242
8699,166352.548020607,217054.040991191,-18017.3890117986,0.051499419935398
8700,168850.391571284,219042.0073581,-22503.1989293835,0.063469661599192
8701,173042.088669179,230243.601614876,-37896.4902840545,0.103282972372862
8702,159231.308908744,210005.137312664,-3847.24622140772,0.0133748521021752
8703,131361.063394985,205613.010411648,28415.1261933662,-0.0812370617795222
8704,120133.319637608,192380.701101892,52875.1792605004,-0.147573594439326
8705,164910.512353187,219749.267411005,-19270.5797641926,0.0545883624104969
8706,150944.236436279,207167.318367905,7277.645195816,-0.018075023319337
8707,148206.799853002,208268.817673192,8913.58247380581,-0.0243794779355249
8708,150710.890139258,214054.793951111,623.515909630398,-0.00250168483668863
8709,151559.552766375,209583.920916944,4245.72631668113,-0.0105816129298518
8710,169739.006619031,223482.184500045,-27831.9911190768,0.0782305374165754
8711,157720.986406362,212788.837422632,-5120.62382899341,0.0162044180244772
8712,150758.927284614,212481.341393889,2148.93132149772,-0.00589211392549891
8713,142897.435988978,209970.546513707,12521.2174973154,-0.0361462549158875
8714,142213.603964397,210433.00392957,12742.5921060327,-0.037047210743915
8715,153958.91294162,215754.612292809,-4324.32523442898,0.0107994369933554
8716,156987.125841634,215825.086296315,-7423.01213794906,0.0206301078391504
8717,126044.161847039,199359.003880803,39986.0342721576,-0.11212926216003
8718,155695.730138645,210347.696147099,-654.226285744633,0.00380954194824005
8719,170422.472526137,222530.513948729,-27563.7864748659,0.0767875280386395
8720,156922.745521416,216362.558458376,-7896.10397979169,0.021910649441555
8721,161660.773697333,214322.956738006,-10594.5304353381,0.0310924039588861
8722,162719.699971463,214599.234410005,-11929.7343814679,0.0355522006861838
8723,149276.603459234,209629.287355376,6483.30918539042,-0.0178587502435801
8724,158713.905384279,213934.770605848,-7259.47599012713,0.021449284620902
8725,157507.505175099,216856.846216567,-8975.15139166598,0.0252074898321597
8726,161979.71084518,217190.30423328,-13780.8150784601,0.0390545452879177
8727,143468.179329843,205579.218273442,16341.8023967146,-0.0450482276807724
8728,166836.640826692,218157.574552543,-19605.0153792344,0.0552672066654905
8729,151477.79799159,212953.12392221,958.278086200298,-0.00274864631423001
8730,154458.543377088,221995.480708471,-11064.8240855597,0.0271797334955622
8731,168674.282612267,233200.030351025,-36485.1129632923,0.0965171953718505
8732,124345.039604548,199079.596449695,41964.5639457563,-0.118369776981535
8733,148384.245174877,207659.87568337,9345.0791417525,-0.0243707979518113
8734,144068.041115767,205060.092856853,16261.0660273801,-0.0441586334915266
8735,160615.163567905,219833.937451548,-15059.9010194534,0.0407704727768554
8736,151513.40068244,215160.974524159,-1285.17520659958,0.00248055471295168
8737,158019.500544648,215937.575085327,-8567.87562997482,0.0230988064570738
8738,169958.896998879,230512.88822803,-35082.5852269094,0.0944607175628367
8739,156408.360369692,230064.002051363,-21083.1624210552,0.053658764174891
8740,147868.011866442,205422.270878291,12098.9172552674,-0.0323409421843528
8741,150930.492741162,212492.86486999,1965.84238884784,-0.00579918329688701
8742,146090.434256057,209269.756634448,10029.0091094955,-0.0282625599198424
8743,148434.769116199,207356.900497568,9597.53038623312,-0.0260176167575745
8744,152592.373390915,216612.179642179,-3815.35303309379,0.00867613329275202
8745,157314.713526575,219424.636292886,-11350.1498194605,0.0301621063535015
8746,150526.558037152,208148.984219206,6713.65774364211,-0.0173774016975607
8747,148466.770515206,209268.44274315,7653.98674164334,-0.0214173481290482
8748,151538.080915756,218385.557282896,-4534.43819865183,0.0109046971522528
8749,167058.119530382,225532.73395687,-27201.6534872521,0.074939792448242
8750,157902.822579987,211751.021341749,-4264.64392173669,0.0136768320202157
8751,153772.372353952,204223.670085805,7393.15756024345,-0.017005720364086
8752,162144.692612062,221421.512013145,-18177.0046252069,0.0495361330199238
8753,155210.167462624,221567.603020138,-11388.5704827624,0.0286239526205611
8754,162805.728500251,223822.641293198,-21239.1697934486,0.0572801240312928
8755,175833.586996576,227537.779420943,-37982.1664175185,0.1059300123017
8756,146285.360619289,208376.136474083,10727.7029066273,-0.0293687577617807
8757,161718.792820494,215709.706382655,-12039.2992031489,0.0345638918194361
8758,154660.273523402,208556.560743391,2172.36573320703,-0.00398010793815691
8759,155297.397105552,210093.577572349,-1.77467790065566,0.000993810818848494
8760,151026.936438872,206673.388730877,7688.87483025051,-0.0198171054504544
8761,155143.629401837,214226.340922582,-3980.77032441873,0.0115086416955374
8762,158440.691683093,216080.883867592,-9132.37555068452,0.0258218192742159
8763,130393.027208257,196347.952533936,38648.2202578069,-0.106206076800252
8764,156311.965388019,218672.807395089,-9595.57278310822,0.0255129516461304
8765,160306.317032861,214533.45844171,-9450.5754745705,0.0272151147036625
8766,165343.565825583,216219.950580278,-16174.3164058611,0.0467207040611322
8767,142319.922254773,205495.82045985,17573.4572853773,-0.0477866679501883
8768,147114.25472137,205544.882697298,12730.0625813314,-0.0342977204794918
8769,161793.562363553,216029.973473422,-12434.3358369746,0.0359011201063885
8770,144268.358302208,209184.269413769,11936.5722840228,-0.0338767635354359
8771,147352.161402374,217130.131125614,906.907472011924,-0.00544078728867226
8772,152594.090800273,206514.976146012,6280.13305371517,-0.0155923745685155
8773,142627.248695162,210124.234901291,12637.7164035473,-0.036432342880478
8774,152780.384070483,210822.28661417,1786.52931534691,-0.00403636118289493
8775,162878.281271032,220050.68630537,-17539.7675764021,0.0491983705131927
8776,147598.098965598,212942.016532845,4849.0845015567,-0.014147607555612
8777,134638.972438122,202921.623290793,27828.6042710848,-0.0780550868659007
8778,164576.330436991,217669.435931306,-16856.5663682968,0.0483091661009703
8779,158823.740079306,211807.1424155,-5241.68249480583,0.0166216803379885
8780,153284.358600203,207097.921423478,5006.91997631907,-0.0111748141761985
8781,171840.03356613,227432.019388696,-33882.8529548263,0.0926383681689506
8782,124491.731796703,196207.701299765,44689.766903531,-0.125034855770966
8783,153417.805714718,211742.182613404,229.211671877711,-0.00018383748392663
8784,139598.738956464,209695.485106356,16094.9759371799,-0.0470567341440521
8785,157448.888888592,217245.083492728,-9304.77238132001,0.0262724577183359
8786,157630.717129962,218089.667413049,-10331.1845430108,0.0274691027982264
8787,156566.397784653,209098.437022925,-275.634807578346,0.00350766380739565
8788,148778.161642377,211629.101063806,4981.93729381746,-0.0149177036038069
8789,143762.114550364,205071.013882677,16556.0715669593,-0.0453015568568606
8790,157175.675817697,213221.334353373,-5007.81017106969,0.0151008269794142
8791,168136.918252476,217400.779435031,-20148.4976875071,0.0575011895217911
8792,151335.944393464,212482.993223856,1570.26238268038,-0.00465605805557285
8793,154323.932442695,212050.491467659,-985.223910354602,0.00373946352245019
8794,150546.100584847,212570.002589273,2273.09682587994,-0.00624394723014977
8795,149262.765493208,203975.550845799,12150.8836609934,-0.031553142991254
8796,150983.773178281,211388.019241642,3017.40758007637,-0.00797934449808981
8797,149622.038470951,212046.802311749,3720.35921729956,-0.0113562257099446
8798,144379.059753371,205706.463849437,15303.6763971917,-0.0417909201145253
8799,168232.286520426,221369.495109099,-24212.581629525,0.0682121136288003
8800,152382.369334034,209499.280052997,3507.55061296973,-0.00877122633561056
8801,172334.068393239,221971.448175307,-28916.3165685463,0.0818686170433998
8802,135884.944985655,200554.394599941,28949.8604144034,-0.0793730232737741
8803,143220.427495998,209617.033219998,12551.7392840041,-0.0352719398800149
8804,136146.735579405,201214.909549443,28027.5548711527,-0.0774553728490983
8805,158982.592798619,213732.846521969,-7326.23932058766,0.0216082530046927
8806,157939.692718484,214185.039885383,-6735.53260386694,0.0194276440565233
8807,150771.655708854,213171.266969849,1446.27732129738,-0.00489076326673116
8808,160294.570998561,217103.685321108,-12009.0563196699,0.0334824152240588
8809,154080.864662533,212385.836978822,-1077.50164135481,0.00377956736668116
8810,153398.666720559,210842.541433465,1147.99184597598,-0.00197688600796662
8811,154963.311322012,217508.944226566,-7083.05554857844,0.0186473143077733
8812,161200.098972448,214057.749934404,-9868.6489068516,0.0291682342222272
8813,172931.313968626,228435.870397797,-35977.9843664235,0.0991374596563836
8814,157943.046235399,215493.233426192,-8047.07966159115,0.0227106251136412
8815,156615.94063669,212687.114799765,-3913.85543645517,0.0120695072670147
8816,161951.196599594,222392.734390609,-18954.7309902023,0.0508591792674386
8817,148408.725447321,213149.754277491,3830.72027518792,-0.0120909557120364
8818,163461.280949473,221947.656825449,-20019.7377749219,0.0546456765522726
8819,146391.336367613,207827.051292574,11170.8123398126,-0.0308207108694551
8820,149087.670014238,211266.762546583,5034.76743917889,-0.0141108023174199
8821,159790.137412151,210685.929665623,-5086.86707777402,0.0156163531327014
8822,159710.426244274,216371.779220155,-10693.0054644293,0.0309794555917375
8823,151691.144656959,208735.012718757,4963.04262428364,-0.0123105527903368
8824,158423.305014209,210724.232442948,-3758.33745715726,0.0127098815744509
8825,157915.995610916,212139.603555594,-4666.39916650968,0.0145077942267111
8826,147985.845515165,208586.090927201,8817.26355763461,-0.023438179579913
8827,148371.444149529,204333.37280028,12684.3830501912,-0.0334781183300545
8828,165287.369290177,219690.038619197,-19588.2079093742,0.0555253785119609
8829,166467.254754354,216143.769081302,-17221.8238356558,0.0493469111705773
8830,154294.436028512,221460.395836553,-10365.6318650657,0.0268356499036877
8831,167683.665246754,226200.992782697,-28495.4580294503,0.0778587733502882
8832,164184.281507617,216283.725312429,-15078.806820046,0.0438047931659006
8833,156276.771386243,216891.071688161,-7778.64307440392,0.0210382260223792
8834,170027.62331236,219792.405962237,-24430.8292745971,0.0692400073711319
8835,162365.420790368,215162.403750514,-12138.6245408817,0.035237999037583
8836,145496.41992016,202548.450337203,17344.3297426374,-0.0461394195500589
8837,142239.244668438,208354.061834401,14795.8934971615,-0.0415285781879898
8838,158629.770506646,210262.170007363,-3502.74051400943,0.0118117127324728
8839,166750.678976699,217150.253402644,-18511.7323793427,0.0533550394275856
8840,157762.372039491,215708.296566337,-8081.46860582853,0.0228771266320801
8841,162280.89648712,213253.253069278,-10144.9495563985,0.0304440843071292
8842,150093.695274108,210469.456768647,4826.04795724497,-0.0133186073844664
8843,142189.682590496,208881.641412643,14317.8759968604,-0.0406974397204599
8844,151638.758575,214249.349756559,-498.908331559389,0.00104003086299591
8845,180993.115747898,233403.735419742,-49007.6511676402,0.13464074778104
8846,158258.53441664,218163.278684028,-11032.6131006684,0.0299181898776933
8847,152458.878274352,211072.735054692,1857.58667095582,-0.00421454460683704
8848,142677.287200159,205309.599428244,17402.3133715969,-0.0478427135861626
8849,133148.952990617,208389.766915565,23850.4800938184,-0.0694629770093248
8850,153374.46213193,213890.735884877,-1875.99801680777,0.00395099948513518
8851,161530.10549702,218134.708719194,-14275.6142162142,0.040061550363462
8852,146507.547574799,205921.77412856,12959.8782966412,-0.0342515450153642
8853,161789.356924845,216826.948755843,-13227.1056806882,0.0366731843059534
8854,152487.920255505,215411.871834911,-2510.59209041559,0.00614074354350546
8855,139975.284439023,201515.730092438,23898.1854685392,-0.0655754503972087
8856,173204.645800457,225658.065616163,-33473.5114166194,0.0922122411928009
8857,175390.130743243,227664.777378733,-37665.7081219763,0.104168046666937
8858,155692.002715027,214560.071575839,-4862.87429086614,0.0129658623333277
8859,143227.792629321,199906.097727286,22255.309643393,-0.0593270717732178
8860,148326.873848742,207317.302408761,9745.02374249749,-0.0254846297131232
8861,159017.857104737,218524.142763996,-12152.7998687327,0.0330907936983721
8862,159321.142782095,213749.779192773,-7681.72197486839,0.0225846415534407
8863,154014.82212003,212000.70827423,-626.330394260178,0.00276310889662923
8864,138235.822673547,208843.395228474,18309.9820979796,-0.0533204062102203
8865,155595.92662215,215268.348467778,-5475.07508992805,0.0156783808618304
8866,159869.87009098,213184.248960507,-7664.91905148647,0.0221899160694497
8867,138583.680345399,209968.491602115,16837.028052486,-0.0491231951211587
8868,158527.90770591,214839.746035762,-7978.45374167204,0.0229907244543639
8869,136326.587501371,211012.920329301,18049.692169328,-0.0539710663958222
8870,140477.14444377,207393.424154275,17518.6314019553,-0.0492295970535194
8871,150562.580506896,210518.569381886,4308.05011121818,-0.0118646289013098
8872,172912.121305902,219743.759839893,-27266.6811457949,0.0777009634973908
8873,166420.859871599,214243.981649029,-15275.6415206277,0.0448985370152188
8874,155905.765462889,214355.244184081,-4871.8096469696,0.01376699127639
8875,138531.472574143,201497.15852713,25360.5688987276,-0.0694716709932148
8876,138094.724472245,200351.860563063,26942.6149646927,-0.0740411292474884
8877,169947.939292696,222061.655857728,-26620.3951504237,0.0748440945100516
8878,163207.303538458,218912.884775749,-16730.9883142068,0.0454013714194896
8879,173786.006186369,237805.788445042,-46202.594631411,0.124028807031769
8880,167777.305130363,223977.271204743,-26365.3763351058,0.0725043313827583
8881,162493.658107773,219333.643766063,-16438.1018738364,0.0447920454256993
8882,160070.036985102,216408.340799299,-11089.1777844009,0.0319340335729816
8883,155110.523759413,210845.981128939,-567.304888351297,0.00265581444973622
8884,131564.368253634,201863.229720008,31961.6020263582,-0.0888857241853453
8885,156837.216921282,218973.720476737,-10421.7373980185,0.0277777213284596
8886,152778.789222444,209863.939079731,2746.47169782565,-0.00687641058650778
8887,149224.940755971,213666.578874602,2497.68036942714,-0.00829031075263291
8888,156470.263636752,221757.766413884,-12838.8300506359,0.0337216444654637
8889,125154.816510093,198042.526346661,42191.8571432464,-0.118312428793597
8890,168353.734780946,228501.605964639,-31466.140745585,0.0854800422051297
8891,137994.897652394,200422.777475298,26971.5248723081,-0.0739264168460148
8892,143680.214998948,205878.152818847,15830.8321822056,-0.0433916273488411
8893,149661.020561318,211753.435240632,3974.74419805006,-0.0119192049872412
8894,149520.027721555,209391.998124484,6477.17415396107,-0.0174584759784991
8895,158418.364585468,218425.435178652,-11454.5997641197,0.0308214756078912
8896,132021.919342257,200955.390836434,32411.8898213093,-0.0905572006972759
8897,152285.215718445,212721.235653661,382.748627894442,-0.000950825748510052
8898,162262.086132859,214997.713844036,-11870.5999768949,0.0348524773652232
8899,146590.140506475,201230.885643473,17568.1738500524,-0.0460012831216601
8900,159845.630338642,216458.296441399,-10914.7267800404,0.029778543917541
8901,149251.933240589,219061.522558413,-2924.25579900184,0.00609893579334447
8902,142977.58794178,209368.340035485,13043.2720227355,-0.0365408866785957
8903,137561.383793942,203493.37388243,24334.442323628,-0.0673748028030273
8904,161781.993186893,218835.834436584,-15228.6276234768,0.0422111036618347
8905,151070.66919562,219274.72403044,-4956.19322605996,0.0113388252747845
8906,181738.574263711,229281.89211163,-45631.266375341,0.128091053714677
8907,162369.085409239,211078.613271393,-8058.4986806318,0.0253839639435863
8908,151728.101984633,212739.257282734,921.840732632787,-0.00260800069499878
8909,150894.556369086,209266.716018822,5227.92761209205,-0.0140282033859081
8910,152834.346714377,214131.545531969,-1576.6922463454,0.0035655460829548
8911,150608.462570019,215537.688377576,-756.950947594305,0.000650851881949178
8912,163358.15637529,216096.877864297,-14065.8342395867,0.040735189091852
8913,155805.397307497,216244.535293408,-6660.73260090518,0.0181002480404843
8914,155333.679279685,211737.93201064,-1682.41129032563,0.00594274385219086
8915,145643.184796898,209729.419322089,10016.5958810134,-0.0288292143760337
8916,155891.27561008,209413.216516585,84.7078733349335,0.00190931505071224
8917,171917.416519863,234922.737395092,-41450.9539149545,0.111111567572398
8918,149987.66324632,212653.088455778,2748.44829790189,-0.00890121947889572
8919,143745.666152312,209134.565827626,12508.9680200619,-0.0348367704397041
8920,146023.708770851,209101.358520526,10264.1327086235,-0.0277636888539854
8921,150506.769732344,216373.231044752,-1490.80077709595,0.00257375933475724
8922,150226.387752276,207468.743904619,7694.06834310561,-0.0199874181569045
8923,150646.430031583,211105.988574453,3636.78139396309,-0.0107613849664816
8924,169311.305732066,223421.552266636,-27343.6579987017,0.0767982170197234
8925,146587.546743497,205292.790768031,13508.8624884729,-0.0355056758790045
8926,137925.368190584,201908.742191656,25555.0896177603,-0.0706068602880617
8927,148750.706294307,212581.708362961,4056.78534273262,-0.0120583009726294
8928,143199.143426619,202287.493676474,19902.5628969072,-0.0542796373833276
8929,155140.847307841,216603.686684553,-6355.33399239316,0.0170629101428419
8930,142321.404513459,206135.03804567,16932.7574408712,-0.0469902096003657
8931,174165.845500852,217573.393257626,-26350.0387584782,0.0754524394291315
8932,141561.59994467,207484.053583577,16343.5464717536,-0.0467777600245176
8933,161314.56903679,234500.305756553,-30425.6747933432,0.0775890539598978
8934,148443.405500177,208029.717046787,8916.07745303604,-0.0240978020328286
8935,173561.382151203,221545.531194967,-29717.7133461698,0.0840914833149858
8936,157644.749169106,223816.505577922,-16072.0547470278,0.0413324558058861
8937,153221.969887534,217761.553441976,-5594.32332951052,0.0147628187352007
8938,146247.36075592,213701.002455735,5440.8367883453,-0.0169380571180001
8939,146123.636539128,203172.824877885,16092.7385829873,-0.0426942872456097
8940,156744.851164886,213151.819790114,-4507.47095499974,0.0137758383205613
8941,163325.278244938,215039.522967152,-12975.6012120902,0.0377905706570602
8942,140172.356405915,207559.039067899,17657.8045261858,-0.0502203525769697
8943,153288.203236166,210761.183060914,1339.81370291981,-0.00307487306097941
8944,155524.563310502,213403.437598905,-3538.80090940703,0.0103105762858347
8945,170495.965794,222586.697264878,-27693.4630588781,0.0774155167996456
8946,161201.443970475,213628.933080217,-9441.17705069174,0.0271885729078331
8947,150506.22558419,212623.700404978,2259.27401083289,-0.00651426284833474
8948,156575.738463758,221309.862581265,-12496.4010450229,0.0321999875789052
8949,150521.322466222,207478.658594465,7389.21893931302,-0.0194874061676998
8950,132417.558761715,197749.82891413,35221.8123241546,-0.0968709893327503
8951,155750.007870618,210632.039207708,-992.847078326216,0.00454775661816032
8952,159269.645608948,216470.136866089,-10350.5824750373,0.0292496664808569
8953,146796.821729268,210932.691373543,7659.68689718848,-0.0222208484538398
8954,152233.183219355,213306.577214216,-150.560433570936,0.000342916129570083
8955,162953.112614056,215033.528802558,-12597.4414166147,0.0373969574599323
8956,168109.29639795,222683.887563778,-25403.9839617285,0.0707528015877308
8957,167861.930651829,221645.306317518,-24118.0369693469,0.0673125579103978
8958,150286.725793541,211722.256639651,3380.2175668074,-0.0094153631386593
8959,169236.780549355,219742.442266305,-23590.0228156605,0.0670709575797038
8960,161979.276331861,219238.988551262,-15829.0648831231,0.0436035297632186
8961,156906.529678401,209494.433114302,-1011.76279270236,0.00451927217019046
8962,143150.606670174,218357.487126984,3881.10620284203,-0.0151769663483497
8963,136654.600087229,200166.201690755,28568.3982220154,-0.0788754397937669
8964,161653.454586672,217691.714908648,-13955.9694953204,0.0384450198772077
8965,151303.376246764,215700.713619375,-1614.88986613916,0.00295363127179562
8966,147488.163777039,209550.978325174,8350.05789778725,-0.0230191685723179
8967,135534.980735251,209107.610895691,20746.6083690576,-0.0600430339116904
8968,155398.100298948,214178.520208222,-4187.42050716962,0.0119940316485089
8969,151256.787247667,212467.157149458,1665.25560287555,-0.00490265620138939
8970,147459.994825815,204340.590016221,13588.6151579641,-0.0358620291691181
8971,152332.013414037,207545.555178106,5511.63140785729,-0.0131974765096309
8972,137659.437149348,197018.573381396,30711.189469256,-0.0834671779622582
8973,149717.103797029,204350.122975784,11321.9732271863,-0.0293889058345628
8974,174102.517658708,223142.46379114,-31855.7814498477,0.0900433504951528
8975,153215.547311931,218913.095891784,-6739.44320371497,0.016988749889723
8976,145936.171376196,218062.669144211,1390.35947959329,-0.0076923490193327
8977,149790.866030945,209688.051903582,5910.28206547315,-0.015662341373708
8978,163500.308222106,221236.677572619,-19347.7857947244,0.0537740532360093
8979,152838.669458335,211470.147672523,1080.3828691417,-0.00308370602853692
8980,150337.912025559,210720.100723512,4331.18725092837,-0.0117841582104981
8981,133398.27671818,196398.732773143,35592.1905086766,-0.0977948802773047
8982,166183.230441962,224311.615466011,-25105.645907973,0.0690392885347551
8983,158770.878406079,212943.092832145,-6324.77123822487,0.0186401023974574
8984,148363.403370887,204471.124321166,12554.672307947,-0.0337627480628134
8985,171610.164325013,221468.788410928,-27689.7527359407,0.0782898414785919
8986,162870.718419181,218584.292966527,-16065.8113857081,0.0447074021349571
8987,165173.090027246,213756.129354221,-13540.0193814661,0.0407509319867634
8988,160256.916650296,217278.239151174,-12145.9558014705,0.0341082531799525
8989,155620.21576501,212700.036317542,-2931.0520825524,0.00922515657047444
8990,170434.471713034,216375.011730096,-21420.2834431298,0.0627130343128593
8991,142304.670742055,217087.632302705,5996.89695523976,-0.021031913489831
8992,153784.355895817,219207.395449562,-7602.55134537874,0.0183950747673993
8993,147865.184175185,204435.680910013,13088.3349148022,-0.0341298448240894
8994,150767.471420412,214448.963605914,172.764973673446,-0.00137992562944423
8995,130155.396241854,198377.951646669,36855.8521114771,-0.101491046541885
8996,156683.108521728,217447.370842495,-8741.27936422266,0.0230273396324764
8997,155468.22761516,218815.580151678,-8894.6077668381,0.0239951854272613
8998,180309.19046023,227070.589882396,-41990.5803426257,0.117712946868654
8999,139849.135257209,205050.356679524,20489.7080632669,-0.0566703122842687
9000,148555.617249067,209153.800056805,7679.78269412828,-0.0211045094283724
9001,152724.821383543,209822.866260755,2841.51235570182,-0.00660856621464031
9002,150686.206231207,221873.479766207,-7170.48599741427,0.015646776327193
9003,158303.202493512,215706.013714942,-8620.01620845398,0.0252785375615534
9004,147255.623825975,209973.791977598,8159.78419642744,-0.0235194732967811
9005,152763.512701055,210989.449575588,1636.23772335734,-0.00352923624573564
9006,141245.542938442,210689.704555615,13453.952505943,-0.0392163990029691
9007,146970.895780468,213200.909089449,5217.39513008314,-0.0161408724734168
9008,150408.998449817,207642.812847408,7337.38870277471,-0.0193776291623163
9009,150967.692967014,211300.815911013,3120.69112197228,-0.00831776577122404
9010,157681.843137191,213480.974856217,-5773.61799340759,0.0167686603867914
9011,150877.386626923,213736.851534806,774.961838271527,-0.00250067012532525
9012,156824.276284574,213087.013827706,-4522.09011228028,0.0136661350281634
9013,161954.276338811,216606.96134794,-13172.037686751,0.0374202434088488
9014,153121.918584645,211726.021804584,541.25961077126,-0.00116923592937694
9015,137866.685999021,202337.702196058,25184.8118049214,-0.0697670922767846
9016,176340.343253443,224123.804888438,-35074.9481418817,0.100144914947447
9017,141163.728863408,205798.627478378,18426.843658214,-0.0506512176718842
9018,157565.9482844,211244.121913167,-3420.87019756652,0.0109222812991106
9019,153320.953762372,209848.041163132,2220.20507449569,-0.00507614924071673
9020,142502.950719439,208618.980736485,14267.268544076,-0.0406549197317615
9021,140597.285587391,208659.604518729,16132.3098938806,-0.04655689703544
9022,148387.589703444,209086.295545913,7915.31475064257,-0.0215553340709027
9023,141049.372150061,215644.065128376,8695.76272156375,-0.0286343263337615
9024,154933.276145601,212491.841025949,-2035.91717155004,0.00643402304947094
9025,171102.867563268,232352.098272326,-38065.7658355937,0.102626261866793
9026,156855.599081673,216738.668690269,-8205.0677719427,0.0217902203023918
9027,157797.345691565,210028.629523671,-2436.77521523606,0.00836243040692266
9028,157748.11259549,227626.609535901,-19985.522131391,0.0507030765734936
9029,148644.702731748,213499.359877455,3245.13739079738,-0.00950410193073366
9030,162461.111531925,216654.432623332,-13726.3441552578,0.0387068784105172
9031,143718.895010871,206264.567457236,15405.7375318925,-0.0425533119302781
9032,158064.956882795,225715.844016762,-18391.6008995575,0.0476708150950292
9033,141938.983197831,205766.701527269,17683.5152748996,-0.0491981866867678
9034,153839.103567855,220809.88262795,-9259.78619580483,0.0237297706954588
9035,167376.169061123,221050.787010749,-23037.756071872,0.0643462903750279
9036,173660.707660054,222846.310906512,-31117.8185665658,0.0879900024758426
9037,155748.558988856,220066.726334653,-10426.0853235088,0.0273512214501587
9038,169344.13945137,226769.848428493,-30724.7878798634,0.0845100645448945
9039,126651.323759703,200609.951223303,38127.9250169944,-0.107219479939028
9040,148571.302876641,206869.092357302,9948.80476605654,-0.0269039997732353
9041,176430.254600243,231047.795564127,-42088.85016437,0.114807573302218
9042,144630.918466478,200380.501171672,20377.7803618499,-0.0545462081950028
9043,147017.846701673,209132.922834681,9238.43046364625,-0.0250454962162524
9044,153579.580914919,215045.625853579,-3236.0067684977,0.00865742769511526
9045,177723.19841874,230636.349337923,-42970.3477566628,0.118104876157476
9046,145978.650608741,203476.22560429,15934.3237869685,-0.0426589360647834
9047,145477.295559843,220514.702317711,-602.797877553618,-0.00249980766170316
9048,140633.460751609,207830.35489898,16925.3843494107,-0.047940823011546
9049,146771.889455711,208070.253158748,10547.0573855416,-0.0298088465353825
9050,146964.038796131,205516.743201728,12908.4180021405,-0.0344764188206442
9051,148298.242424408,206817.755989919,10273.2015856736,-0.0277846521450426
9052,166775.694508999,216350.773370564,-17737.2678795627,0.0510692881751806
9053,156452.704191145,215709.770684993,-6773.27487613744,0.0191497531239404
9054,174758.203689343,209471.879710719,-18840.8834000627,0.0566013795397637
9055,132872.088436399,206963.530847161,25553.58071644,-0.0735401530824401
9056,169829.539992194,239856.464722123,-44296.8047143168,0.116463623108401
9057,155610.337225166,219521.164899222,-9742.30212438718,0.0258287753994944
9058,155976.80078106,216508.950243638,-7096.5510246976,0.0191125922950898
9059,143321.598285292,206174.540268895,15893.0614458135,-0.0439419480066895
9060,134506.736167333,204497.719735678,26384.7440969895,-0.0747308265213638
9061,159265.659248719,218424.220963022,-12300.6802117405,0.0336901940729252
9062,156628.793379292,210239.248173704,-1478.84155299666,0.00469452891393715
9063,171735.872024464,216094.713849319,-22441.3858737838,0.0645758480827499
9064,156643.521810672,220245.681256687,-11500.0030673587,0.0300280944292456
9065,153098.679864405,207700.696930987,4589.82320460858,-0.0106400125601201
9066,153968.033883882,226710.816641124,-15289.6505250058,0.0367891361625573
9067,144633.726827521,206313.894449542,14441.5787229376,-0.0397954063846534
9068,161473.26773734,216951.071238832,-13035.1389761716,0.0366544626718399
9069,152294.702316807,209118.197603314,3976.30007987929,-0.00945090001367208
9070,137557.596214388,205663.782445297,22167.8213403152,-0.0629919303748565
9071,154203.340858294,212698.967072026,-1513.10793032037,0.00435512480782364
9072,154498.898344357,214723.833969384,-3833.53231374099,0.0109413010538442
9073,160987.674479824,218355.372714021,-13953.8471938447,0.0385903468702181
9074,151065.073148589,214731.069764903,-406.942913492036,0.000120928713301056
9075,156233.70413276,225027.257914584,-15871.7620473444,0.0401586220799002
9076,155656.644164255,209880.266704836,-147.710869090573,0.00194330928500554
9077,134762.623446663,205651.546753917,24975.0297994193,-0.0712228099920398
9078,153448.075989958,211699.325816979,241.798193062597,0.000319656846227843
9079,143021.759153676,207353.23857787,15014.2022684548,-0.0418909043782281
9080,156411.772166946,213933.421270067,-4955.99343701306,0.0144574146953327
9081,156309.338234249,212450.651183503,-3370.78941775259,0.0100430019703765
9082,149422.936237649,212487.424588712,3478.83917363972,-0.00989254854434319
9083,161796.703136605,214347.993467647,-10755.4966042523,0.0313347413994033
9084,154190.325510696,215424.393090396,-4225.51860109268,0.0112564840088342
9085,144372.513643725,206707.69307874,14308.9932775357,-0.038871466191393
9086,153939.039982295,225142.611442674,-13692.4514249695,0.0319371793690411
9087,169589.705053267,219971.278155528,-24171.7832087954,0.0688113689039057
9088,147916.053248404,211315.466555665,6157.68019593152,-0.0173476007489126
9089,144501.819269793,206270.372844799,14617.0078854082,-0.0402190870314696
9090,164829.181926074,220424.621723541,-19864.6036496149,0.055235213697496
9091,142348.639316816,204508.317122883,18532.2435603006,-0.0505620326887645
9092,142968.175599997,205895.297765067,16525.726634936,-0.0458876725475969
9093,142851.953056205,204702.984827635,17834.2621161602,-0.0487001867711289
9094,165941.27278895,219937.06531292,-20489.1381018698,0.0583088899157366
9095,156641.088942592,214095.438097437,-5347.32704002975,0.015668837279764
9096,152663.347795314,207757.817576489,4968.03462819726,-0.0114484941970677
9097,141935.822760315,203599.936926781,19853.4403129039,-0.0541376843094874
9098,143346.721911069,205543.339845366,16499.1382435654,-0.045897986798064
9099,157813.452201733,215827.741942303,-8251.99414403603,0.0231497936543311
9100,148685.398424049,211661.670786303,5042.13078964729,-0.0152217882014162
9101,153762.516701159,209440.261705754,2186.42159308691,-0.00416020691418441
9102,154374.684996121,207431.740336564,3582.77466731548,-0.00814959754202381
9103,151720.775697941,219890.02817612,-6221.60387406073,0.014322755013715
9104,154457.985313564,217895.533305705,-6964.31861926877,0.0173782351757458
9105,166080.665963739,226179.032184517,-26870.4981482557,0.0737260506316728
9106,141737.014135972,202004.977710657,21647.2081533705,-0.0584383617730804
9107,153898.192743708,215987.725450841,-4496.7181945488,0.0117227427460077
9108,137610.127883797,205657.100563307,22121.9715528965,-0.0622997483029304
9109,161585.796998585,232859.587575339,-29056.1845739242,0.0763737007105002
9110,135042.588227468,204579.757273675,25766.8544988569,-0.0728335569658443
9111,137772.700817517,204482.093993038,23134.4051894455,-0.0648560494166142
9112,149235.975435811,209662.29705337,6490.92751081876,-0.0181727312781442
9113,146379.166098256,213822.24868643,5187.78521531454,-0.0165427970927301
9114,168012.455227015,225833.591576958,-28456.8468039734,0.07775217105139
9115,157717.021387239,214939.3147728,-7267.13616003963,0.0203549633264154
9116,144798.942406969,206281.168222976,14309.0893700557,-0.0391603116145909
9117,142794.569760227,209685.222014976,12909.4082247977,-0.0370349595788139
9118,130288.643544353,203468.320517753,31632.2359378933,-0.0899444574729462
9119,139616.870244043,211459.43408563,14312.8956703275,-0.0427318000016752
9120,148978.569414149,210397.769039617,6012.86154623376,-0.0161152929199318
9121,144021.700320193,206539.580123638,14827.9195561695,-0.0414694705333576
9122,159782.412937518,223950.767299591,-18343.9802371092,0.0485154815851823
9123,159484.112509381,221251.495324984,-15346.4078343653,0.041699671872096
9124,149953.768780603,205274.40465316,10161.0265662368,-0.0259473188229552
9125,150989.897638493,208744.161946375,5655.1404151324,-0.0148132887990673
9126,146475.233346569,209850.909635893,9063.05701753771,-0.0260036033072094
9127,165817.166767856,224851.947711367,-25279.9144792237,0.0687841230342229
9128,161366.724281742,215417.428414644,-11394.9526963861,0.0329660291040136
9129,159190.498220752,211370.367192149,-5171.66541290109,0.015901272581093
9130,175277.665189511,234383.748199546,-44272.2133890571,0.120188348415787
9131,144574.574506328,206832.791352497,13981.8341411744,-0.0385122922744028
9132,163353.129585857,214394.043274986,-12357.9728608429,0.0360660307359909
9133,163917.561004889,218479.704261288,-17008.0652661773,0.0481347093357248
9134,151948.605676376,210485.15046476,2955.44385886454,-0.00821657969414328
9135,156140.680852503,211892.580884948,-2644.06173745135,0.00767135961530066
9136,158423.935938118,212163.545510667,-5198.2814487858,0.0158963924957981
9137,161591.827312681,213769.116078311,-9971.74339099164,0.0301060916420699
9138,142995.198371122,210844.990020003,11549.0116088749,-0.034200674979381
9139,149183.343176265,204068.771680562,12137.0851431724,-0.0313924447506335
9140,158393.283450455,217036.23854363,-10040.3219940845,0.0274758976117779
9141,132071.4764942,199807.009794633,33510.7137111672,-0.0929174497369194
9142,147764.912136694,207988.366608317,9635.92125498963,-0.0270388149219122
9143,154901.365577452,209994.226097364,493.608325184381,-0.000382105599264174
9144,160900.436640859,213467.641176542,-8978.87781740126,0.0265945067204788
9145,164261.367262774,217506.073168295,-16378.2404310692,0.0463418049986282
9146,162250.683286836,210230.328919802,-7091.81220663845,0.0226379649785587
9147,151632.671624627,206887.72843054,6868.79994483368,-0.0167197746056312
9148,160809.124190215,220115.097505274,-15535.0216954887,0.0425922230416632
9149,147300.838774248,205936.803277558,12151.5579481936,-0.0328505492988239
9150,156678.711069854,219624.533953491,-10914.0450233453,0.0294301952802682
9151,151383.761927419,216624.914508042,-2619.47643546073,0.00575359049812365
9152,159476.772924574,219488.371343865,-13575.9442684384,0.0367905144377303
9153,158039.121692638,216548.379837138,-9198.30152977566,0.0258608609151067
9154,160174.456086566,225001.859331761,-19787.1154183271,0.0520977197882577
9155,145168.804210501,204792.816227665,15427.5795618348,-0.0415060462992706
9156,141256.780655753,204450.536555129,19681.8827891184,-0.0539975988934858
9157,161482.205947948,219577.47145024,-15670.4773981883,0.0440442611867928
9158,171504.454497701,216350.250683442,-22465.5051811423,0.0653270115908405
9159,165616.722690731,219233.433110564,-19460.9558012947,0.0547464464471497
9160,158584.584625753,213924.385888747,-7119.77051449934,0.020550705881224
9161,138421.426684608,203737.364938478,23230.4083769144,-0.0638957633167155
9162,141089.046632934,206822.255875208,17477.8974918588,-0.0491444166719052
9163,159796.331156879,212723.763823082,-7130.89497996116,0.0211185071416696
9164,159530.157682519,211577.057968792,-5718.0156513112,0.0173668622442456
9165,156443.539095627,219608.670573542,-10663.0096691684,0.0274729059799174
9166,158024.359690275,215540.164306429,-8175.32399670396,0.0233652893427798
9167,148021.301898876,211165.555891116,6202.34221000894,-0.0180053837735256
9168,150101.089764596,210198.118133642,5089.99210176262,-0.0135395268309105
9169,153070.323424813,207235.262271715,5083.61430347152,-0.0121584945931733
9170,146129.904053591,205092.730728067,14166.5652183417,-0.0385275435739543
9171,154986.874289324,210896.86165103,-494.535940353642,0.00274670316249036
9172,181169.596039694,230856.540042577,-46636.9360822709,0.130768743517187
9173,169094.801968181,221341.824669416,-25047.4266375969,0.0703972986348146
9174,156402.151859404,218587.681971346,-9600.63383075042,0.0249962060398642
9175,160259.204244031,215666.264760274,-10536.2690043044,0.0294941534353973
9176,146179.594781302,207503.892870376,11705.7123483219,-0.031220518011889
9177,142541.434560713,202135.055362988,20712.7100762993,-0.0556739667507113
9178,150812.616402717,208634.707632739,5941.87596454396,-0.015591397307722
9179,144452.816095947,203634.980220816,17301.4036832371,-0.0469423082270558
9180,154648.588386384,215108.105242564,-4367.49362894747,0.0125433094349545
9181,156649.183173443,219199.384047473,-10459.3672209154,0.0280311748825647
9182,142439.944619814,205966.344128151,16982.9112520348,-0.0461268924720273
9183,138724.679271478,205368.772295208,21295.7484333141,-0.0592630671649054
9184,151258.393737499,209067.454100928,5063.35216157389,-0.0126754318817025
9185,157845.803353491,221181.25659755,-13637.8599510416,0.03584349640584
9186,173550.049564015,222563.961108718,-30724.8106727336,0.0869216904745236
9187,175356.672806549,229573.898181313,-39541.3709878614,0.109271974337382
9188,142156.313455337,209986.792634086,13246.0939105771,-0.0377364206310642
9189,161263.68007663,226478.482246501,-22352.9623231309,0.0585665769036084
9190,157489.298541984,211608.921066436,-3709.0196084198,0.0119757917192043
9191,152245.380700972,212871.832882802,271.986416226195,-0.00125797992483466
9192,141501.828679957,206693.983219145,17193.3881008981,-0.0472835661674205
9193,165653.95375698,217740.028082106,-18004.7818390859,0.0520384314591986
9194,152043.15460189,208155.004440927,5191.04095718329,-0.0130427652853834
9195,141075.501545311,200362.595883631,23951.1025710573,-0.0651028776271875
9196,148977.811126529,211722.478764831,4688.91010863968,-0.0131190925924084
9197,154571.786239553,214602.893221785,-3785.47946133773,0.0105200058618839
9198,145495.204695995,217564.285501381,2329.70980262395,-0.0100026689313656
9199,154620.531837376,209439.519089198,1329.14907342527,-0.00199104732407655
9200,141350.851756062,205905.234269147,18133.113974791,-0.0504702930440587
9201,145644.560038028,203685.785478718,16058.854483254,-0.0434455675860888
9202,151546.512289416,209691.256271151,4151.4314394333,-0.0106827392552774
9203,160597.58632364,227269.947913187,-22478.3342368272,0.0581674520197349
9204,154552.867945829,215261.741954714,-4425.40990054264,0.012140616532523
9205,157325.107056465,217843.938390897,-9779.84544736199,0.0267303858066191
9206,158182.560095915,217340.119159927,-10133.479255842,0.0270380395237114
9207,167479.033081132,225470.359750044,-27560.1928311766,0.0756853589472251
9208,155653.935331798,215385.682837984,-5650.41816978209,0.015244683173844
9209,179951.847289654,224291.222412623,-38853.8697022771,0.110529342957027
9210,142305.938355614,202964.497528227,20118.764116159,-0.0550098651952204
9211,148518.041012756,207502.459776871,9368.69921037374,-0.0251454537516727
9212,161835.526126602,211415.99405303,-7862.32017963228,0.0244326004373044
9213,142424.994072471,206483.046394421,16481.1595331079,-0.0461612547711549
9214,151687.205372985,228639.164791474,-14937.1701644592,0.0339029844512423
9215,162918.087422801,217589.93422148,-15118.8216442811,0.0430243876298452
9216,157397.64177569,221417.844429728,-13426.2862054179,0.0353914509257226
9217,140297.392103813,213144.30925038,11947.4986458072,-0.0352733566776772
9218,136938.323749182,202023.889616219,26426.9866345995,-0.0727296981059613
9219,157025.38473424,215780.314515299,-7416.49924953829,0.0208740709881236
9220,152053.454610989,214704.503786654,-1368.75839764305,0.00222917268389846
9221,152679.64923412,209166.341387619,3543.2093782606,-0.00854976690304699
9222,161996.406885015,222181.745725603,-18788.9526106184,0.05182501602043
9223,150346.193777141,210990.064520195,4052.94170266431,-0.0108292094994219
9224,144854.165474981,211644.890501691,8890.14402332815,-0.0260887574521778
9225,143975.111403212,213281.738301253,8132.35029553488,-0.0247285999570675
9226,150877.503430855,213414.431664984,1097.26490416046,-0.00323265332509448
9227,134678.37159518,201461.617473504,29249.2109313156,-0.0812683132914836
9228,153934.800499435,215174.195796845,-3719.79629627982,0.00912789090191347
9229,147990.708743949,206339.869838483,11058.6214175682,-0.0296335972785646
9230,141554.960427315,206130.373442022,17703.866130663,-0.0496681570597467
9231,136428.561944983,202598.749857407,26361.8881976101,-0.0736171924853312
9232,156324.050537306,218786.822253134,-9721.67279044056,0.0254367150906451
9233,157371.754108521,214375.784031636,-6358.33814015641,0.0180192388968343
9234,130247.824200992,201650.70034684,33490.6754521684,-0.0941612856877569
9235,145800.65893263,201694.309715783,17894.231351587,-0.0475125862950033
9236,145572.610811175,208269.727773084,11546.8614157409,-0.0314469925878413
9237,159463.31312815,213168.949747346,-7243.06287549576,0.0217052923296389
9238,152586.325911698,207189.931443288,5612.94264501421,-0.013314984830848
9239,165662.539041017,227201.194962246,-27474.5340032633,0.0734777906094551
9240,158677.611588682,220720.895207629,-14009.3067963117,0.0372809002737205
9241,153727.534753405,210063.817238296,1597.84800829861,-0.0033200364062771
9242,157722.903929696,218319.145114407,-10652.8490441025,0.0285165910949043
9243,156525.92723727,212376.648439747,-3513.37567701709,0.0105170503534345
9244,159625.104782321,222308.578512398,-16544.4832947193,0.044564118326962
9245,138685.57551126,204697.90715294,22005.7173358007,-0.0610962043570063
9246,156720.195071273,211994.69271529,-3325.68778656231,0.0108757460791159
9247,158186.582257739,219945.360604696,-12742.7428624344,0.0342007100854427
9248,146690.437187679,207550.284706386,11148.4781059353,-0.030392755655618
9249,166355.694600692,219762.206052571,-20728.700653263,0.058357448548477
9250,144360.529736913,210448.055345967,10580.61491712,-0.0306344065046013
9251,146069.837269239,205992.350361712,13327.0123690486,-0.0359197762135697
9252,152177.040529159,213938.588671479,-726.429200637736,0.00176971292285653
9253,150327.738308566,212754.630933055,2306.83075837925,-0.00671779132084051
9254,163402.068947362,218074.426787237,-16087.2957345994,0.0456087507895489
9255,152753.459885541,214041.206454325,-1405.46633986605,0.00310433353631615
9256,155798.849404623,210620.699601846,-1030.34900646884,0.00420199368775597
9257,128840.676463397,199768.725430744,36779.7981058586,-0.10297482255228
9258,167169.157272151,217594.830520217,-19374.7877923684,0.0555297469565916
9259,138896.949946301,199162.818301101,27329.4317525983,-0.074851350777138
9260,147833.23966059,207968.122943038,9587.83739637263,-0.0261835894173346
9261,156553.980379145,211245.214888512,-2409.99526765692,0.00781721546571978
9262,155075.073223663,211010.51014594,-696.383369603136,0.00394790927903208
9263,156730.510266795,211589.9693526,-2931.27961939533,0.00976101512967403
9264,152106.054122593,219998.993602454,-6715.84772504697,0.0158509096913083
9265,142290.829702027,206888.300741885,16210.0695560885,-0.0450820645011697
9266,136568.909643421,204932.416967737,23887.873388842,-0.066998069772132
9267,162355.435102478,216981.572799491,-13947.8079019686,0.039795651547426
9268,168742.560451048,217384.29861587,-20737.6590669177,0.0597383240180013
9269,150800.812659312,215983.27494224,-1394.88760155195,0.0023520840683007
9270,142246.102370144,208733.107421438,14409.9902084174,-0.041582792342669
9271,150773.306977517,210873.246719636,3742.64630284702,-0.0108350872332168
9272,149233.623461661,217678.478574591,-1522.90203625202,0.00172365669329789
9273,136385.490324338,202528.858612734,26474.8510629273,-0.0730991927570334
9274,161379.046053705,222937.127898831,-18926.9739525358,0.0506690482290106
9275,152088.911451197,210869.31082736,2430.97772144357,-0.00640846618815975
9276,142663.71610817,203638.185338202,19087.2985536274,-0.0518529128352464
9277,176569.375186774,222908.20576652,-34088.3809532942,0.0974821720569855
9278,148148.359837729,207450.354122384,9790.48603988637,-0.0260184667459367
9279,163486.64024037,220785.821827468,-18883.2620678386,0.0527465245382051
9280,159052.834532822,214922.69806589,-8586.33259871218,0.0247202047633169
9281,147189.617759174,209735.494164107,8464.08807671932,-0.0236403674337854
9282,162634.172150316,215394.705907662,-12639.6780579772,0.036400524627648
9283,162931.996297654,216184.102532711,-13726.8988303655,0.0388930330882713
9284,155571.105340775,213905.487475719,-4087.3928164934,0.0115034197279172
9285,151456.014983713,218129.767484328,-4196.58246804151,0.0090306973472639
9286,150912.741982646,207511.09027961,6965.3677377443,-0.0182069622916955
9287,141820.297115496,206947.15288689,16621.7499976144,-0.0457279593255538
9288,153432.230329212,211491.456931707,465.512739080878,-0.000601687620826463
9289,161147.798855951,214649.550268687,-10408.1491246386,0.0302489139271519
9290,149877.614076769,210021.357741243,5490.22818198841,-0.0146419185414563
9291,155810.906098193,208297.697693032,1280.59620877466,-0.00179806408571638
9292,154930.242978869,208490.117200337,1968.83982079412,-0.00326215352691899
9293,149887.259971169,206891.854315334,8610.08571349666,-0.0231746264413119
9294,173015.660158719,219767.138959224,-27393.5991179429,0.0784506755770536
9295,161581.955014049,215162.583891113,-11355.3389051615,0.0335137204950811
9296,164889.585280767,218949.076502778,-18449.4617835445,0.051581506882874
9297,161707.470364907,217227.707009718,-13545.9773746252,0.037986896293579
9298,139602.025920381,212382.02572031,13405.1483593085,-0.0401556925795561
9299,157592.453171367,220008.951601723,-12212.2047730898,0.0321584536044818
9300,151723.461293086,212626.470012207,1039.2686947062,-0.00293340420907257
9301,145833.700802804,209376.371144118,10179.1280530779,-0.0289548627983764
9302,146689.163762127,207575.338421854,11124.6978160191,-0.030458973104918
9303,153523.216349334,211996.666805807,-130.683155140898,0.0006796217084792
9304,169586.567089691,225521.172971174,-29718.5400608648,0.0821518187897591
9305,139197.867553825,210167.81650691,16023.5159392652,-0.0468837174834957
9306,156612.679048005,212876.019945056,-4099.49899306084,0.0115976423533097
9307,168869.101715813,218015.897476644,-21495.7991924571,0.0616756454288031
9308,158231.401694678,216762.79724013,-9604.99893480813,0.0267878465242126
9309,156752.522093861,219813.348362821,-11176.6704566823,0.0290556875821798
9310,144884.145678725,205259.930117702,15245.1242035732,-0.041274098409909
9311,153866.891361597,205094.302505825,6428.00613257772,-0.0151397600130659
9312,160645.911622285,214475.548653746,-9732.26027603092,0.0284853855216925
9313,172212.261443951,226358.807685251,-33181.8691292029,0.0921266594588837
9314,149724.045891392,212591.266597406,3073.88751120231,-0.00963321252203957
9315,144695.458724692,205080.619191896,15613.1220834115,-0.0430992261187909
9316,153976.830895497,216948.726123035,-5536.35701853217,0.0142854342404561
9317,142594.157340162,203445.732185934,19349.3104739047,-0.0529310819716813
9318,157568.461785049,216077.023106131,-8256.28489117994,0.0222969749778098
9319,155842.087604962,215401.982217102,-5854.86982206337,0.0162024024919988
9320,154426.068898096,221375.254882161,-10412.1237802573,0.025796463373273
9321,147784.060429083,209539.325797142,8065.8137737746,-0.0225022867846578
9322,144232.307898442,206225.800086056,14931.0920155025,-0.0415562817393941
9323,168756.862168331,221912.081902144,-25279.7440704747,0.0707021997122324
9324,167431.845233698,217452.687195776,-19495.3324294746,0.0556995932532132
9325,157506.80734231,211082.583196454,-3200.19053876383,0.0113152470065287
9326,152712.942457678,211056.01418552,1620.24335680256,-0.00310832245117975
9327,151125.559316804,207919.493177131,6344.1475060652,-0.0157779715191631
9328,140392.783603402,206001.646889016,18994.7695075826,-0.0528145706123937
9329,160269.0415574,224302.559283658,-19182.4008410583,0.0504742044745962
9330,153021.878785427,209701.853464533,2665.46775003971,-0.00595781468556813
9331,144909.937852446,204315.651538688,16163.6106088652,-0.0432298651302903
9332,164281.795753836,211947.105055158,-10839.7008089937,0.032842594927299
9333,153627.533899358,213365.327307875,-1603.66120723315,0.00540749071350878
9334,153094.019966902,205409.976914958,6885.20311813982,-0.0158924851495315
9335,154040.895763866,214006.333385374,-2658.02914923924,0.00742066861566236
9336,163658.684575164,221802.657116342,-20072.1416915054,0.054957843613574
9337,142896.879180556,207026.287518527,15466.0333009172,-0.0425967143666515
9338,173950.768838493,223807.159535176,-32368.7283736687,0.0916345774751179
9339,156500.062797851,212348.046262576,-3458.90906042652,0.0104859925563295
9340,147984.245202715,214800.32717977,2604.6276175151,-0.00990279753569104
9341,147673.540550641,209160.309459832,8555.34998952661,-0.0231228018200826
9342,137827.921835489,206359.636357119,21201.6418073922,-0.0597027414223027
9343,160913.697086406,222042.518575687,-17567.0156620929,0.0466152055312676
9344,154756.561205593,221345.03239732,-10712.3936029131,0.027452256964134
9345,142116.174659614,214878.770854759,8394.25448562711,-0.0277867388014289
9346,147473.178819178,209522.517641494,8393.50353932759,-0.0231191574439111
9347,145981.920563636,207973.147180401,11434.1322559634,-0.0316789663019767
9348,150983.711403403,209524.971943535,4880.51665306202,-0.0125837848603376
9349,150283.47622888,218664.552802164,-3558.82903104374,0.00622006765054018
9350,149125.109416769,206520.315254264,9743.77532896627,-0.0253729482290373
9351,160746.746519603,214791.569075113,-10149.1155947152,0.029747352715964
9352,153810.558282749,212594.526799969,-1015.88508271775,0.00309496788743161
9353,157421.946140399,215746.765526813,-7779.51166721206,0.0212726569758235
9354,154479.225479374,211124.348657876,-214.374137250183,0.0011602389303453
9355,151715.096715119,207565.098407296,6109.00487758504,-0.0153191018728634
9356,160395.063056769,219252.403135459,-14258.2661922284,0.0395784283546715
9357,146611.623554611,219742.254038369,-964.677592980268,-0.00220131976542388
9358,155405.912443804,212169.131625965,-2185.8440697692,0.00765899894396249
9359,160142.274560779,219138.56688154,-13891.6414423188,0.0376190012202362
9360,154896.228378088,213264.459103096,-2771.48748118419,0.00753773599437251
9361,156906.119343633,219204.390373433,-10721.3097170662,0.0287861516542337
9362,151790.316716237,217328.496541312,-3729.61325754935,0.00923706739272487
9363,159016.793719194,225789.517502515,-19417.1112217095,0.0505932440578882
9364,142183.524583295,200294.961600595,22910.7138161095,-0.0616176634456346
9365,157729.62084287,210834.984230643,-3175.40507351293,0.0102214739643947
9366,131176.804770287,200089.944228669,34122.4510010442,-0.0951543962433952
9367,165676.528374477,229041.577605294,-29328.9059797705,0.0790036230162226
9368,153752.914510105,213688.568347688,-2052.28285779245,0.00605448257644306
9369,157334.348290162,213186.854565151,-5132.00285531301,0.0150214756525412
9370,150102.93636583,213542.303973609,1743.95966056146,-0.00633572401581492
9371,155424.520805762,212854.733639998,-2890.05444575957,0.0085083690441346
9372,131396.218167984,195418.092591437,38574.8892405788,-0.105294259829213
9373,145056.833810233,212600.727658492,7731.63853127492,-0.0231082189156572
9374,148262.05457642,211485.606127051,5641.53929652873,-0.0156162914783999
9375,152499.900470961,208775.648995231,4113.65053380787,-0.009763292682339
9376,148650.257036722,211882.68533483,4856.25762844738,-0.0139039985885146
9377,133498.633781065,206012.648479019,25877.9177399154,-0.0735136683521212
9378,150290.459450132,207050.09122208,8048.6493277878,-0.0205316729861871
9379,162493.03811717,210156.679915039,-7260.51803220913,0.0234601238643139
9380,164043.093048498,236139.129602797,-34793.0226512944,0.0907394003902187
9381,162309.216561413,221244.253296608,-18164.2698580211,0.0497551360804691
9382,161528.590183634,219364.850808789,-15504.2409924229,0.0427105379198192
9383,141033.789466133,206715.853639953,17639.5568939131,-0.049445286474953
9384,130884.825838002,201314.363919796,33190.0102422021,-0.0932105623334437
9385,156679.378474363,216235.331897231,-7525.51037159387,0.0206409696387034
9386,152979.226947404,205766.947964202,6643.02508839394,-0.0158036517419879
9387,144836.325460501,207663.993706828,12888.8808326716,-0.0362953113071997
9388,142284.642404424,208181.956599827,14922.6009957489,-0.0420067843892348
9389,160420.416977021,220797.17891284,-15828.3958898613,0.0424122185963881
9390,146517.953959374,214171.352431954,4699.89360867225,-0.0153763186308675
9391,142087.948236746,202120.813061618,21180.4387016366,-0.0568065414075327
9392,155929.084606696,219174.791434235,-9714.67604093085,0.0244939945044057
9393,171529.636410482,220867.734412586,-27008.1708230684,0.0764452627775186
9394,133700.08373793,197434.189444054,34254.926818016,-0.0941554891720267
9395,143143.148855049,208540.078932465,13705.9722124861,-0.0393637669214446
9396,145318.767748553,208203.088837538,11867.3434139084,-0.0321388506070764
9397,146331.924058116,204958.220289985,14099.0556518991,-0.0375580209674257
9398,144592.797370268,204572.381692746,16224.020936986,-0.0441498200820219
9399,147956.770229573,207062.673978881,10369.7557915466,-0.027221999719974
9400,157429.519195781,211246.269363965,-3286.5885597461,0.0104119776456865
9401,163046.600985906,228743.965545432,-26401.3665313378,0.068497076701712
9402,141148.748217732,211290.812157102,12949.6396251657,-0.0375184555039446
9403,154978.036539086,219054.282240487,-8643.11877957318,0.0213947175349621
9404,148064.391623763,208055.145666789,9269.66270944744,-0.0257734986167875
9405,159070.015047428,218178.529229638,-11859.3442770663,0.0320646543733357
9406,124335.749072788,192303.144871699,48750.3060555135,-0.134321291784138
9407,139578.674227938,204895.89560501,20914.6301670523,-0.0583906806423006
9408,162424.585908672,216249.443174564,-13284.8290832367,0.0383535221611147
9409,184068.106676294,242369.605320758,-61048.5119970522,0.166448931294319
9410,160051.997304686,211883.748472938,-6546.54577762418,0.0202898117839086
9411,139741.558243996,201898.919743107,23748.7220128975,-0.064945397285556
9412,135734.482856861,199285.42294721,30369.2941959293,-0.0840648194055176
9413,144397.431313331,212706.395570976,8285.37311569281,-0.0255678043400896
9414,141910.665500523,200798.232260358,22680.3022391192,-0.0613057722764612
9415,145140.495681996,209817.020947099,10431.6833709049,-0.030478470822223
9416,166766.118980217,215582.789813934,-16959.7087941513,0.0494559129120546
9417,138368.637971494,213242.99808031,13777.5639481959,-0.0412930832128747
9418,151141.115759601,206341.355050835,7906.72918956325,-0.01996311033133
9419,163419.694734763,215315.627249726,-13346.1219844894,0.0385773207430911
9420,166128.430642594,222337.614681768,-23076.8453243619,0.0637980774290801
9421,158945.48616837,216590.24225526,-10146.5284236302,0.0285441871104856
9422,152727.951998688,212764.774523947,-103.526522634958,0.000311973867452861
9423,150432.462739074,212314.758965331,2641.97829559515,-0.00729182073508589
9424,148236.812842569,207748.195839729,9404.19131770218,-0.0251512686854641
9425,165589.445370686,216170.84064379,-16371.0860144765,0.0462197696075822
9426,147835.931005757,205610.030740003,11943.23825424,-0.0316658161102401
9427,145993.682626524,211281.931110756,8113.58626272,-0.0234333731676369
9428,148300.706509543,206593.985570287,10494.5079201698,-0.0274800254897097
9429,155200.589160736,209693.392678399,495.21816086449,0.000761957451728254
9430,151743.620933783,213614.632144439,30.9469217774458,-3.80124707920461e-05
9431,150174.526724356,210576.661950219,4638.01132542576,-0.0124094237872023
9432,161911.985351473,212789.091752723,-9311.87710419641,0.0288188982291268
9433,147800.452010943,203412.193928897,14176.5540601595,-0.0375073264211745
9434,155753.366432177,214144.545002492,-4508.71143466915,0.0128891275234677
9435,164643.631166379,210384.934377827,-9639.3655442064,0.030017417570619
9436,152081.557066449,212581.233170999,726.409762551135,-0.00230320647388054
9437,148103.628330157,205665.215608035,11620.356061808,-0.0308046051051732
9438,149795.184877552,210313.214552557,5280.80056989088,-0.0142397560317387
9439,162120.330114214,226712.394498366,-23443.5246125799,0.0618033980105136
9440,169480.348464734,235803.337168906,-39894.48563364,0.106433136260217
9441,159054.131838791,214465.684342886,-8130.61618167715,0.0244057719347183
9442,165550.03578089,226863.77012143,-27024.6059023208,0.0725383916626832
9443,157983.99449655,221958.67583731,-14553.4703338604,0.0379668789104001
9444,153469.991801485,212266.715788521,-347.507590006164,0.00148442687938898
9445,141762.257457187,215446.096510806,8180.8460320069,-0.0255953902046902
9446,138416.229551803,204814.781461687,22158.1889865101,-0.0616963762486074
9447,142508.991814261,207493.2940271,15386.9141586387,-0.0427826867930819
9448,142082.486910853,212037.601081907,11269.1120072397,-0.033114050974159
9449,141884.758795794,212956.838625066,10547.6025791398,-0.0323787000983256
9450,154416.193471719,214490.367978068,-3517.36144978745,0.0106013454013291
9451,158586.053923493,211299.945875394,-4496.79979888728,0.0142055904683184
9452,144078.563361451,210292.832283723,11017.8043548256,-0.031383615438281
9453,147893.433310579,208457.34800674,9038.41868268076,-0.0247260228139228
9454,175258.497910788,220459.271331662,-30328.5692424501,0.0865665639681346
9455,152483.522383435,211023.659585629,1882.01803093549,-0.00421661739453151
9456,144341.775572526,201254.361302529,19793.063124945,-0.0529399934620304
9457,161015.037394583,221375.71585154,-17001.5532461228,0.0467016898238157
9458,163879.673641857,219541.712057108,-18032.1856989657,0.0502230798385941
9459,157566.626166704,218736.216449154,-10913.6426158572,0.0292669153859777
9460,166058.407427794,217582.595621527,-18251.8030493206,0.0514965508511015
9461,153037.551475217,214878.129365327,-2526.48084054358,0.00722270690923422
9462,167362.970352866,218256.397343558,-20230.1676964243,0.0578424975365905
9463,147388.662566924,218172.646023875,-172.108590798802,-0.00283444178150371
9464,146969.406592397,207166.909537457,11252.8838701459,-0.0307215916751174
9465,147987.096129287,213297.16978227,4104.93408844259,-0.0127656795617038
9466,161395.779058943,216592.895562498,-12599.4746214409,0.0361164575442042
9467,162727.927689595,221458.127234733,-18796.8549243279,0.0517450644000316
9468,155184.151954213,213489.312956241,-3284.2649104541,0.00972872146020476
9469,130853.115148152,199236.654275528,35299.4305763207,-0.0983333377389739
9470,146598.784906626,209236.128876624,9554.28621674998,-0.0270001076816518
9471,136816.177003924,203785.737531607,24787.2854644693,-0.0693987621544461
9472,154780.881323868,212246.861925825,-1638.54324969335,0.00477037326073183
9473,151961.077212783,217736.044675391,-4307.92188817397,0.00914237209548625
9474,167265.186494994,220555.748546669,-22431.7350416625,0.062216454149287
9475,154396.295478444,211018.546955124,-25.6424335687188,0.00058619872327774
9476,151470.418180066,206313.378206065,7605.40361386916,-0.0193999942155033
9477,151767.720387692,212056.287611509,1565.19200079923,-0.00494558758863889
9478,144720.610945986,203344.588941663,17324.0001123507,-0.046242300687761
9479,166030.990958622,219845.004902997,-20486.7958616196,0.0573422711629951
9480,145881.110766718,212362.015113382,7146.07411990018,-0.0209046823194706
9481,158762.585166248,214655.168694218,-8028.5538604657,0.0230818307565058
9482,149253.11607697,214843.665487515,1292.41843551578,-0.00538908265115342
9483,142721.07879784,206021.654337716,16646.466864444,-0.0456529904275483
9484,162245.893044533,224661.022924717,-21517.7159692499,0.0578628203360831
9485,158604.078856518,218284.886589891,-11499.7654464093,0.0318958582849517
9486,155346.409196125,214004.195053482,-3961.404249607,0.0112713275854976
9487,143847.425168633,204467.425211845,17074.3496195227,-0.0459893581272592
9488,144977.967755784,206279.453470469,14131.7787737478,-0.0389024266213885
9489,147613.270624646,204042.017784267,13733.9115910874,-0.0362563790252429
9490,147993.477129872,209960.537858904,7435.18501122389,-0.0211433055193513
9491,147361.743058012,210202.662250332,7824.79469165619,-0.0217839521299925
9492,171956.602212323,221609.585964444,-28176.9881767663,0.0794669660831763
9493,159402.478660501,213892.593960241,-7905.87262074224,0.0233379634921866
9494,161583.688715773,221304.161065477,-17498.64978125,0.0473651242247767
9495,154595.083063636,215986.219640513,-5192.1027041495,0.0137650113198289
9496,166218.588989589,221327.55834866,-22156.9473382498,0.0617998150662968
9497,159694.834068626,216704.19401906,-11009.8280876862,0.0310495280924338
9498,146319.372867636,207004.907420743,12064.9197116212,-0.0322011172100292
9499,140888.95737899,202840.633109121,21659.6095118897,-0.0596901200108131
9500,151679.886861566,211464.637510958,2244.67562747566,-0.00578073622272462
9501,136599.150457823,200809.735224987,27980.3143171907,-0.0772444539956194
9502,145196.064934308,205765.525955188,14427.6091105041,-0.0392088774161089
9503,155401.565591301,215944.535329547,-5956.90092084813,0.0162618840472151
9504,146427.61609453,209150.523977021,9811.05992844986,-0.0265182967434388
9505,146315.083418442,204951.780356328,14122.3362252297,-0.0378818555609336
9506,165868.532941895,221105.668088902,-21585.0010307974,0.0599220156532164
9507,149420.617529701,208818.700962148,7149.88150815148,-0.0197548561545868
9508,133745.936839591,204232.121892566,27411.1412678431,-0.0770068721189155
9509,154227.360072331,212565.36395851,-1403.52403084078,0.00452853375417482
9510,140225.377912967,200158.934651146,25004.8874358871,-0.0678796549786456
9511,148594.920823245,214533.42511348,2260.85406327451,-0.0070521781745019
9512,143478.756139151,205926.268067496,15984.1757933533,-0.0441009023849531
9513,149702.572332033,211127.819296929,4558.808371038,-0.0120970143466873
9514,126979.336144074,201187.264621466,37222.59923446,-0.104089628655444
9515,149563.979212584,216289.263984497,-464.043197080842,-0.000149589343837099
9516,154171.387589628,207533.162542669,3684.64986770303,-0.00860919447516656
9517,147215.193310686,211732.435525624,6441.57116369013,-0.0189125692604372
9518,168870.7643581,221465.816857276,-24947.3812153759,0.0706050173023256
9519,154939.883253184,219109.171272395,-8659.85452557943,0.0226270710348644
9520,130931.018941112,196763.01863302,37695.1624258673,-0.103881574196194
9521,166720.325109447,216557.919074296,-17889.044183743,0.052024316554436
9522,140082.679114177,203789.08662745,21517.4342583732,-0.0591595035378947
9523,150257.138320112,211424.61464093,3707.44703895773,-0.0103456901379634
9524,141840.51373336,208322.532706949,15226.1535596903,-0.0433043653818431
9525,165733.469100587,219816.525256001,-20160.7943565873,0.0565466522230342
9526,162469.268059888,216721.945074029,-13802.0131339169,0.0397613829782683
9527,154602.481011212,211021.672949398,-234.953960609331,0.00220196716180662
9528,154937.470265597,211412.447392159,-960.717657756119,0.00399934762658555
9529,158612.06245574,210804.758940569,-4027.62139630842,0.0137595998486146
9530,153384.219426019,213792.571605632,-1787.5910316513,0.00541822719921097
9531,147261.069911306,206551.573373575,11576.5567151185,-0.0311604338452854
9532,148489.574291085,205555.354103988,11344.2716049265,-0.0304975769880563
9533,137485.181628761,207849.770815888,20054.2475553502,-0.058283600254541
9534,146871.839878922,208076.107221719,10441.2528993595,-0.0286410680086028
9535,143552.124906072,211031.89699862,10805.1780953076,-0.0313433528621017
9536,155207.270533042,211549.807631999,-1367.8781650418,0.00469838181358139
9537,166237.511641325,220178.187462088,-21026.4991034135,0.0591798758605377
9538,144870.902446795,219634.753759606,883.543793599529,-0.00729889745008537
9539,151937.304787287,212903.3091305,548.586082212452,-0.00223080358618073
9540,162354.600740005,215915.650232169,-12881.0509721746,0.0368054049051877
9541,150603.7051657,211390.094078345,3395.40075595502,-0.00908774666645978
9542,151750.696135269,213029.36067993,609.143184801389,-0.00206937741384234
9543,151299.397839139,216770.726891311,-2680.92473044986,0.00537508418297822
9544,144483.920897434,212270.834914927,8634.44418763882,-0.026090098463355
9545,143564.554496562,205229.323750053,16595.3217533853,-0.0453831975023608
9546,138921.944445729,205113.770605245,21353.4849490261,-0.0594904897017348
9547,144310.282187974,208908.644400516,12170.2734115099,-0.0343113709207256
9548,147448.925102389,213383.561559768,4556.71333784284,-0.0136400765225362
9549,170350.476078023,222168.064817136,-27129.3408951588,0.076870264802556
9550,156310.518934751,210002.144191391,-923.463126141753,0.00352228671963952
9551,152593.762006635,213653.281963302,-857.84396993788,0.00236597076011014
9552,142632.361542652,204026.750897498,18730.0875598504,-0.0513463083042268
9553,148062.357654262,208446.130591364,8880.71175437403,-0.0246344897661463
9554,144015.876955872,203208.974030982,18164.3490131457,-0.0488261248922321
9555,145384.432422369,207798.141091079,12206.6264865524,-0.0340669183542643
9556,167433.953837426,210152.852800694,-12197.6066381205,0.0377982111981336
9557,146161.670862791,209420.74783937,9806.78129783826,-0.0278483219743566
9558,144937.743354889,205973.003652328,14478.4529927835,-0.0399041700236238
9559,133763.718045914,198925.32303812,32700.1589159658,-0.0899485125601611
9560,171960.107744174,226500.428381584,-33071.3361257582,0.0910507977980519
9561,149566.54414385,205350.77498754,10471.8808686098,-0.0264709301436519
9562,156337.379742604,208413.611624063,638.208633332455,0.000160993882606458
9563,157686.103692643,224431.075896654,-16727.9795892968,0.0430376437397813
9564,168744.595133726,216937.664710286,-20293.0598440116,0.059126522206614
9565,150896.441945134,210286.072902565,4206.68515230127,-0.0116464933710725
9566,141992.982298468,198272.334411661,25123.8832898713,-0.0672986277336335
9567,148791.555296833,202892.526022655,13705.1186805121,-0.0356462170664824
9568,147368.745790491,207170.255607503,10850.1986020054,-0.0298611185369274
9569,145600.758235547,206565.198389302,13223.2433751508,-0.0364982895870036
9570,143778.718700459,213314.739766961,8295.74153258029,-0.0254952076211863
9571,148714.110189865,209970.238782557,6704.85102757817,-0.0191975747547154
9572,168629.068440681,225299.830913279,-28539.6993539597,0.0788443938830314
9573,146498.742064363,206646.780934476,12243.6770011612,-0.0330168898229138
9574,150894.763531896,214335.296315607,159.140152496169,-0.00169597124722526
9575,163195.633814207,214812.119020701,-12618.5528349079,0.0369094793508446
9576,141612.825154108,204633.182602478,19143.1922434141,-0.0528173669584861
9577,154057.33114904,206898.949654026,4432.91919693392,-0.00989476012410271
9578,154594.071156508,210729.101968651,66.0268748407834,0.00137822543868148
9579,147119.821701575,206744.53241122,11524.8458872047,-0.0311317935249847
9580,163973.880713512,222538.049370138,-21122.73008365,0.0573739757248949
9581,171959.884681382,219850.818651932,-26421.5033333137,0.0762654917158462
9582,148482.395048154,207155.972068482,9750.832883364,-0.0255090208086625
9583,134998.254149899,202851.815693728,27539.1301563728,-0.0765896091892447
9584,156863.422909798,209039.760434002,-513.983343799191,0.00388025316575515
9585,152910.834724122,213502.919108515,-1024.55383263627,0.0035307835042729
9586,146878.078056578,207728.17242403,10782.9495193921,-0.0286893620383624
9587,161062.618013769,220613.197396587,-16286.6154103552,0.0443531757529435
9588,151043.04093787,216636.176989507,-2290.01792737743,0.00458020507315129
9589,156388.551956322,211883.711186255,-2883.0631425766,0.00905290811356959
9590,154167.587847856,227415.06000771,-16193.4478555667,0.0403111480785757
9591,142428.68809924,209253.727036358,13706.7848644019,-0.0387495912705065
9592,149662.680854074,210324.36466176,5402.15448416583,-0.0145117505180095
9593,145510.689906136,205886.290698042,13992.2193958219,-0.0376846853267656
9594,137862.582639766,207992.630191174,19533.9871690599,-0.0564953830106658
9595,135223.017889543,198083.507105046,32082.6750054104,-0.0882812717437096
9596,156026.310620756,214661.563055551,-5298.67367630702,0.0150014352120113
9597,158014.751840531,217998.441392919,-10623.99323345,0.0283219630856199
9598,156523.215662294,209173.306380032,-307.322042325453,0.00301689146958408
9599,160197.369254163,221731.338121727,-16539.5073758894,0.0450531271168712
9600,156978.218475015,209790.146782562,-1379.16525757773,0.00647533131859189
9601,155857.463728495,212383.830360501,-2852.09408899542,0.00853850452135206
9602,172918.811829271,222784.620782162,-30314.2326114328,0.0849249574685389
9603,154478.787353767,219151.222197908,-8240.8095516747,0.0211808360676754
9604,148239.612517046,207752.653098318,9396.93438463629,-0.0251772999144527
9605,141565.734354983,210045.960012325,13777.5056326921,-0.039381922156033
9606,144761.039794207,208537.56815997,12090.5920458232,-0.0335735302147193
9607,150169.258458558,206545.497036803,8674.44450463867,-0.0223890511503002
9608,150786.207974765,213477.968839531,1125.02318570361,-0.0034651189097538
9609,151698.613903936,217192.008529834,-3501.4224337702,0.00843150896184457
9610,156392.421609398,211547.343090582,-2550.56469997932,0.00844305222840633
9611,140953.382185488,208638.222937591,15797.5948769216,-0.0457046766226609
9612,155038.066036903,229966.544974574,-19615.411011477,0.0483217935620493
9613,163926.907687557,216745.810995249,-15283.5186828055,0.043850151790387
9614,161238.80871007,213824.471528313,-9674.08023838326,0.0282526317987951
9615,153849.50230292,211369.160737914,170.536959165591,0.000425381553037613
9616,150934.405923989,215171.240456781,-716.446380769892,-0.000261203707891855
9617,144001.438797121,207576.863594206,13810.897608672,-0.0378091362012159
9618,148653.536452077,204964.639277145,11771.024270778,-0.0308099498446672
9619,125501.85543666,196542.774755199,43344.5698081419,-0.12080629099328
9620,159984.384487409,225155.457605408,-19750.6420928175,0.0515657358663918
9621,168288.777708332,226711.51509066,-29611.0927989918,0.0803899287077376
9622,165057.121547235,222408.945927223,-22076.8674744584,0.0611153185832184
9623,152640.343454332,211319.460170964,1429.39637470432,-0.00295473326861632
9624,162714.735706017,214089.894927809,-11415.4306338256,0.0334566626551556
9625,153649.937520019,214954.225891303,-3214.96341132181,0.00809241889955156
9626,148522.570222473,208643.24079229,8223.3889852367,-0.0221261038587695
9627,147672.883608282,215501.403633815,2214.9127579034,-0.00856088052422324
9628,153916.403334521,211486.749543759,-13.9528782794368,0.000730102631733776
9629,161225.739046287,211949.661386818,-7786.20043310517,0.0242469074535636
9630,171367.831594328,229010.863171092,-34989.4947654196,0.095145714170663
9631,136498.095268665,202985.716180868,25905.3885504668,-0.0728423106944774
9632,155844.148642677,217160.419888522,-7615.36853119923,0.0211213791416186
9633,170225.676623749,222640.243904397,-27476.7205281468,0.076915077403214
9634,151481.720778321,217140.524007389,-3233.04478570988,0.00715294808402783
9635,147609.2941117,207555.811917209,10224.093971091,-0.0273881083368898
9636,162516.256613358,212881.47475363,-10008.5313669883,0.0298078220058868
9637,157660.020311217,207203.473373682,525.706315101124,0.00158658296795441
9638,160563.388871192,212214.49441977,-7388.68329096196,0.0233254849091985
9639,144479.181043317,210225.280918236,10684.7380384466,-0.0305549246557358
9640,154804.024865436,214337.996339924,-3752.82120535924,0.0105105980628422
9641,174020.042809699,228164.006526424,-36794.8493361226,0.101992892002143
9642,166650.638481249,219876.901388947,-21138.3398701958,0.0596172626770974
9643,158322.550424604,222371.017961556,-15304.3683861594,0.0410160938997328
9644,159527.377486844,219623.749994054,-13761.9274808983,0.0368116493631786
9645,171526.836111181,228795.275300103,-34932.9114112836,0.0950271431562139
9646,146493.520031344,211540.37265909,7355.30730956601,-0.0212180589014921
9647,151685.089020091,211684.956066772,2019.15491313679,-0.00529864292561369
9648,134387.011940459,202331.503106372,28670.684953169,-0.08027434343166
9649,165043.168588542,225257.842374857,-24911.8109633995,0.0672170193838718
9650,156117.757617526,216416.634066653,-7145.19168417831,0.0193548899665861
9651,146901.677761113,210132.176960482,8355.3452784057,-0.0231640097148256
9652,143692.228770065,214212.650439547,7484.32079038763,-0.0235645894238847
9653,141327.455333539,204826.511053434,19235.2336130274,-0.0529335461714559
9654,163593.151595838,218960.695998459,-17164.6475942971,0.0472922695907401
9655,162139.05374362,218070.872084235,-14820.7258278547,0.0414223146813305
9656,154824.691460436,211931.048986629,-1366.54044706491,0.00525617696869308
9657,147022.651757316,205362.887598037,13003.6606446474,-0.0348754517635992
9658,151324.291252811,212790.255619707,1274.65312748152,-0.00468103415851332
9659,140328.613280151,207727.99788821,17332.5888316384,-0.0487897644356432
9660,166918.679588008,221583.740118775,-23113.2197067829,0.0638274524537279
9661,140461.168534297,199837.030316166,25091.0011495365,-0.0683321712549108
9662,153081.296559269,218160.120848688,-5852.21740795748,0.0150060128951172
9663,164772.067952902,216139.156656395,-15522.0246092969,0.0446321540731404
9664,148548.820157797,212661.16295409,4179.21688811266,-0.0124072713938717
9665,144928.273542204,207919.524633472,12541.4018243241,-0.0357945702368657
9666,149759.215323135,210749.447049672,4880.5376271932,-0.0130821125571988
9667,148619.738363872,214151.509527516,2617.95210861141,-0.008875695790142
9668,173666.616202305,225004.540035121,-33281.9562374252,0.0922047121637912
9669,146172.459379357,210646.782184357,8569.9584362855,-0.0248544053756788
9670,139768.458166932,199394.356398538,26226.38543453,-0.0709704530409024
9671,160690.417417646,221515.402034023,-16816.619451669,0.0457095636967035
9672,163780.103143985,215374.440104294,-13765.3432482784,0.0399335178976049
9673,143943.965774904,209030.460201437,12414.7740236589,-0.0352727534920108
9674,142472.044053456,209890.778366222,13026.3775803227,-0.0373165088004632
9675,160416.979726341,214233.082704185,-9260.862430526,0.0269386650258879
9676,150733.175352006,210267.725570006,4388.29907798773,-0.0122763286227774
9677,152346.749074203,216456.574871064,-3414.12394526706,0.00772824030036223
9678,160981.069627892,215245.489359622,-10837.3589875139,0.0310641010082012
9679,148071.386247197,213117.022951665,4200.79080113821,-0.012930013297814
9680,132812.734763382,200698.456149778,31878.00908684,-0.0887267216914984
9681,154987.459994056,212906.696437264,-2504.9564313204,0.00780160627810431
9682,149957.29365786,208218.107298306,7213.79904383403,-0.0193494683560995
9683,149902.187873535,207291.209867222,8195.80225924344,-0.0211587485207835
9684,165842.641359367,217234.406631732,-17687.8479910994,0.0502012623186014
9685,172202.587366892,216433.104299335,-23246.4916662274,0.0677247115299712
9686,160002.488348956,222609.006060685,-17222.2944096411,0.0459798395671593
9687,140013.694205771,202685.407038475,22690.0987557544,-0.0614503246108101
9688,171036.6363481,223134.331238096,-28781.767586196,0.0804513663896661
9689,145549.151050081,213142.887644823,6697.16130509594,-0.0205730213862325
9690,152836.299314918,210509.966786948,2042.9338981341,-0.00448702221339655
9691,163647.497299501,213951.624262284,-12209.9215617856,0.0356632245345763
9692,152580.276562923,212724.30054003,84.6228970473749,-0.000182173029577717
9693,154450.627438577,213769.117601071,-2830.54503964819,0.00769233017594588
9694,159513.547942334,220979.820415172,-15104.1683575058,0.0403284698195041
9695,158716.831258487,215037.258198406,-8364.88945689221,0.0234534587664159
9696,158442.361000186,219367.627706077,-12420.7887062625,0.0336163366250116
9697,143765.588646923,203578.048697965,18045.5626551122,-0.0484648585699336
9698,149959.197771193,208655.757885501,6774.24434330611,-0.0184371199966034
9699,147759.336111624,207960.830452188,9669.03343618795,-0.0253106940895572
9700,144681.563162741,212237.372538285,8470.26429897384,-0.0248933440859437
9701,156409.865179457,216196.402386288,-7217.06756574498,0.01960535520444
9702,131055.410432867,202912.447103017,31421.3424641156,-0.0894172195461852
9703,161124.377662965,217897.39607319,-13632.5737361551,0.0382301228253524
9704,166291.760486893,230296.893236139,-31199.4537230317,0.0836060575134044
9705,155072.224826642,216266.940625085,-5949.9654517264,0.0155515725686961
9706,157104.884829422,211909.676026569,-3625.36085599108,0.0116825962020885
9707,140755.797921161,208066.296538147,16567.1055406924,-0.0463532894121847
9708,145393.863793769,207753.974103716,12241.3621025151,-0.0337286369569148
9709,153954.788622089,213164.178385305,-1729.76700739429,0.0057476901859599
9710,165945.827168656,216238.401442118,-16795.0286107741,0.0480797251924093
9711,160452.859079456,218497.171008913,-13560.8300883689,0.0379031987805321
9712,148341.383742459,207913.357620084,9134.45863745705,-0.0243943765043968
9713,153011.295171802,221910.662028996,-9532.7572007975,0.0236486556264396
9714,154296.284399245,216646.622810649,-5553.70720989368,0.0138321311486051
9715,146912.497775503,210766.908326643,7709.79389785352,-0.0216655419321289
9716,159898.379474672,217728.4164813,-12237.5959559716,0.0341429272613958
9717,154641.457000353,221463.005602932,-10715.2626032852,0.0261661408690371
9718,166342.451905927,219130.347902623,-20083.5998085505,0.0570480721741752
9719,150085.163165258,210250.176873676,5053.85996106657,-0.0135191906251058
9720,156477.2019686,217158.266644796,-8246.26861339563,0.0227712541237854
9721,147423.596010063,213617.878588262,4347.72540167545,-0.012613907901928
9722,160313.475879075,222550.175509623,-17474.4513886974,0.0462570133348487
9723,152694.914657366,209506.799959552,3187.48538308224,-0.00737188521524423
9724,155600.450034645,210425.504490138,-636.754524782824,0.00348868807139165
9725,138365.971049875,200886.178049888,26137.0509002368,-0.0713514271234391
9726,135971.526029159,199366.106516063,30051.5674547777,-0.0823005113680398
9727,160703.381050494,210437.94121276,-5752.12226325407,0.0187874798489072
9728,162956.417101855,227386.440088806,-24953.6571906614,0.0661009399329846
9729,152253.915840382,210841.76617019,2293.51798942866,-0.00571328780251038
9730,143323.871146437,209291.731371525,12773.5974820381,-0.0369667648924696
9731,167511.783598979,231597.178602763,-33719.7622017424,0.0911327764356149
9732,143284.761047031,207363.682992991,14740.755959978,-0.0404914084873811
9733,151575.875807882,209937.785155946,3875.53903617203,-0.00924499362421652
9734,152215.804545479,213026.813852376,146.581602144928,-0.000716862310890413
9735,139804.183443344,210632.72384457,14952.2927120865,-0.0437875245463341
9736,151961.114147354,212068.40978798,1359.67606466572,-0.00385175771561557
9737,131666.169427737,199685.737832934,34037.2927393289,-0.094720520581102
9738,143730.500250882,209663.902833574,11994.796915544,-0.0342756423038299
9739,160561.615725472,209438.398911394,-4610.81463686581,0.0161890832051882
9740,156402.137311219,207051.334195303,1935.72849347827,-0.00315136524799353
9741,156531.238337577,210514.124746759,-1656.16308433568,0.00604534905397633
9742,158110.481153873,218137.866204223,-10859.1473580964,0.0287724514117673
9743,152895.683149074,214260.631583782,-1767.11473285593,0.00495936180922743
9744,139632.545417087,204301.944129869,21454.7104530442,-0.0598083905173618
9745,138352.25375596,205066.256535517,21970.6897085236,-0.0619020457075759
9746,152625.205730854,206394.828847236,6369.16542191064,-0.0161627349247701
9747,153962.760439266,220349.04764797,-8922.60808723612,0.0219720722863134
9748,142618.002371477,204042.761772273,18728.4358562501,-0.0508415774223347
9749,144765.884926823,203494.375574384,17128.9394987932,-0.0463634607821109
9750,152683.042222974,210347.469274343,2358.68850268365,-0.00475643736201161
9751,153370.72811617,206858.835737549,5159.63614628121,-0.0120299439908225
9752,152496.411611317,206800.187290996,6092.60109768767,-0.0145270834922944
9753,169163.757514147,217664.299102786,-21438.8566169332,0.0614098324537884
9754,164267.005351752,218381.271711611,-17259.0770633636,0.0484834074137118
9755,139771.549218079,202471.51329341,23146.1374885112,-0.0635098460642689
9756,141199.735069749,205077.981949763,19111.4829804879,-0.0530219942286793
9757,152007.046625051,202804.741915059,10577.4114598894,-0.0263014979870517
9758,168160.57160465,220164.039113067,-22935.4107177168,0.0641734229012092
9759,150440.347668032,201191.863236867,13756.9890951012,-0.0353534505030556
9760,158634.293857189,217956.77316274,-11201.867019929,0.0297910936285965
9761,155722.373748561,212192.041444219,-2525.21519278066,0.00750406102399479
9762,150396.981519061,215736.674376304,-744.455895365158,0.000266074695953537
9763,145549.496503784,206156.097114971,13683.6063812455,-0.037457781677005
9764,161957.064226721,215699.923185801,-12267.787412522,0.0347752280468107
9765,151279.580561548,214330.526604196,-220.907165743352,-0.000212745320835259
9766,146337.63520139,204928.139833367,14123.4249652437,-0.03829230519745
9767,148872.053047019,217047.16068509,-530.013732109393,-0.00157139481463959
9768,159984.260268966,216709.57706357,-11304.6373325359,0.0316499740564517
9769,136218.614615807,209839.568350482,19331.0170337113,-0.0562635635414664
9770,143738.384573883,214559.491792582,7091.32363353559,-0.0225812595582522
9771,147289.120120882,218057.959195527,42.1206835912308,-0.00303298271839863
9772,167932.351747013,229461.382871643,-32004.5346186561,0.0865840102587416
9773,140309.449309257,214500.58852747,10579.1621632735,-0.033407030571585
9774,168059.648662034,227221.683179924,-29892.131841958,0.0798644745931516
9775,148612.653868958,210001.469125759,6775.07700528298,-0.0183139481145009
9776,142906.202988301,207173.684984311,15309.3120273881,-0.0430444710294886
9777,170331.466904025,221224.84442673,-26167.1113307554,0.0735743072858286
9778,139272.914933347,202606.234568435,23510.050498218,-0.0647159209491304
9779,159389.2886117,222465.574322384,-16465.6629340845,0.0435002708680099
9780,146849.8297801,204712.247691962,13827.1225279383,-0.0367277995003055
9781,134602.735055509,206372.203760818,24414.2611836733,-0.0702789686483407
9782,165498.355162384,220445.482295303,-20554.6374576864,0.0575371064080272
9783,156124.543782707,208665.651253299,599.004963994201,-0.000858260992521317
9784,147699.669025451,215120.671820736,2568.85915381275,-0.00871752398795534
9785,138741.151910108,212590.786804843,14057.2612850493,-0.0423597200440766
9786,162729.708649891,221068.396534821,-18408.9051847122,0.0498183742893462
9787,143228.305536921,204031.950049018,18128.9444140611,-0.0497910933091892
9788,142958.785339748,210460.081016654,11970.3336435985,-0.035078263497437
9789,148276.366765917,209180.260685604,7932.57254847902,-0.0225321446404155
9790,144449.843075294,202362.024789756,18577.3321349505,-0.0502138840147923
9791,149537.607020957,209195.34205073,6656.25092831213,-0.0182697686224857
9792,149651.229454578,208750.888055995,6987.082489427,-0.0185302626598951
9793,156027.027052351,217899.699300954,-8537.52635330457,0.0228622016880732
9794,145655.616897353,206196.213382708,13537.3697199392,-0.0368620850801631
9795,155942.20478102,211961.433179967,-2514.43796098704,0.00810407158004164
9796,133496.920979413,201079.214892778,30813.064127809,-0.0856603384268768
9797,166387.715031224,219640.551717042,-20639.0667482661,0.0578270045706535
9798,147257.986004167,209282.388348634,8848.82564719877,-0.0247532804930016
9799,149643.606069146,209942.152219173,5803.44171168056,-0.0161728458681042
9800,148328.346617769,212629.583034822,4431.27034740982,-0.0134965873472557
9801,141156.712419143,206522.416358589,17710.0712222675,-0.0489688215682663
9802,152416.805412242,212405.694872789,566.699714968854,-0.00157208808719
9803,150793.540381708,208155.283274912,6440.37634338025,-0.0168689569328207
9804,149185.426603336,208262.536504523,7941.23689214134,-0.0208891041753388
9805,149830.721790028,209123.563735642,6434.91447433014,-0.0168847863114118
9806,151994.807447632,210752.661424175,2641.73112819291,-0.00700636182392816
9807,147236.158878982,209785.58586693,8367.45525408763,-0.0236226623157597
9808,134069.669787391,199108.097511404,32211.4327012054,-0.088478930209033
9809,152412.186859465,212572.840693414,404.172447121528,-0.00058501340026656
9810,143710.936636211,214187.204975598,7491.05838819087,-0.0244180395261805
9811,150792.923575978,207520.989693593,7075.28673042933,-0.0182566912850547
9812,145269.414547834,216680.748787318,3439.03666484827,-0.012733939244748
9813,145368.147685598,205128.521346123,14892.5309682791,-0.0402889156999508
9814,141789.641127913,201176.68575961,22422.8731124774,-0.0607906217042804
9815,175622.229289496,225451.462770696,-35684.4920601915,0.0992751898319086
9816,156597.9972009,218897.287238752,-10106.0844396524,0.0270130658241741
9817,161412.176479248,226420.595693404,-22443.5721726521,0.0599396431296245
9818,141666.286354297,199981.229272413,23741.6843732898,-0.0638281586045603
9819,154098.915669238,224679.040734665,-13388.756403903,0.032039830797253
9820,148659.699054714,211493.907624333,5235.59332095302,-0.0147620562651327
9821,143700.490565278,201453.831849921,20234.8775848004,-0.0542113600277473
9822,145703.183304846,211353.950693387,8332.0660017663,-0.0239120463544167
9823,157026.223302579,211632.939237862,-3269.96254044067,0.0109112240420957
9824,131840.231675538,195511.764716116,38037.2036083461,-0.104115804852719
9825,148391.969618595,204554.354171477,12442.8762099287,-0.0326179071548984
9826,157082.693035419,212128.072955682,-3821.56599110132,0.0112234100207573
9827,159085.397483511,221037.306788775,-14733.5042722863,0.0402282847654283
9828,172580.47205539,230755.18454689,-37946.45660228,0.103114873998556
9829,157320.368424242,218687.471229617,-10618.6396538588,0.0286407478128042
9830,155289.498907747,216619.184819078,-6519.48372682434,0.0174714584386489
9831,160605.56042667,221649.716213026,-16866.076639696,0.0452658096506966
9832,164103.911491979,219181.938236573,-17896.6497285519,0.0504526354542594
9833,160724.218534426,214817.924026101,-10152.9425605271,0.0289863375868076
9834,141526.682886524,205616.048240934,18246.4688725419,-0.0505114732198103
9835,163205.597624411,223833.60462704,-21650.0022514511,0.0591608811472712
9836,140063.703379843,200783.809012369,24541.6876077877,-0.0674395877545094
9837,140625.299017757,204513.098326603,20250.8026556395,-0.0560784623369832
9838,151806.301227016,206558.376200777,7024.52257220628,-0.0174541208254032
9839,150362.30319217,218425.871004823,-3398.97419699351,0.00706006659413705
9840,167516.870994137,214817.278749649,-16944.9497437856,0.0496062117228977
9841,159263.994005549,212582.205452211,-6456.99945775949,0.0195750467423159
9842,162186.841994689,227744.262208406,-24541.9042030953,0.06530393535232
9843,152908.712229779,218921.318402048,-6440.83063182706,0.0154285868596097
9844,156768.2866104,214620.150202869,-5999.2368132688,0.0173363959627446
9845,170945.221798837,223486.683495243,-29042.7052940799,0.0810143473095876
9846,161458.433100216,217376.604536975,-13445.837637191,0.0382031512040411
9847,152830.334047539,217325.49937467,-4766.63342220825,0.0121133054211109
9848,146567.125410229,209962.632609812,8859.44197995873,-0.0242129953810207
9849,147477.484698865,209011.883129007,8899.83217212744,-0.0250592192284957
9850,171477.095584406,225302.744414198,-31390.6399986046,0.0869601564382392
9851,150607.280308698,209007.526131937,5774.39355936501,-0.0156894940537764
9852,163635.074562206,216074.38754873,-14320.2621109362,0.0410395396110447
9853,134726.267327497,200265.007961965,30397.924710538,-0.0844437539423947
9854,156369.983996384,210254.789214856,-1235.57321123971,0.00537777496075653
9855,138407.538268257,208128.071359793,18853.5903719494,-0.0546964536675143
9856,161087.180977081,212299.504457746,-7997.48543482658,0.0246878857903461
9857,164131.35611216,213461.712530877,-12203.8686430366,0.0358206936769055
9858,171157.840338799,219863.29148073,-25631.9318195294,0.0730042742961685
9859,155837.882976912,211906.758396056,-2355.44137296797,0.0072764129922147
9860,151180.45339586,214041.704686246,167.041917894559,-0.00152436203555633
9861,146540.28457985,202765.697469306,16083.2179508437,-0.0422373236105928
9862,143061.443890081,203360.029902158,18967.7262077613,-0.0510715677413068
9863,154818.793266906,215121.163279048,-4550.75654595374,0.0124992236830724
9864,152155.381112554,211331.515345591,1902.30354185496,-0.00475971171480282
9865,172932.148444463,223126.651759022,-30669.6002034851,0.0856749775393169
9866,156797.015883865,224464.277097059,-15872.0929809239,0.0414772965973084
9867,143878.925270097,208970.463300437,12539.8114294662,-0.0353479690506059
9868,171759.92652207,223759.003667795,-30129.7301898651,0.0855302558052489
9869,139794.874287694,202318.134337036,23276.1913752702,-0.0637553446474914
9870,160474.26459422,214364.643035486,-9449.7076297052,0.0277541310726144
9871,165390.14172198,227974.747137755,-27975.6888597347,0.074662423219064
9872,131816.667624297,207381.943601555,26190.5887741475,-0.0760909613276837
9873,145642.584826217,211168.984663758,8577.63051002502,-0.0248942086289773
9874,148490.86096361,206575.43864122,10322.9003951705,-0.0276867400520946
9875,155592.050014159,213932.885550414,-4135.73556457373,0.0109380276480015
9876,152994.105705675,207562.123420322,4832.97087400284,-0.0115422468861161
9877,141149.351246717,203479.76262671,20760.0861265732,-0.0568628947692556
9878,150991.610835752,208505.77149195,5891.8176722987,-0.0156083095497662
9879,157575.296730889,220225.216834674,-12411.313565563,0.032848005520989
9880,163041.305513067,221502.303092929,-19154.4086059963,0.0519034547251293
9881,136262.032553111,205871.56339586,23255.604051029,-0.0661019191997695
9882,150410.192649359,216340.158595596,-1361.15124495543,0.00214399262975614
9883,152505.696695741,221192.189182568,-8308.68587830901,0.0195300722987706
9884,146846.259960631,205013.299233258,13529.6408061111,-0.0358422674364036
9885,153091.297616403,216313.610903556,-4015.70851995907,0.0101098965867998
9886,148647.756111722,214552.094569189,2189.34931908891,-0.00804812711628237
9887,160356.854051455,225243.862739882,-20211.5167913371,0.0531018870536994
9888,160306.896221702,214348.911698549,-9266.60792025027,0.0275286393773089
9889,141099.050748247,204887.597474919,19402.5517768341,-0.0531607196662016
9890,150383.710598339,210478.029276863,4527.46012479812,-0.0119402178873438
9891,148001.79840027,217094.26508986,293.136509869946,-0.00332768364070784
9892,163624.768852825,228639.004263175,-26874.5731159999,0.0710183329065888
9893,145830.537115343,219023.357719845,535.305164811783,-0.00535090529258046
9894,139686.561164315,207164.141163993,18538.4976716919,-0.0520128313803693
9895,158405.099817219,210761.710131254,-3777.60994847323,0.0122961543446636
9896,171930.135328854,220785.277094386,-27326.2124232395,0.0783110999374961
9897,167402.247981599,217137.839365458,-19150.8873470573,0.0543535630721784
9898,166426.597483846,219456.807062461,-20494.2045463065,0.0564718108334617
9899,179634.977097288,224035.460950359,-38281.2380476469,0.108292492314991
9900,173423.373282798,222684.314513242,-30718.48779604,0.0872045972066379
9901,158046.850665703,219429.428508654,-12087.0791743569,0.0325103972232498
9902,144479.302122317,206642.222375912,14267.675501771,-0.0387731128205631
9903,148478.106269025,215697.086363195,1214.00736777991,-0.00620502035297575
9904,150270.288130473,213265.272334329,1853.63953519828,-0.00600155234906498
9905,145572.575042069,207831.073611676,11985.5513462549,-0.0323949359249473
9906,162293.297031477,222526.600683387,-19430.6977148642,0.0519785232622522
9907,141162.579590866,202576.332933702,21650.287475432,-0.0595175017608203
9908,132477.921258963,198236.498577297,34674.7801637396,-0.0959118424106839
9909,153177.785950563,215918.459617372,-3707.04556793551,0.00907760777632741
9910,150613.751574892,208196.566420932,6578.88200417609,-0.0175012926579547
9911,142014.609138143,204736.337194845,18638.2536670118,-0.0520475517638692
9912,165053.378512712,218442.151718815,-18106.3302315271,0.0506638164005729
9913,146369.891200894,204559.69687796,14459.6119211463,-0.0386209297943299
9914,164080.828328815,213572.326863925,-12263.9551927401,0.0361819278906221
9915,142976.967160766,211309.476511775,11102.7563274587,-0.0325874421187313
9916,153353.290472351,212858.843721719,-822.934194069821,0.001493526963843
9917,150060.433168364,209717.629531382,5611.13730025402,-0.0153936794097028
9918,157257.825933742,212550.459555709,-4419.0854894509,0.0137605458469107
9919,164212.711194732,213739.452338819,-12562.963533551,0.0367230150677824
9920,147744.098682008,210132.443102648,7512.65821534419,-0.0213568550358128
9921,152070.339871353,213131.461189179,187.398939467559,-0.000834172246315115
9922,147160.232190385,211475.042088619,6753.92572099605,-0.0198343335148002
9923,131311.184011925,207411.146982057,26666.8690060178,-0.0780490921620136
9924,132474.953318522,207413.099211446,25501.1474700317,-0.0737307452077798
9925,161496.818595931,216958.632554314,-13066.2511502457,0.0367578692337871
9926,142434.845568875,198500.391378846,24453.9630522783,-0.0655048845555802
9927,142749.803656742,205084.164457589,17555.2318856693,-0.0490026883497077
9928,141255.081877482,212231.268146249,11902.8499762692,-0.0352897360418361
9929,161687.529723139,216424.677263425,-12723.0069865637,0.0359665305568638
9930,153832.35165314,215136.31016389,-3579.46181702946,0.00953363715680608
9931,152586.717431065,209279.303141686,3523.17942724895,-0.00839265361471011
9932,151984.970533307,216875.274072648,-3471.04460595519,0.0079167176718742
9933,160205.859862834,225378.140033049,-20194.7998958831,0.052513516097151
9934,141509.41323817,203371.191929889,20508.5948319404,-0.0565160721856663
9935,144021.878317732,203282.070535712,18085.2511465554,-0.0489882570888075
9936,153214.048312765,213304.167330757,-1129.0156435229,0.00285123630576436
9937,157571.943385114,217935.919828915,-10118.663214029,0.026575978008146
9938,165309.983712301,218670.833332101,-18591.6170444025,0.0531494071665828
9939,149539.688296004,216987.637639099,-1138.12593510281,3.077776639108e-05
9940,142295.280136746,209649.470185131,13444.4496781235,-0.038408153662025
9941,147802.162532504,209004.74366928,8582.29379821551,-0.0235304701316823
9942,148559.072218096,207674.049528564,9156.0782533398,-0.0247178055209727
9943,155379.123888221,216724.195709517,-6714.11959773814,0.0186096902067879
9944,159866.09164825,212739.140886853,-7216.03253510239,0.021806616278297
9945,147403.709720577,219738.578004572,-1753.08772514953,0.00113250938443944
9946,135399.868280535,202252.276904737,27737.0548147279,-0.076664852025643
9947,139914.822256333,199423.514195966,26050.8635477017,-0.070773921458143
9948,149916.220415483,209099.621551478,6373.35803303897,-0.0170190317360984
9949,147313.988679664,211137.315785063,6937.8955352722,-0.0196820812108279
9950,176369.358371116,230607.348710581,-41587.5070816973,0.114615809503726
9951,138673.274425273,203633.691232513,23082.2343422147,-0.0642929050873784
9952,164388.783469218,222088.593533445,-21088.1770026628,0.0587825535166431
9953,148923.973449644,202430.880703914,14034.3458464423,-0.036574373528262
9954,170555.25250759,223292.087109857,-28458.139617447,0.0797307465293882
9955,148014.048285174,207562.082605996,9813.06910882989,-0.0270347064190284
9956,155936.878149151,208891.676189127,560.645661721472,0.000597889624767285
9957,138116.68074508,212959.489872351,14313.0293825697,-0.0430759283304255
9958,150108.253114755,208295.152232899,6985.79465234629,-0.0183616518952567
9959,167687.036631074,221706.57649114,-24004.4131222147,0.0665091573460034
9960,154478.675969095,217663.201020944,-6752.67699003918,0.0177801818655479
9961,150669.979409441,211770.299837891,2948.92075266741,-0.00856905600390477
9962,136529.531170414,201108.234975736,27751.4338538502,-0.0760426964503176
9963,152813.477607272,222777.459425644,-10201.737032916,0.0242602098707685
9964,151315.776762397,210027.113092665,4046.31014493766,-0.0114124478674357
9965,151742.815861323,213670.842259281,-24.4581206038711,-0.000675732143460086
9966,164221.800142713,217806.682097845,-16639.2822405572,0.0477204615060964
9967,141824.463529068,203899.637194168,19665.0992767644,-0.0541176399226242
9968,147361.981026086,204667.494164605,13359.724809309,-0.0359113958053676
9969,152714.152113378,216946.959619082,-4271.91173246014,0.0110275123523772
9970,151496.922565047,218516.643304389,-4624.36586943571,0.0104393382556277
9971,169868.330362484,227336.756018502,-31815.8863809853,0.0865010774993093
9972,157109.707690548,216650.386111815,-8370.89380236232,0.0223778898915455
9973,166546.470848916,221823.249403303,-22980.5202522191,0.064755694359389
9974,163333.59696249,214499.027477173,-12443.4244396629,0.0360834630826487
9975,164610.80366063,215875.178366537,-15096.7820271667,0.0434010725147436
9976,134044.941041783,203772.15301098,27572.1059472375,-0.0784802034677093
9977,160718.619493522,220108.322025892,-15437.7415194141,0.0419999024020567
9978,133838.912735824,203509.564840496,28040.7224236808,-0.0796890312581152
9979,156521.712491307,213737.891954028,-4870.40444533463,0.0145745668849682
9980,154428.622118244,212456.82338718,-1496.24550542375,0.0047747289708437
9981,155117.88880858,215954.569259783,-5683.25806836301,0.015334543491533
9982,148272.569076238,207450.186866851,9666.44405691116,-0.0262651520466637
9983,141213.789195208,212789.749587777,11385.6612170151,-0.0345689302229473
9984,156498.877281131,216861.828481746,-7971.50576287723,0.0217297969061623
9985,137481.70704187,201701.459975554,26206.0329825768,-0.0721213243263938
9986,150728.791488563,234550.502308711,-19890.0937972735,0.045534595381972
9987,143289.707479198,212408.278679232,9691.21384157008,-0.0292411763196962
9988,164417.247819355,219830.396459904,-18858.4442792593,0.0526145539069326
9989,155340.60177863,213699.019133592,-3650.42091222206,0.010510613799091
9990,136061.056637678,198713.771511439,30614.3718508832,-0.0842889757710795
9991,161396.810170156,222168.818121757,-18176.4282919126,0.0500013387581191
9992,162420.365099367,224862.507371848,-21893.6724712148,0.0581187501757877
9993,133334.684746585,208507.68813076,23546.8271226548,-0.0680831407688154
9994,140652.425894785,205556.80219509,19179.9719101252,-0.053423487254715
9995,159748.420985451,215527.057220292,-9886.27820574312,0.0280077385041059
9996,134792.49147952,197975.299474771,32621.4090457083,-0.0887878343149104
9997,165085.584598163,220059.470433492,-19755.8550316554,0.0548007052021424
9998,144328.496134835,199557.125275096,21503.5785900689,-0.0571202246050388
9999,159556.745625174,220715.143750847,-14882.6893760212,0.0401706497769237
10000,137696.708270767,204654.171235945,23038.320493288,-0.0645105191633575
